order_id,date,region,state,store_id,customer_id,customer_segment,product_category,product_subcategory,units_sold,unit_price,discount,shipping_cost,payment_method,sales_channel,order_status
ORD-103626,2023-01-01,North,North Dakota,NO-02,CUST-01709,Consumer,Electronics,Smartphones,2,160.09,0.0,7.99,PayPal,Online,Completed
ORD-104129,2023-01-01,South,Florida,SO-03,CUST-01574,Consumer,Beauty & Health,Wellness,3,53.22,0.1,0.0,Credit Card,In-Store,Completed
ORD-102604,2023-01-01,South,Georgia,SO-02,CUST-00999,Consumer,Home Goods,Decor,3,244.06,0.25,0.0,Gift Card,In-Store,Completed
ORD-104151,2023-01-01,West,Oregon,WE-01,CUST-00033,Home Office,Home Goods,Furniture,7,296.57,0.2,0.0,Debit Card,In-Store,Cancelled
ORD-102902,2023-01-01,East,New York,EA-03,CUST-00999,Consumer,Electronics,Laptops,1,382.84,0.05,12.99,Credit Card,Online,Completed
ORD-104978,2023-01-01,South,Florida,SO-04,CUST-01604,Home Office,Home Goods,Decor,3,266.95,0.2,0.0,Credit Card,In-Store,Completed
ORD-104725,2023-01-01,North,Wisconsin,NO-04,CUST-01139,Consumer,Apparel,Accessories,3,93.9,0.25,0.0,Debit Card,In-Store,Completed
ORD-104776,2023-01-01,West,California,WE-01,CUST-00690,Consumer,Books,Non-Fiction,2,12.33,0.05,0.0,Cash,In-Store,Cancelled
ORD-102714,2023-01-02,East,Massachusetts,EA-03,CUST-00592,Consumer,Apparel,Women's Wear,2,29.58,0.0,0.0,PayPal,Online,Returned
ORD-103217,2023-01-02,Central,Ohio,CE-03,CUST-00346,Consumer,Electronics,Laptops,4,248.85,0.15,0.0,Debit Card,In-Store,Returned
ORD-102911,2023-01-02,Central,Illinois,CE-01,CUST-01424,Consumer,Electronics,Laptops,2,1120.77,0.0,0.0,Cash,In-Store,Completed
ORD-102327,2023-01-02,South,Florida,SO-02,CUST-00851,Consumer,Electronics,Headphones,3,402.25,0.0,4.99,Credit Card,Online,Completed
ORD-101921,2023-01-03,East,New York,EA-04,CUST-01163,Consumer,Home Goods,Decor,5,480.26,0.0,0.0,Cash,In-Store,Completed
ORD-102632,2023-01-04,West,Oregon,WE-03,CUST-01785,Consumer,Apparel,Kids' Wear,4,71.38,0.0,0.0,Credit Card,Online,Completed
ORD-102611,2023-01-04,East,New Jersey,EA-03,CUST-00934,Home Office,Sporting Goods,Fitness Equipment,3,261.95,0.05,0.0,Credit Card,In-Store,Completed
ORD-104411,2023-01-04,West,California,WE-01,CUST-00754,Corporate,Sporting Goods,Outdoor Gear,2,274.06,0.0,12.99,Credit Card,Online,Completed
ORD-100208,2023-01-05,North,Minnesota,NO-02,CUST-00664,Home Office,Books,Comics,2,30.48,0.0,0.0,Debit Card,Online,Completed
ORD-103317,2023-01-05,South,Texas,SO-03,CUST-01479,Consumer,Beauty & Health,Haircare,3,29.67,0.0,0.0,Debit Card,In-Store,Completed
ORD-100821,2023-01-05,North,Wisconsin,NO-05,CUST-00569,Consumer,Electronics,Cameras,2,313.27,0.05,4.99,Credit Card,Online,Completed
ORD-101901,2023-01-05,Central,Missouri,CE-01,CUST-01291,Consumer,Sporting Goods,Footwear,2,50.15,0.0,7.99,Credit Card,Online,Completed
ORD-101426,2023-01-05,North,Wisconsin,NO-03,CUST-00368,Home Office,Apparel,Accessories,5,55.33,0.0,7.99,Debit Card,Online,Completed
ORD-101168,2023-01-06,South,Georgia,SO-02,CUST-00672,Consumer,Apparel,Men's Wear,3,103.33,0.1,0.0,Credit Card,In-Store,Completed
ORD-100072,2023-01-06,North,Minnesota,NO-04,CUST-00577,Consumer,Home Goods,Decor,2,196.84,0.05,12.99,Credit Card,Online,Completed
ORD-103912,2023-01-06,North,Minnesota,NO-02,CUST-01025,Consumer,Home Goods,Storage,4,443.78,0.0,4.99,PayPal,Online,Returned
ORD-104900,2023-01-06,South,Florida,SO-02,CUST-00015,Corporate,Books,Non-Fiction,4,25.84,0.0,0.0,Credit Card,Online,Completed
ORD-105339,2023-01-06,North,Minnesota,NO-03,CUST-00675,Corporate,Books,Non-Fiction,3,14.72,0.2,0.0,PayPal,Online,Completed
ORD-102294,2023-01-06,North,Wisconsin,NO-01,CUST-01103,Consumer,Electronics,Smart Home,7,735.95,0.0,7.99,Credit Card,Online,Returned
ORD-101483,2023-01-06,East,New York,EA-03,CUST-00472,Home Office,Apparel,Accessories,3,38.74,0.15,12.99,Cash,Online,Completed
ORD-101515,2023-01-07,West,Oregon,WE-04,CUST-01129,Consumer,Electronics,Smart Home,4,294.7,0.05,0.0,Cash,In-Store,Completed
ORD-100128,2023-01-07,South,Texas,SO-01,CUST-00647,Consumer,Apparel,Accessories,2,39.36,0.15,0.0,PayPal,In-Store,Completed
ORD-105862,2023-01-07,West,Oregon,WE-05,CUST-00260,Corporate,Beauty & Health,Makeup,4,43.32,0.15,0.0,PayPal,In-Store,Completed
ORD-105947,2023-01-07,Central,Illinois,CE-01,CUST-01332,Home Office,Home Goods,Decor,2,257.78,0.0,7.99,Credit Card,Online,Returned
ORD-103744,2023-01-07,West,California,WE-01,CUST-01294,Corporate,Apparel,Footwear,3,63.79,0.1,0.0,Debit Card,In-Store,Completed
ORD-102295,2023-01-07,East,New Jersey,EA-02,CUST-00090,Consumer,Home Goods,Bedding,1,136.02,0.2,0.0,Credit Card,Online,Completed
ORD-105235,2023-01-07,East,New York,EA-01,CUST-00857,Consumer,Electronics,Laptops,5,660.41,0.1,0.0,PayPal,Online,Cancelled
ORD-104770,2023-01-07,South,Texas,SO-05,CUST-00242,Consumer,Beauty & Health,Haircare,5,29.68,0.15,4.99,Gift Card,Online,Completed
ORD-104503,2023-01-07,West,Washington,WE-03,CUST-00687,Consumer,Apparel,Women's Wear,4,150.0,0.0,12.99,PayPal,Online,Completed
ORD-102761,2023-01-08,West,Oregon,WE-02,CUST-01190,Consumer,Electronics,Laptops,2,432.02,0.0,12.99,Credit Card,Online,Completed
ORD-105383,2023-01-08,East,New Jersey,EA-05,CUST-00049,Consumer,Apparel,Kids' Wear,3,27.41,0.05,12.99,PayPal,Online,Completed
ORD-103098,2023-01-08,North,Minnesota,NO-03,CUST-00289,Consumer,Home Goods,Bedding,2,298.65,0.0,0.0,Credit Card,In-Store,Completed
ORD-103107,2023-01-08,South,Texas,SO-03,CUST-00505,Consumer,Beauty & Health,Wellness,3,53.54,0.1,7.99,Credit Card,Online,Completed
ORD-105857,2023-01-08,West,California,WE-04,CUST-00638,Consumer,Home Goods,Bedding,4,151.75,0.0,4.99,Credit Card,Online,Completed
ORD-102528,2023-01-08,West,Washington,WE-03,CUST-01782,Consumer,Home Goods,Storage,4,232.35,0.2,0.0,Credit Card,In-Store,Completed
ORD-103313,2023-01-08,Central,Missouri,CE-04,CUST-00487,Corporate,Apparel,Women's Wear,3,51.12,0.15,7.99,Credit Card,Online,Completed
ORD-102818,2023-01-08,West,Oregon,WE-01,CUST-01114,Consumer,Beauty & Health,Skincare,2,24.07,0.0,0.0,Credit Card,In-Store,Completed
ORD-104756,2023-01-09,East,Massachusetts,EA-02,CUST-00885,Consumer,Beauty & Health,Personal Care,2,39.41,0.0,0.0,Credit Card,In-Store,Completed
ORD-102692,2023-01-09,West,Oregon,WE-04,CUST-00499,Corporate,Home Goods,Furniture,2,211.1,0.25,0.0,Credit Card,In-Store,Completed
ORD-101283,2023-01-09,East,New Jersey,EA-02,CUST-01287,Consumer,Books,Comics,5,9.54,0.2,0.0,Debit Card,Online,Returned
ORD-103271,2023-01-09,South,Georgia,SO-01,CUST-01412,Consumer,Home Goods,Bedding,7,394.15,0.0,0.0,Credit Card,In-Store,Completed
ORD-101886,2023-01-09,North,Minnesota,NO-02,CUST-00750,Home Office,Apparel,Kids' Wear,2,44.1,0.05,7.99,PayPal,Online,Completed
ORD-100205,2023-01-09,South,Georgia,SO-02,CUST-00172,Corporate,Apparel,Kids' Wear,4,77.89,0.15,12.99,Credit Card,Online,Completed
ORD-105474,2023-01-09,Central,Missouri,CE-04,CUST-01743,Consumer,Beauty & Health,Haircare,3,68.93,0.0,0.0,PayPal,In-Store,Completed
ORD-104687,2023-01-10,Central,Missouri,CE-03,CUST-00648,Consumer,Books,Educational,2,15.58,0.05,0.0,Credit Card,In-Store,Completed
ORD-101743,2023-01-10,West,California,WE-02,CUST-01532,Consumer,Books,Educational,4,16.31,0.15,0.0,Credit Card,In-Store,Completed
ORD-105301,2023-01-10,West,Oregon,WE-01,CUST-01428,Consumer,Books,Children's,1,17.33,0.15,0.0,Credit Card,In-Store,Completed
ORD-100945,2023-01-10,Central,Illinois,CE-01,CUST-01037,Consumer,Home Goods,Decor,3,149.27,0.05,0.0,Credit Card,In-Store,Returned
ORD-103710,2023-01-10,North,North Dakota,NO-05,CUST-01710,Corporate,Sporting Goods,Footwear,3,149.8,0.0,0.0,Credit Card,In-Store,Completed
ORD-103782,2023-01-10,Central,Missouri,CE-05,CUST-01076,Corporate,Home Goods,Bedding,6,402.92,0.05,0.0,Cash,In-Store,Completed
ORD-102349,2023-01-10,South,Florida,SO-02,CUST-00658,Corporate,Apparel,Accessories,6,53.52,0.05,12.99,Debit Card,Online,Cancelled
ORD-100407,2023-01-10,South,Florida,SO-01,CUST-00940,Consumer,Books,Educational,2,18.13,0.1,0.0,Credit Card,Online,Completed
ORD-102817,2023-01-11,South,Florida,SO-04,CUST-01709,Consumer,Electronics,Laptops,4,382.41,0.0,7.99,Credit Card,Online,Completed
ORD-100470,2023-01-11,West,Washington,WE-04,CUST-01218,Home Office,Electronics,Laptops,3,820.7,0.0,7.99,Credit Card,Online,Completed
ORD-101264,2023-01-11,North,Minnesota,NO-02,CUST-01169,Consumer,Sporting Goods,Team Sports,5,71.17,0.0,0.0,Credit Card,Online,Completed
ORD-102977,2023-01-11,Central,Ohio,CE-03,CUST-01626,Consumer,Apparel,Men's Wear,4,43.61,0.05,7.99,Cash,Online,Completed
ORD-103007,2023-01-11,East,New Jersey,EA-01,CUST-00156,Corporate,Electronics,Smart Home,6,712.82,0.05,0.0,Credit Card,In-Store,Completed
ORD-101799,2023-01-11,Central,Illinois,CE-02,CUST-00378,Consumer,Home Goods,Bedding,2,243.05,0.0,7.99,Debit Card,Online,Completed
ORD-101752,2023-01-11,East,New York,EA-03,CUST-00515,Consumer,Sporting Goods,Team Sports,3,157.07,0.0,0.0,Debit Card,Online,Completed
ORD-102360,2023-01-11,South,Florida,SO-01,CUST-01087,Consumer,Apparel,Footwear,3,64.62,0.05,0.0,Gift Card,In-Store,Completed
ORD-103964,2023-01-11,North,Minnesota,NO-05,CUST-00715,Consumer,Home Goods,Decor,4,287.44,0.0,0.0,PayPal,In-Store,Returned
ORD-105069,2023-01-11,Central,Ohio,CE-02,CUST-00580,Corporate,Apparel,Men's Wear,6,39.08,0.0,0.0,Credit Card,In-Store,Completed
ORD-100456,2023-01-11,Central,Illinois,CE-04,CUST-01076,Corporate,Books,Comics,2,26.9,0.0,4.99,Debit Card,Online,Completed
ORD-100840,2023-01-12,East,New Jersey,EA-04,CUST-00354,Corporate,Books,Children's,2,11.87,0.25,0.0,Credit Card,Online,Completed
ORD-100898,2023-01-12,Central,Ohio,CE-04,CUST-01663,Home Office,Home Goods,Decor,3,284.58,0.2,0.0,PayPal,In-Store,Completed
ORD-104155,2023-01-12,West,Washington,WE-05,CUST-01326,Corporate,Electronics,Smartphones,1,401.54,0.05,4.99,PayPal,Online,Completed
ORD-102224,2023-01-12,South,Georgia,SO-04,CUST-00258,Consumer,Apparel,Men's Wear,5,53.44,0.15,0.0,Credit Card,Online,Completed
ORD-102131,2023-01-12,South,Texas,SO-04,CUST-00050,Corporate,Books,Non-Fiction,2,17.1,0.25,7.99,Debit Card,Online,Completed
ORD-104546,2023-01-13,Central,Missouri,CE-01,CUST-01289,Consumer,Apparel,Kids' Wear,2,54.37,0.15,0.0,Credit Card,Online,Completed
ORD-103117,2023-01-13,North,Minnesota,NO-05,CUST-01559,Consumer,Electronics,Cameras,4,234.63,0.0,0.0,Credit Card,Online,Completed
ORD-105990,2023-01-13,South,Texas,SO-01,CUST-00503,Home Office,Electronics,Laptops,6,384.15,0.05,0.0,Credit Card,In-Store,Completed
ORD-105985,2023-01-13,East,New Jersey,EA-05,CUST-00008,Corporate,Sporting Goods,Fitness Equipment,4,171.34,0.1,0.0,Credit Card,In-Store,Completed
ORD-104812,2023-01-13,East,New Jersey,EA-04,CUST-01551,Corporate,Apparel,Men's Wear,9,24.52,0.0,0.0,PayPal,In-Store,Completed
ORD-105346,2023-01-13,East,Massachusetts,EA-01,CUST-00654,Home Office,Sporting Goods,Cycling,6,171.46,0.15,7.99,Cash,Online,Completed
ORD-104096,2023-01-13,West,Washington,WE-03,CUST-01619,Consumer,Apparel,Men's Wear,1,25.38,0.0,4.99,Credit Card,Online,Completed
ORD-100332,2023-01-14,South,Georgia,SO-05,CUST-01678,Corporate,Electronics,Headphones,4,550.27,0.0,0.0,Credit Card,In-Store,Completed
ORD-103087,2023-01-14,East,New York,EA-02,CUST-00408,Consumer,Apparel,Men's Wear,6,61.01,0.0,0.0,Cash,Online,Completed
ORD-103066,2023-01-14,Central,Ohio,CE-01,CUST-00581,Corporate,Home Goods,Kitchenware,3,262.77,0.0,0.0,Credit Card,In-Store,Completed
ORD-100244,2023-01-14,South,Florida,SO-04,CUST-01301,Corporate,Home Goods,Storage,4,199.53,0.25,0.0,Credit Card,In-Store,Completed
ORD-102533,2023-01-14,West,Oregon,WE-04,CUST-01251,Corporate,Beauty & Health,Skincare,2,58.59,0.25,4.99,Debit Card,Online,Cancelled
ORD-102682,2023-01-14,West,California,WE-01,CUST-00233,Consumer,Beauty & Health,Makeup,2,59.37,0.0,0.0,Credit Card,In-Store,Completed
ORD-103419,2023-01-14,South,Texas,SO-05,CUST-01341,Consumer,Sporting Goods,Footwear,3,183.96,0.0,0.0,Credit Card,Online,Completed
ORD-100563,2023-01-14,Central,Ohio,CE-01,CUST-01487,Consumer,Apparel,Kids' Wear,3,150.0,0.0,4.99,PayPal,Online,Completed
ORD-103945,2023-01-15,West,Washington,WE-04,CUST-01338,Consumer,Apparel,Footwear,3,55.73,0.05,0.0,PayPal,Online,Cancelled
ORD-104055,2023-01-15,North,Wisconsin,NO-02,CUST-01030,Consumer,Apparel,Kids' Wear,2,50.62,0.25,0.0,Credit Card,In-Store,Completed
ORD-104135,2023-01-15,Central,Ohio,CE-02,CUST-00415,Consumer,Books,Fiction,2,17.78,0.25,0.0,Debit Card,Online,Completed
ORD-105843,2023-01-15,East,New Jersey,EA-02,CUST-00603,Consumer,Home Goods,Bedding,3,156.51,0.1,7.99,PayPal,Online,Completed
ORD-100171,2023-01-15,Central,Illinois,CE-02,CUST-00431,Home Office,Apparel,Women's Wear,4,49.43,0.05,4.99,Credit Card,Online,Completed
ORD-105133,2023-01-15,North,North Dakota,NO-05,CUST-00523,Consumer,Home Goods,Kitchenware,3,128.06,0.0,0.0,PayPal,Online,Completed
ORD-105784,2023-01-16,North,North Dakota,NO-04,CUST-01151,Corporate,Apparel,Women's Wear,4,45.74,0.0,0.0,PayPal,In-Store,Completed
ORD-105638,2023-01-16,North,Wisconsin,NO-04,CUST-01386,Corporate,Books,Fiction,2,11.63,0.15,0.0,Debit Card,In-Store,Completed
ORD-101073,2023-01-16,East,New York,EA-02,CUST-01285,Consumer,Beauty & Health,Skincare,4,39.37,0.0,0.0,PayPal,Online,Returned
ORD-105981,2023-01-16,South,Texas,SO-05,CUST-01762,Consumer,Apparel,Kids' Wear,2,102.42,0.25,7.99,PayPal,Online,Completed
ORD-102708,2023-01-16,North,Wisconsin,NO-03,CUST-00426,Corporate,Apparel,Footwear,3,25.66,0.25,0.0,Debit Card,In-Store,Completed
ORD-102703,2023-01-16,North,Wisconsin,NO-02,CUST-00885,Home Office,Home Goods,Kitchenware,4,341.62,0.1,7.99,Credit Card,Online,Completed
ORD-100371,2023-01-17,South,Texas,SO-05,CUST-01364,Consumer,Beauty & Health,Makeup,4,18.73,0.05,4.99,Credit Card,Online,Completed
ORD-100794,2023-01-17,Central,Missouri,CE-05,CUST-00179,Consumer,Apparel,Women's Wear,4,34.5,0.0,0.0,Credit Card,In-Store,Completed
ORD-100936,2023-01-17,East,Massachusetts,EA-05,CUST-00392,Consumer,Home Goods,Storage,5,518.83,0.05,4.99,Credit Card,Online,Cancelled
ORD-102212,2023-01-17,Central,Missouri,CE-04,CUST-01778,Consumer,Electronics,Cameras,6,230.93,0.0,0.0,Debit Card,In-Store,Completed
ORD-103263,2023-01-17,West,Oregon,WE-01,CUST-00830,Consumer,Apparel,Accessories,7,43.57,0.05,0.0,Debit Card,In-Store,Completed
ORD-101513,2023-01-17,West,California,WE-02,CUST-01412,Consumer,Sporting Goods,Fitness Equipment,3,95.19,0.1,4.99,Debit Card,Online,Completed
ORD-100882,2023-01-18,South,Texas,SO-05,CUST-00318,Consumer,Apparel,Women's Wear,2,57.97,0.25,0.0,Debit Card,In-Store,Completed
ORD-103223,2023-01-18,Central,Missouri,CE-05,CUST-00314,Corporate,Electronics,Smart Home,2,501.02,0.0,0.0,Credit Card,In-Store,Completed
ORD-103689,2023-01-18,Central,Illinois,CE-02,CUST-00522,Consumer,Beauty & Health,Skincare,3,40.95,0.0,0.0,Credit Card,In-Store,Completed
ORD-101746,2023-01-18,West,California,WE-02,CUST-00113,Corporate,Electronics,Cameras,3,325.87,0.2,12.99,PayPal,Online,Returned
ORD-102516,2023-01-18,West,California,WE-05,CUST-00786,Consumer,Electronics,Headphones,3,328.34,0.0,4.99,Credit Card,Online,Completed
ORD-102685,2023-01-18,North,Wisconsin,NO-04,CUST-00744,Corporate,Electronics,Smartphones,3,266.51,0.05,0.0,Debit Card,In-Store,Completed
ORD-103470,2023-01-18,North,Wisconsin,NO-04,CUST-00973,Corporate,Books,Educational,2,33.43,0.05,4.99,PayPal,Online,Returned
ORD-105942,2023-01-18,West,Washington,WE-05,CUST-00206,Consumer,Apparel,Kids' Wear,8,42.13,0.1,4.99,Debit Card,Online,Completed
ORD-101813,2023-01-19,West,Oregon,WE-02,CUST-00101,Consumer,Apparel,Accessories,7,47.38,0.0,4.99,Credit Card,Online,Returned
ORD-104234,2023-01-19,West,Oregon,WE-04,CUST-01020,Home Office,Sporting Goods,Fitness Equipment,6,151.61,0.0,0.0,Debit Card,Online,Completed
ORD-100640,2023-01-19,East,Massachusetts,EA-03,CUST-01070,Corporate,Apparel,Men's Wear,3,101.58,0.0,0.0,Gift Card,Online,Completed
ORD-100010,2023-01-19,East,Massachusetts,EA-03,CUST-01039,Consumer,Apparel,Women's Wear,5,40.27,0.0,7.99,Credit Card,Online,Completed
ORD-105858,2023-01-19,South,Texas,SO-03,CUST-00271,Corporate,Sporting Goods,Footwear,4,138.06,0.0,0.0,Credit Card,In-Store,Completed
ORD-104551,2023-01-19,South,Texas,SO-05,CUST-01190,Home Office,Sporting Goods,Outdoor Gear,1,85.67,0.05,0.0,Debit Card,In-Store,Completed
ORD-102018,2023-01-20,North,North Dakota,NO-05,CUST-00587,Consumer,Apparel,Footwear,4,28.46,0.0,0.0,Credit Card,Online,Returned
ORD-103161,2023-01-20,East,Massachusetts,EA-01,CUST-00256,Corporate,Beauty & Health,Personal Care,4,56.61,0.15,0.0,Credit Card,In-Store,Completed
ORD-105172,2023-01-20,South,Texas,SO-03,CUST-00536,Consumer,Beauty & Health,Skincare,2,30.61,0.1,0.0,Credit Card,In-Store,Completed
ORD-101049,2023-01-20,North,North Dakota,NO-02,CUST-00403,Corporate,Beauty & Health,Personal Care,3,45.0,0.2,0.0,PayPal,Online,Completed
ORD-105293,2023-01-20,North,Wisconsin,NO-05,CUST-00913,Home Office,Electronics,Laptops,5,185.36,0.0,0.0,Credit Card,In-Store,Completed
ORD-100377,2023-01-21,East,New York,EA-03,CUST-00156,Consumer,Apparel,Accessories,5,87.69,0.2,0.0,Debit Card,In-Store,Completed
ORD-103412,2023-01-21,East,New York,EA-04,CUST-00333,Consumer,Electronics,Cameras,4,510.74,0.0,0.0,PayPal,In-Store,Completed
ORD-104326,2023-01-21,South,Georgia,SO-04,CUST-00360,Corporate,Apparel,Footwear,1,44.0,0.15,4.99,Debit Card,Online,Returned
ORD-101202,2023-01-21,East,New York,EA-05,CUST-00495,Consumer,Apparel,Men's Wear,6,112.64,0.0,4.99,Debit Card,Online,Completed
ORD-104519,2023-01-21,North,North Dakota,NO-04,CUST-00039,Consumer,Apparel,Women's Wear,6,50.98,0.0,7.99,Credit Card,Online,Completed
ORD-100925,2023-01-21,West,California,WE-01,CUST-00117,Consumer,Home Goods,Furniture,5,127.71,0.05,4.99,Credit Card,Online,Completed
ORD-101047,2023-01-22,Central,Illinois,CE-01,CUST-00692,Home Office,Apparel,Footwear,1,92.12,0.15,7.99,Debit Card,Online,Completed
ORD-104507,2023-01-22,Central,Missouri,CE-04,CUST-00990,Consumer,Home Goods,Furniture,1,679.44,0.0,0.0,Debit Card,In-Store,Completed
ORD-101576,2023-01-22,Central,Missouri,CE-01,CUST-00608,Corporate,Sporting Goods,Fitness Equipment,3,457.32,0.0,0.0,Credit Card,In-Store,Completed
ORD-103950,2023-01-22,North,Minnesota,NO-01,CUST-00988,Consumer,Sporting Goods,Footwear,3,110.71,0.0,0.0,Debit Card,Online,Completed
ORD-101201,2023-01-22,North,Minnesota,NO-01,CUST-01706,Consumer,Electronics,Cameras,3,487.35,0.15,7.99,Debit Card,Online,Completed
ORD-100237,2023-01-22,West,California,WE-01,CUST-00209,Consumer,Apparel,Women's Wear,1,44.26,0.05,0.0,Credit Card,In-Store,Completed
ORD-104417,2023-01-22,Central,Missouri,CE-04,CUST-00751,Corporate,Apparel,Women's Wear,2,73.0,0.05,0.0,Credit Card,Online,Completed
ORD-102421,2023-01-22,North,Minnesota,NO-03,CUST-00764,Consumer,Books,Comics,1,16.71,0.2,4.99,PayPal,Online,Completed
ORD-101970,2023-01-22,South,Texas,SO-02,CUST-01288,Consumer,Home Goods,Furniture,6,299.36,0.0,0.0,PayPal,Online,Completed
ORD-102719,2023-01-22,Central,Ohio,CE-02,CUST-01517,Consumer,Electronics,Smartphones,5,387.27,0.2,7.99,Credit Card,Online,Completed
ORD-102975,2023-01-23,Central,Ohio,CE-01,CUST-01478,Corporate,Books,Comics,3,21.77,0.0,0.0,Debit Card,Online,Completed
ORD-100312,2023-01-23,South,Texas,SO-05,CUST-01643,Corporate,Home Goods,Storage,3,357.18,0.0,0.0,Credit Card,In-Store,Returned
ORD-102397,2023-01-23,Central,Illinois,CE-05,CUST-00587,Consumer,Home Goods,Bedding,4,350.44,0.0,0.0,Cash,Online,Completed
ORD-101502,2023-01-23,Central,Missouri,CE-03,CUST-00228,Corporate,Electronics,Smartphones,3,201.59,0.0,0.0,PayPal,In-Store,Completed
ORD-100098,2023-01-23,West,Oregon,WE-01,CUST-01697,Consumer,Apparel,Accessories,1,63.41,0.2,0.0,PayPal,In-Store,Completed
ORD-104888,2023-01-23,East,Massachusetts,EA-05,CUST-00480,Home Office,Electronics,Smartphones,7,156.66,0.15,12.99,Debit Card,Online,Completed
ORD-105565,2023-01-23,West,Washington,WE-02,CUST-00918,Consumer,Apparel,Accessories,2,65.56,0.05,0.0,Debit Card,In-Store,Completed
ORD-100874,2023-01-23,West,California,WE-04,CUST-01300,Home Office,Apparel,Accessories,2,42.4,0.1,0.0,Credit Card,Online,Cancelled
ORD-103668,2023-01-23,West,Washington,WE-01,CUST-00154,Home Office,Apparel,Men's Wear,2,33.67,0.1,4.99,PayPal,Online,Completed
ORD-104486,2023-01-23,South,Georgia,SO-05,CUST-00925,Home Office,Electronics,Smart Home,2,686.06,0.0,4.99,Gift Card,Online,Completed
ORD-101969,2023-01-24,East,New York,EA-04,CUST-01404,Consumer,Home Goods,Storage,3,556.09,0.0,0.0,PayPal,In-Store,Completed
ORD-100515,2023-01-24,South,Georgia,SO-04,CUST-01748,Consumer,Sporting Goods,Outdoor Gear,2,60.91,0.15,12.99,Credit Card,Online,Returned
ORD-105646,2023-01-24,North,Minnesota,NO-02,CUST-00924,Corporate,Apparel,Women's Wear,1,150.0,0.0,4.99,Credit Card,Online,Completed
ORD-101696,2023-01-24,North,Minnesota,NO-02,CUST-00954,Consumer,Electronics,Headphones,4,337.25,0.05,0.0,Credit Card,In-Store,Completed
ORD-103925,2023-01-24,South,Texas,SO-03,CUST-01261,Corporate,Beauty & Health,Personal Care,5,17.32,0.0,0.0,PayPal,In-Store,Completed
ORD-104196,2023-01-24,West,Oregon,WE-01,CUST-01068,Consumer,Books,Educational,3,7.87,0.0,0.0,Credit Card,Online,Completed
ORD-100901,2023-01-24,East,New York,EA-04,CUST-01518,Consumer,Electronics,Laptops,3,263.7,0.0,4.99,Cash,Online,Completed
ORD-100356,2023-01-24,West,Oregon,WE-03,CUST-00519,Consumer,Apparel,Accessories,2,50.31,0.05,4.99,Credit Card,Online,Completed
ORD-102080,2023-01-25,North,North Dakota,NO-03,CUST-00173,Consumer,Home Goods,Furniture,2,258.47,0.0,0.0,Cash,In-Store,Completed
ORD-105299,2023-01-25,Central,Missouri,CE-04,CUST-00878,Home Office,Home Goods,Kitchenware,4,234.99,0.0,0.0,Gift Card,In-Store,Completed
ORD-100878,2023-01-25,East,New York,EA-03,CUST-00498,Home Office,Apparel,Women's Wear,5,53.91,0.0,0.0,PayPal,In-Store,Completed
ORD-102413,2023-01-25,South,Florida,SO-01,CUST-01111,Consumer,Electronics,Smartphones,3,894.71,0.0,0.0,Credit Card,Online,Completed
ORD-104099,2023-01-26,West,California,WE-03,CUST-01449,Home Office,Apparel,Kids' Wear,3,84.55,0.15,12.99,Credit Card,Online,Completed
ORD-105774,2023-01-26,South,Georgia,SO-01,CUST-00847,Consumer,Apparel,Kids' Wear,4,59.58,0.15,0.0,PayPal,Online,Completed
ORD-103962,2023-01-26,West,Oregon,WE-03,CUST-01164,Home Office,Apparel,Women's Wear,5,37.68,0.05,0.0,PayPal,In-Store,Completed
ORD-100557,2023-01-27,West,Oregon,WE-02,CUST-00921,Corporate,Beauty & Health,Makeup,2,69.96,0.0,7.99,Debit Card,Online,Completed
ORD-102829,2023-01-27,East,New York,EA-01,CUST-00180,Consumer,Apparel,Kids' Wear,3,27.3,0.25,0.0,Gift Card,In-Store,Completed
ORD-101159,2023-01-27,North,Minnesota,NO-03,CUST-01644,Corporate,Electronics,Headphones,2,377.47,0.0,0.0,Cash,In-Store,Completed
ORD-103654,2023-01-28,West,California,WE-03,CUST-00430,Consumer,Electronics,Cameras,2,1066.12,0.0,7.99,Credit Card,Online,Completed
ORD-101454,2023-01-28,East,New Jersey,EA-01,CUST-01041,Consumer,Apparel,Footwear,6,30.98,0.0,4.99,Credit Card,Online,Completed
ORD-102418,2023-01-28,North,Wisconsin,NO-03,CUST-00596,Consumer,Books,Children's,9,32.19,0.1,0.0,PayPal,In-Store,Completed
ORD-105438,2023-01-28,East,Massachusetts,EA-01,CUST-00237,Consumer,Apparel,Footwear,2,60.96,0.1,7.99,Credit Card,Online,Completed
ORD-101435,2023-01-28,West,Oregon,WE-05,CUST-01572,Consumer,Beauty & Health,Makeup,3,32.02,0.0,0.0,Debit Card,In-Store,Completed
ORD-103695,2023-01-28,Central,Missouri,CE-01,CUST-00989,Consumer,Electronics,Cameras,3,356.66,0.0,0.0,PayPal,Online,Returned
ORD-100290,2023-01-28,Central,Illinois,CE-02,CUST-00834,Consumer,Electronics,Smart Home,6,325.63,0.0,0.0,PayPal,Online,Completed
ORD-101339,2023-01-28,West,Washington,WE-02,CUST-01129,Consumer,Books,Educational,2,18.08,0.0,4.99,Debit Card,Online,Completed
ORD-103503,2023-01-28,West,California,WE-01,CUST-00693,Consumer,Home Goods,Kitchenware,6,282.92,0.1,4.99,PayPal,Online,Completed
ORD-100974,2023-01-29,Central,Missouri,CE-03,CUST-00630,Corporate,Home Goods,Kitchenware,2,176.66,0.0,0.0,Gift Card,In-Store,Completed
ORD-101233,2023-01-29,Central,Illinois,CE-02,CUST-00209,Corporate,Apparel,Kids' Wear,3,32.62,0.0,0.0,Debit Card,Online,Completed
ORD-103382,2023-01-29,North,Minnesota,NO-05,CUST-01700,Corporate,Electronics,Laptops,4,368.15,0.05,0.0,Debit Card,In-Store,Completed
ORD-101300,2023-01-29,East,Massachusetts,EA-04,CUST-01038,Corporate,Apparel,Footwear,4,50.14,0.0,4.99,Credit Card,Online,Completed
ORD-100100,2023-01-29,Central,Illinois,CE-04,CUST-00930,Consumer,Sporting Goods,Footwear,2,109.15,0.05,0.0,Cash,In-Store,Completed
ORD-103488,2023-01-29,Central,Illinois,CE-05,CUST-01543,Consumer,Electronics,Smart Home,5,805.72,0.25,12.99,PayPal,Online,Completed
ORD-101288,2023-01-30,South,Texas,SO-01,CUST-00123,Consumer,Sporting Goods,Footwear,8,402.95,0.0,0.0,PayPal,Online,Completed
ORD-101247,2023-01-30,Central,Ohio,CE-05,CUST-01782,Home Office,Apparel,Footwear,2,38.42,0.1,0.0,PayPal,In-Store,Completed
ORD-103841,2023-01-30,Central,Illinois,CE-01,CUST-00033,Consumer,Electronics,Smartphones,3,188.21,0.05,0.0,PayPal,In-Store,Completed
ORD-103794,2023-01-30,North,North Dakota,NO-03,CUST-00164,Corporate,Sporting Goods,Cycling,2,158.04,0.0,0.0,Credit Card,In-Store,Completed
ORD-102182,2023-01-30,Central,Illinois,CE-04,CUST-00401,Home Office,Books,Educational,6,20.15,0.0,0.0,Credit Card,In-Store,Completed
ORD-105675,2023-01-31,North,Wisconsin,NO-01,CUST-01199,Consumer,Apparel,Footwear,5,29.01,0.1,0.0,Credit Card,In-Store,Completed
ORD-100042,2023-01-31,East,New Jersey,EA-02,CUST-00700,Home Office,Books,Educational,5,14.15,0.2,0.0,Debit Card,Online,Completed
ORD-105173,2023-01-31,West,Washington,WE-05,CUST-00844,Corporate,Apparel,Footwear,3,92.57,0.0,0.0,Gift Card,In-Store,Completed
ORD-102010,2023-01-31,North,Wisconsin,NO-04,CUST-00118,Corporate,Sporting Goods,Footwear,6,61.65,0.0,0.0,Credit Card,In-Store,Completed
ORD-103384,2023-01-31,North,North Dakota,NO-03,CUST-00244,Corporate,Apparel,Men's Wear,2,39.97,0.0,0.0,PayPal,In-Store,Completed
ORD-101019,2023-01-31,North,North Dakota,NO-03,CUST-01065,Consumer,Books,Children's,1,22.01,0.0,0.0,PayPal,In-Store,Completed
ORD-100764,2023-01-31,North,Minnesota,NO-05,CUST-01414,Corporate,Home Goods,Storage,4,381.09,0.0,4.99,Debit Card,Online,Completed
ORD-105525,2023-01-31,North,Wisconsin,NO-05,CUST-01287,Corporate,Electronics,Cameras,2,427.31,0.0,0.0,Credit Card,In-Store,Returned
ORD-104010,2023-02-01,South,Georgia,SO-04,CUST-00997,Corporate,Electronics,Headphones,5,253.19,0.2,0.0,Credit Card,Online,Completed
ORD-101903,2023-02-01,East,Massachusetts,EA-03,CUST-01217,Consumer,Home Goods,Furniture,2,279.87,0.1,0.0,Credit Card,In-Store,Completed
ORD-103663,2023-02-01,South,Texas,SO-01,CUST-00375,Corporate,Books,Comics,3,33.77,0.05,7.99,Cash,Online,Completed
ORD-102241,2023-02-01,North,Minnesota,NO-05,CUST-01732,Consumer,Sporting Goods,Fitness Equipment,5,227.96,0.2,0.0,Credit Card,Online,Completed
ORD-104742,2023-02-02,West,Oregon,WE-03,CUST-00884,Corporate,Electronics,Headphones,1,454.21,0.05,0.0,Gift Card,In-Store,Completed
ORD-101650,2023-02-02,West,Washington,WE-02,CUST-00017,Consumer,Apparel,Footwear,3,27.32,0.15,4.99,PayPal,Online,Completed
ORD-100285,2023-02-02,Central,Ohio,CE-05,CUST-00002,Corporate,Books,Comics,3,13.4,0.05,0.0,Credit Card,In-Store,Completed
ORD-102858,2023-02-02,North,North Dakota,NO-01,CUST-00365,Corporate,Apparel,Kids' Wear,1,79.63,0.0,0.0,Credit Card,Online,Completed
ORD-105090,2023-02-02,West,Washington,WE-01,CUST-00535,Consumer,Apparel,Accessories,3,37.18,0.15,4.99,Credit Card,Online,Completed
ORD-101030,2023-02-03,South,Texas,SO-04,CUST-00214,Consumer,Home Goods,Bedding,4,461.52,0.0,0.0,Credit Card,In-Store,Completed
ORD-100856,2023-02-03,South,Texas,SO-04,CUST-00732,Home Office,Electronics,Headphones,8,383.09,0.0,4.99,Debit Card,Online,Completed
ORD-100145,2023-02-03,Central,Missouri,CE-03,CUST-01584,Corporate,Electronics,Headphones,2,611.35,0.0,0.0,Credit Card,Online,Completed
ORD-100628,2023-02-03,East,New Jersey,EA-02,CUST-01561,Home Office,Electronics,Headphones,4,208.6,0.15,0.0,Debit Card,Online,Completed
ORD-100291,2023-02-03,Central,Ohio,CE-03,CUST-00792,Consumer,Electronics,Laptops,3,445.08,0.25,0.0,Credit Card,In-Store,Completed
ORD-101402,2023-02-03,West,Washington,WE-04,CUST-00239,Home Office,Books,Children's,4,9.73,0.0,7.99,PayPal,Online,Completed
ORD-102297,2023-02-03,Central,Ohio,CE-02,CUST-01700,Home Office,Home Goods,Storage,4,190.17,0.0,0.0,Credit Card,Online,Completed
ORD-105065,2023-02-03,West,Oregon,WE-03,CUST-00366,Corporate,Books,Fiction,3,27.98,0.0,0.0,Debit Card,In-Store,Completed
ORD-101780,2023-02-04,North,Wisconsin,NO-05,CUST-00692,Consumer,Electronics,Headphones,1,651.51,0.05,0.0,Credit Card,In-Store,Completed
ORD-105238,2023-02-04,West,Washington,WE-05,CUST-00596,Home Office,Home Goods,Furniture,2,77.63,0.0,0.0,Credit Card,Online,Completed
ORD-102899,2023-02-04,North,Minnesota,NO-01,CUST-00652,Corporate,Apparel,Accessories,4,27.77,0.1,0.0,Credit Card,Online,Completed
ORD-103910,2023-02-05,Central,Ohio,CE-04,CUST-01328,Corporate,Electronics,Smartphones,10,435.46,0.0,4.99,Credit Card,Online,Completed
ORD-105099,2023-02-05,North,Minnesota,NO-02,CUST-00233,Consumer,Beauty & Health,Skincare,4,35.99,0.0,0.0,Credit Card,In-Store,Completed
ORD-103637,2023-02-05,West,Oregon,WE-03,CUST-00160,Consumer,Electronics,Smartphones,3,777.28,0.05,0.0,PayPal,Online,Completed
ORD-101273,2023-02-05,South,Florida,SO-01,CUST-00176,Corporate,Sporting Goods,Cycling,6,227.64,0.0,4.99,PayPal,Online,Completed
ORD-105292,2023-02-05,East,New Jersey,EA-03,CUST-01487,Home Office,Books,Fiction,2,17.5,0.0,0.0,Credit Card,Online,Completed
ORD-103423,2023-02-05,East,Massachusetts,EA-04,CUST-01461,Consumer,Apparel,Accessories,2,77.9,0.25,0.0,Debit Card,In-Store,Completed
ORD-104747,2023-02-05,North,North Dakota,NO-01,CUST-00117,Consumer,Electronics,Smart Home,3,371.57,0.0,4.99,PayPal,Online,Completed
ORD-103959,2023-02-05,Central,Missouri,CE-03,CUST-00803,Corporate,Home Goods,Furniture,2,376.68,0.05,4.99,Credit Card,Online,Completed
ORD-104838,2023-02-05,South,Georgia,SO-02,CUST-00655,Corporate,Electronics,Laptops,2,891.95,0.1,0.0,PayPal,Online,Completed
ORD-103388,2023-02-05,West,Washington,WE-03,CUST-00677,Consumer,Apparel,Women's Wear,4,75.6,0.0,0.0,PayPal,In-Store,Completed
ORD-101349,2023-02-05,East,New York,EA-04,CUST-00964,Consumer,Apparel,Accessories,1,27.33,0.1,7.99,Credit Card,Online,Completed
ORD-104057,2023-02-05,West,California,WE-03,CUST-01644,Corporate,Beauty & Health,Personal Care,2,32.99,0.1,0.0,Credit Card,In-Store,Completed
ORD-105738,2023-02-05,West,California,WE-02,CUST-00481,Consumer,Books,Educational,4,23.78,0.0,0.0,Debit Card,In-Store,Completed
ORD-102417,2023-02-05,Central,Missouri,CE-02,CUST-00235,Corporate,Sporting Goods,Outdoor Gear,1,170.74,0.0,0.0,PayPal,Online,Completed
ORD-102467,2023-02-05,South,Texas,SO-03,CUST-01233,Consumer,Electronics,Smart Home,1,166.22,0.0,12.99,Cash,Online,Completed
ORD-101013,2023-02-05,East,New York,EA-04,CUST-01668,Corporate,Apparel,Kids' Wear,4,34.97,0.0,0.0,Credit Card,In-Store,Cancelled
ORD-102857,2023-02-05,Central,Ohio,CE-03,CUST-00567,Consumer,Home Goods,Storage,2,117.67,0.0,7.99,Cash,Online,Completed
ORD-104979,2023-02-05,East,Massachusetts,EA-03,CUST-01009,Consumer,Home Goods,Bedding,5,268.34,0.0,0.0,Credit Card,In-Store,Completed
ORD-105580,2023-02-05,South,Georgia,SO-03,CUST-00656,Consumer,Books,Children's,4,13.16,0.0,4.99,Debit Card,Online,Returned
ORD-101416,2023-02-05,East,New York,EA-05,CUST-01116,Corporate,Apparel,Accessories,4,58.52,0.0,0.0,Debit Card,In-Store,Completed
ORD-100610,2023-02-05,West,Oregon,WE-05,CUST-01628,Consumer,Apparel,Footwear,4,51.55,0.05,0.0,Credit Card,Online,Completed
ORD-105604,2023-02-05,South,Florida,SO-05,CUST-00892,Corporate,Beauty & Health,Makeup,3,60.71,0.2,0.0,Debit Card,In-Store,Completed
ORD-100335,2023-02-06,Central,Ohio,CE-04,CUST-00958,Consumer,Apparel,Men's Wear,3,74.87,0.05,0.0,Credit Card,In-Store,Cancelled
ORD-104317,2023-02-06,Central,Illinois,CE-02,CUST-01481,Consumer,Home Goods,Decor,4,366.55,0.0,0.0,Debit Card,In-Store,Completed
ORD-100599,2023-02-06,West,California,WE-01,CUST-00352,Home Office,Beauty & Health,Haircare,3,45.49,0.2,0.0,Debit Card,In-Store,Completed
ORD-105161,2023-02-06,Central,Missouri,CE-01,CUST-00426,Consumer,Sporting Goods,Team Sports,4,108.58,0.0,0.0,Credit Card,In-Store,Completed
ORD-103967,2023-02-06,West,Oregon,WE-03,CUST-00376,Consumer,Sporting Goods,Team Sports,7,141.26,0.0,0.0,Credit Card,In-Store,Completed
ORD-103409,2023-02-06,South,Florida,SO-04,CUST-01677,Consumer,Beauty & Health,Wellness,2,28.71,0.0,0.0,Credit Card,In-Store,Completed
ORD-100168,2023-02-06,South,Georgia,SO-02,CUST-01612,Consumer,Home Goods,Storage,2,228.98,0.0,0.0,Credit Card,Online,Completed
ORD-104216,2023-02-07,Central,Ohio,CE-02,CUST-01691,Consumer,Apparel,Women's Wear,2,54.99,0.0,12.99,Cash,Online,Completed
ORD-101072,2023-02-07,South,Texas,SO-02,CUST-00769,Corporate,Books,Children's,6,35.09,0.25,4.99,Credit Card,Online,Completed
ORD-101422,2023-02-07,North,Wisconsin,NO-05,CUST-00781,Consumer,Electronics,Smart Home,4,367.2,0.0,0.0,PayPal,In-Store,Completed
ORD-103874,2023-02-07,East,New Jersey,EA-01,CUST-00456,Consumer,Home Goods,Decor,7,191.07,0.0,0.0,Debit Card,In-Store,Returned
ORD-101794,2023-02-07,Central,Illinois,CE-04,CUST-00440,Consumer,Apparel,Women's Wear,3,35.65,0.0,4.99,PayPal,Online,Completed
ORD-102203,2023-02-07,Central,Missouri,CE-01,CUST-00211,Consumer,Home Goods,Storage,4,536.43,0.15,0.0,Debit Card,In-Store,Completed
ORD-101826,2023-02-07,East,New Jersey,EA-01,CUST-01225,Corporate,Home Goods,Kitchenware,1,488.74,0.0,0.0,PayPal,In-Store,Completed
ORD-105016,2023-02-07,North,Minnesota,NO-04,CUST-01287,Corporate,Beauty & Health,Wellness,2,53.42,0.0,0.0,Gift Card,Online,Completed
ORD-104843,2023-02-08,Central,Ohio,CE-04,CUST-00713,Consumer,Electronics,Cameras,2,702.11,0.1,4.99,PayPal,Online,Completed
ORD-101866,2023-02-08,North,North Dakota,NO-04,CUST-00850,Consumer,Apparel,Women's Wear,1,49.38,0.15,0.0,Cash,Online,Completed
ORD-102939,2023-02-08,South,Georgia,SO-05,CUST-00246,Home Office,Electronics,Headphones,4,173.47,0.0,7.99,Debit Card,Online,Returned
ORD-100472,2023-02-08,South,Florida,SO-04,CUST-00192,Consumer,Beauty & Health,Haircare,6,30.82,0.15,12.99,Credit Card,Online,Completed
ORD-102365,2023-02-09,West,California,WE-02,CUST-01498,Home Office,Home Goods,Storage,6,449.69,0.0,0.0,PayPal,In-Store,Completed
ORD-104389,2023-02-09,South,Florida,SO-02,CUST-01545,Consumer,Sporting Goods,Outdoor Gear,4,118.29,0.0,4.99,Credit Card,Online,Completed
ORD-102776,2023-02-09,Central,Illinois,CE-04,CUST-00968,Corporate,Apparel,Men's Wear,2,40.73,0.25,0.0,Debit Card,Online,Completed
ORD-101548,2023-02-09,East,Massachusetts,EA-03,CUST-00293,Home Office,Sporting Goods,Footwear,5,100.55,0.0,0.0,Credit Card,In-Store,Completed
ORD-105983,2023-02-10,East,New York,EA-01,CUST-01467,Consumer,Sporting Goods,Team Sports,4,268.07,0.0,7.99,Credit Card,Online,Completed
ORD-102837,2023-02-10,South,Georgia,SO-02,CUST-01376,Consumer,Apparel,Men's Wear,4,96.74,0.0,0.0,Credit Card,Online,Completed
ORD-100058,2023-02-10,South,Georgia,SO-02,CUST-01180,Corporate,Home Goods,Storage,2,153.45,0.0,4.99,Credit Card,Online,Completed
ORD-100514,2023-02-10,Central,Missouri,CE-01,CUST-00123,Corporate,Apparel,Kids' Wear,3,114.89,0.0,0.0,Debit Card,Online,Completed
ORD-104089,2023-02-10,North,Wisconsin,NO-01,CUST-00062,Consumer,Home Goods,Bedding,5,440.51,0.0,0.0,Debit Card,In-Store,Completed
ORD-105954,2023-02-10,East,New Jersey,EA-03,CUST-01356,Consumer,Electronics,Smartphones,5,346.29,0.25,0.0,Debit Card,In-Store,Completed
ORD-105094,2023-02-10,North,North Dakota,NO-05,CUST-01648,Corporate,Beauty & Health,Makeup,3,29.73,0.25,0.0,PayPal,Online,Completed
ORD-104393,2023-02-11,East,New York,EA-05,CUST-00404,Consumer,Home Goods,Furniture,6,186.43,0.0,0.0,Cash,In-Store,Completed
ORD-100029,2023-02-11,East,New Jersey,EA-03,CUST-00788,Corporate,Sporting Goods,Cycling,1,262.91,0.05,7.99,Cash,Online,Completed
ORD-100334,2023-02-11,North,Wisconsin,NO-02,CUST-01572,Consumer,Sporting Goods,Outdoor Gear,2,126.42,0.0,4.99,Cash,Online,Completed
ORD-101194,2023-02-11,East,New Jersey,EA-03,CUST-00295,Corporate,Books,Children's,4,42.95,0.25,0.0,Credit Card,Online,Completed
ORD-100347,2023-02-11,North,Wisconsin,NO-04,CUST-00625,Home Office,Sporting Goods,Team Sports,4,158.62,0.0,0.0,Cash,In-Store,Completed
ORD-102283,2023-02-11,Central,Illinois,CE-03,CUST-00256,Consumer,Apparel,Men's Wear,3,40.96,0.0,7.99,Credit Card,Online,Completed
ORD-100486,2023-02-11,West,Washington,WE-02,CUST-01687,Consumer,Electronics,Smartphones,5,301.15,0.15,0.0,Credit Card,Online,Completed
ORD-102606,2023-02-12,West,Washington,WE-05,CUST-00505,Home Office,Electronics,Laptops,3,259.44,0.05,0.0,Credit Card,Online,Returned
ORD-104676,2023-02-12,West,California,WE-02,CUST-00384,Corporate,Home Goods,Kitchenware,5,290.34,0.25,0.0,Credit Card,In-Store,Returned
ORD-100957,2023-02-12,Central,Missouri,CE-04,CUST-00731,Home Office,Apparel,Kids' Wear,1,23.86,0.0,0.0,Credit Card,In-Store,Completed
ORD-102231,2023-02-13,East,New Jersey,EA-04,CUST-00300,Consumer,Apparel,Men's Wear,6,76.57,0.05,4.99,Credit Card,Online,Completed
ORD-102644,2023-02-13,East,New Jersey,EA-01,CUST-01600,Home Office,Electronics,Smart Home,6,495.64,0.2,0.0,Gift Card,In-Store,Completed
ORD-105624,2023-02-13,East,New Jersey,EA-02,CUST-00614,Consumer,Sporting Goods,Outdoor Gear,3,121.15,0.25,0.0,Credit Card,In-Store,Completed
ORD-101465,2023-02-13,North,Wisconsin,NO-01,CUST-00605,Consumer,Apparel,Men's Wear,3,129.6,0.15,7.99,Debit Card,Online,Completed
ORD-104341,2023-02-13,North,Wisconsin,NO-05,CUST-01526,Consumer,Beauty & Health,Personal Care,6,31.05,0.0,7.99,Credit Card,Online,Completed
ORD-104387,2023-02-13,West,Oregon,WE-02,CUST-00634,Consumer,Home Goods,Bedding,4,446.25,0.1,0.0,Debit Card,In-Store,Completed
ORD-105639,2023-02-14,West,California,WE-02,CUST-01642,Consumer,Apparel,Accessories,2,18.28,0.0,0.0,Credit Card,In-Store,Completed
ORD-104563,2023-02-14,South,Texas,SO-01,CUST-00896,Corporate,Electronics,Smartphones,2,406.12,0.0,4.99,Debit Card,Online,Completed
ORD-104924,2023-02-14,North,Wisconsin,NO-02,CUST-01035,Corporate,Electronics,Smartphones,5,281.75,0.0,4.99,Credit Card,Online,Completed
ORD-103671,2023-02-14,West,Oregon,WE-04,CUST-00294,Consumer,Books,Children's,4,39.93,0.25,0.0,Credit Card,In-Store,Completed
ORD-105976,2023-02-14,Central,Ohio,CE-01,CUST-00559,Corporate,Books,Children's,3,32.6,0.15,0.0,Credit Card,In-Store,Completed
ORD-105414,2023-02-14,South,Florida,SO-04,CUST-00549,Consumer,Sporting Goods,Footwear,3,132.78,0.0,7.99,Debit Card,Online,Completed
ORD-105547,2023-02-14,East,Massachusetts,EA-02,CUST-00192,Consumer,Apparel,Women's Wear,7,79.31,0.1,4.99,Credit Card,Online,Completed
ORD-102562,2023-02-15,South,Georgia,SO-01,CUST-00112,Consumer,Apparel,Women's Wear,2,22.42,0.0,4.99,Debit Card,Online,Completed
ORD-102780,2023-02-15,North,Wisconsin,NO-04,CUST-01511,Consumer,Beauty & Health,Haircare,3,98.69,0.15,0.0,Credit Card,In-Store,Completed
ORD-105287,2023-02-15,West,Washington,WE-03,CUST-00039,Corporate,Electronics,Laptops,3,286.28,0.0,0.0,Credit Card,In-Store,Completed
ORD-104107,2023-02-15,East,New York,EA-01,CUST-00548,Consumer,Apparel,Accessories,3,32.53,0.2,4.99,PayPal,Online,Completed
ORD-103662,2023-02-15,East,New York,EA-03,CUST-00667,Consumer,Apparel,Accessories,4,70.3,0.2,0.0,PayPal,In-Store,Completed
ORD-103958,2023-02-15,North,Minnesota,NO-03,CUST-01032,Consumer,Books,Comics,2,15.88,0.0,4.99,Debit Card,Online,Completed
ORD-103978,2023-02-15,East,New York,EA-01,CUST-00349,Home Office,Sporting Goods,Outdoor Gear,4,214.76,0.0,0.0,PayPal,Online,Completed
ORD-103808,2023-02-15,West,California,WE-04,CUST-00574,Corporate,Books,Non-Fiction,3,8.28,0.0,0.0,Debit Card,In-Store,Completed
ORD-101302,2023-02-16,East,New Jersey,EA-05,CUST-01317,Consumer,Home Goods,Bedding,7,215.0,0.05,4.99,Gift Card,Online,Completed
ORD-100977,2023-02-16,North,Minnesota,NO-01,CUST-01375,Consumer,Apparel,Footwear,2,34.51,0.05,4.99,PayPal,Online,Completed
ORD-100148,2023-02-16,West,California,WE-03,CUST-00480,Consumer,Home Goods,Furniture,4,276.33,0.0,4.99,PayPal,Online,Completed
ORD-102064,2023-02-16,Central,Missouri,CE-01,CUST-01016,Corporate,Apparel,Kids' Wear,3,119.66,0.0,0.0,Credit Card,In-Store,Completed
ORD-102329,2023-02-16,West,California,WE-04,CUST-01739,Home Office,Electronics,Smart Home,2,519.86,0.25,0.0,Credit Card,Online,Completed
ORD-105413,2023-02-16,South,Georgia,SO-03,CUST-00688,Consumer,Beauty & Health,Skincare,4,28.81,0.0,4.99,Debit Card,Online,Completed
ORD-104951,2023-02-16,West,Oregon,WE-05,CUST-00657,Consumer,Home Goods,Furniture,2,157.9,0.0,0.0,Debit Card,Online,Completed
ORD-102986,2023-02-16,East,New York,EA-03,CUST-01772,Home Office,Books,Children's,6,41.96,0.0,0.0,Debit Card,In-Store,Completed
ORD-100701,2023-02-16,South,Florida,SO-04,CUST-01558,Consumer,Home Goods,Kitchenware,3,148.15,0.0,12.99,Cash,Online,Completed
ORD-103009,2023-02-16,East,New Jersey,EA-01,CUST-00844,Corporate,Books,Comics,6,32.56,0.0,0.0,Credit Card,Online,Completed
ORD-105501,2023-02-16,Central,Ohio,CE-01,CUST-00766,Corporate,Beauty & Health,Makeup,7,59.6,0.0,7.99,Debit Card,Online,Completed
ORD-104372,2023-02-16,Central,Ohio,CE-01,CUST-00110,Corporate,Apparel,Men's Wear,2,88.83,0.0,4.99,Gift Card,Online,Completed
ORD-103993,2023-02-16,East,Massachusetts,EA-05,CUST-00738,Consumer,Apparel,Accessories,2,33.36,0.05,0.0,Credit Card,Online,Completed
ORD-100300,2023-02-16,North,Wisconsin,NO-03,CUST-00967,Home Office,Apparel,Women's Wear,3,99.37,0.15,0.0,Credit Card,In-Store,Completed
ORD-103487,2023-02-16,East,New York,EA-02,CUST-00282,Consumer,Books,Children's,3,21.98,0.0,0.0,Debit Card,In-Store,Completed
ORD-102023,2023-02-17,West,California,WE-03,CUST-00408,Consumer,Apparel,Kids' Wear,4,67.87,0.0,0.0,Credit Card,In-Store,Completed
ORD-105027,2023-02-17,East,New Jersey,EA-02,CUST-00023,Home Office,Books,Fiction,3,19.5,0.0,7.99,Debit Card,Online,Returned
ORD-105091,2023-02-17,North,North Dakota,NO-02,CUST-01431,Consumer,Sporting Goods,Cycling,5,229.78,0.25,0.0,Credit Card,In-Store,Completed
ORD-103809,2023-02-17,South,Texas,SO-01,CUST-00239,Home Office,Electronics,Smart Home,3,297.61,0.0,0.0,Debit Card,In-Store,Returned
ORD-102653,2023-02-17,North,Minnesota,NO-02,CUST-00302,Consumer,Apparel,Men's Wear,2,60.79,0.0,0.0,Debit Card,In-Store,Completed
ORD-104745,2023-02-18,West,Oregon,WE-04,CUST-00417,Consumer,Beauty & Health,Personal Care,2,19.61,0.15,4.99,Credit Card,Online,Completed
ORD-102601,2023-02-18,West,Washington,WE-04,CUST-00567,Consumer,Home Goods,Decor,5,185.94,0.05,0.0,PayPal,In-Store,Completed
ORD-104650,2023-02-18,West,Washington,WE-02,CUST-01000,Consumer,Home Goods,Bedding,6,225.14,0.0,4.99,Credit Card,Online,Completed
ORD-103449,2023-02-18,West,Washington,WE-05,CUST-00082,Corporate,Apparel,Footwear,3,18.24,0.0,12.99,Credit Card,Online,Completed
ORD-105324,2023-02-19,Central,Missouri,CE-03,CUST-01684,Corporate,Electronics,Headphones,5,227.67,0.25,0.0,Credit Card,Online,Returned
ORD-105263,2023-02-19,East,New York,EA-05,CUST-00056,Corporate,Beauty & Health,Personal Care,4,45.73,0.15,4.99,Gift Card,Online,Completed
ORD-104335,2023-02-19,Central,Ohio,CE-02,CUST-01561,Consumer,Beauty & Health,Wellness,2,41.81,0.05,0.0,PayPal,Online,Completed
ORD-105585,2023-02-19,Central,Ohio,CE-01,CUST-01179,Consumer,Home Goods,Kitchenware,3,535.19,0.1,7.99,Credit Card,Online,Completed
ORD-102905,2023-02-19,West,California,WE-03,CUST-01543,Corporate,Apparel,Women's Wear,2,22.87,0.0,12.99,Cash,Online,Returned
ORD-104721,2023-02-19,Central,Ohio,CE-05,CUST-01189,Consumer,Electronics,Smartphones,3,1034.12,0.0,0.0,Credit Card,Online,Completed
ORD-100818,2023-02-19,West,California,WE-05,CUST-01665,Home Office,Beauty & Health,Makeup,5,57.4,0.1,4.99,Credit Card,Online,Cancelled
ORD-103743,2023-02-19,West,California,WE-01,CUST-00126,Home Office,Electronics,Laptops,3,469.9,0.05,0.0,Credit Card,In-Store,Completed
ORD-104009,2023-02-20,South,Georgia,SO-01,CUST-00578,Home Office,Apparel,Men's Wear,3,34.16,0.1,4.99,Credit Card,Online,Completed
ORD-103164,2023-02-20,North,Wisconsin,NO-05,CUST-00021,Consumer,Home Goods,Decor,3,216.24,0.2,4.99,PayPal,Online,Completed
ORD-103024,2023-02-20,North,Minnesota,NO-01,CUST-01219,Home Office,Apparel,Men's Wear,4,72.89,0.15,12.99,Gift Card,Online,Completed
ORD-105815,2023-02-20,Central,Missouri,CE-01,CUST-01578,Consumer,Apparel,Footwear,5,30.02,0.0,0.0,Credit Card,In-Store,Completed
ORD-105668,2023-02-20,East,New York,EA-01,CUST-00179,Corporate,Apparel,Kids' Wear,6,53.57,0.05,0.0,Credit Card,In-Store,Completed
ORD-105122,2023-02-20,South,Texas,SO-05,CUST-01613,Corporate,Apparel,Men's Wear,4,49.16,0.15,12.99,Credit Card,Online,Completed
ORD-104891,2023-02-20,West,Washington,WE-04,CUST-00696,Home Office,Apparel,Accessories,3,147.68,0.25,4.99,Credit Card,Online,Completed
ORD-100528,2023-02-20,West,Washington,WE-01,CUST-00727,Consumer,Electronics,Smartphones,4,395.01,0.0,0.0,Credit Card,Online,Completed
ORD-100458,2023-02-20,Central,Missouri,CE-04,CUST-01121,Consumer,Apparel,Accessories,6,116.66,0.05,0.0,PayPal,Online,Completed
ORD-102448,2023-02-21,West,California,WE-05,CUST-01527,Consumer,Beauty & Health,Haircare,3,120.0,0.0,0.0,Debit Card,In-Store,Completed
ORD-104209,2023-02-21,Central,Ohio,CE-03,CUST-00665,Home Office,Books,Comics,4,27.8,0.1,0.0,Credit Card,In-Store,Completed
ORD-100424,2023-02-21,North,Minnesota,NO-03,CUST-00241,Consumer,Beauty & Health,Wellness,5,51.92,0.25,0.0,PayPal,In-Store,Completed
ORD-101413,2023-02-21,East,New York,EA-02,CUST-00344,Consumer,Sporting Goods,Team Sports,4,157.91,0.0,0.0,PayPal,Online,Completed
ORD-101998,2023-02-21,West,California,WE-05,CUST-00190,Consumer,Apparel,Kids' Wear,3,41.33,0.0,0.0,Credit Card,In-Store,Cancelled
ORD-104236,2023-02-21,South,Georgia,SO-04,CUST-00852,Consumer,Electronics,Smart Home,4,218.99,0.0,0.0,Credit Card,In-Store,Completed
ORD-105635,2023-02-21,Central,Ohio,CE-03,CUST-01054,Corporate,Beauty & Health,Wellness,3,50.13,0.05,0.0,Gift Card,Online,Returned
ORD-105225,2023-02-21,North,Wisconsin,NO-05,CUST-00110,Consumer,Home Goods,Storage,4,238.3,0.0,7.99,PayPal,Online,Completed
ORD-103562,2023-02-21,West,Washington,WE-04,CUST-00606,Consumer,Apparel,Men's Wear,3,28.68,0.05,0.0,Debit Card,In-Store,Completed
ORD-101716,2023-02-22,Central,Ohio,CE-04,CUST-00477,Corporate,Electronics,Smart Home,3,949.02,0.05,0.0,Debit Card,In-Store,Completed
ORD-102677,2023-02-22,North,Wisconsin,NO-03,CUST-00607,Consumer,Books,Children's,3,38.96,0.05,4.99,Credit Card,Online,Completed
ORD-105219,2023-02-22,South,Texas,SO-03,CUST-00391,Corporate,Apparel,Accessories,4,47.94,0.1,0.0,Debit Card,In-Store,Completed
ORD-104283,2023-02-22,North,North Dakota,NO-05,CUST-00576,Consumer,Sporting Goods,Fitness Equipment,3,224.73,0.0,0.0,Debit Card,In-Store,Completed
ORD-102732,2023-02-22,West,California,WE-04,CUST-01339,Corporate,Books,Non-Fiction,4,14.24,0.0,12.99,Credit Card,Online,Completed
ORD-101100,2023-02-22,Central,Illinois,CE-05,CUST-00723,Corporate,Electronics,Smart Home,1,584.67,0.0,12.99,Gift Card,Online,Completed
ORD-103233,2023-02-22,South,Georgia,SO-02,CUST-01091,Consumer,Books,Educational,4,11.63,0.15,4.99,Gift Card,Online,Completed
ORD-101940,2023-02-22,Central,Illinois,CE-03,CUST-00605,Corporate,Sporting Goods,Cycling,5,187.58,0.0,0.0,PayPal,In-Store,Completed
ORD-101714,2023-02-22,South,Texas,SO-04,CUST-00983,Corporate,Electronics,Smartphones,3,262.86,0.0,0.0,Credit Card,Online,Completed
ORD-100006,2023-02-22,North,Minnesota,NO-05,CUST-01050,Corporate,Apparel,Kids' Wear,2,36.86,0.0,7.99,Debit Card,Online,Completed
ORD-102331,2023-02-23,South,Texas,SO-02,CUST-00495,Consumer,Electronics,Cameras,1,538.83,0.2,7.99,Gift Card,Online,Completed
ORD-104360,2023-02-23,West,Oregon,WE-03,CUST-00073,Consumer,Electronics,Smart Home,2,267.81,0.0,4.99,Debit Card,Online,Completed
ORD-104455,2023-02-23,North,North Dakota,NO-04,CUST-01197,Consumer,Apparel,Men's Wear,2,25.14,0.0,4.99,Debit Card,Online,Completed
ORD-101621,2023-02-24,South,Texas,SO-04,CUST-00827,Consumer,Home Goods,Furniture,6,289.05,0.0,4.99,Debit Card,Online,Completed
ORD-104792,2023-02-24,West,Washington,WE-01,CUST-01385,Home Office,Apparel,Men's Wear,2,48.84,0.15,7.99,PayPal,Online,Completed
ORD-101319,2023-02-24,Central,Ohio,CE-04,CUST-00757,Corporate,Electronics,Cameras,2,578.14,0.0,0.0,PayPal,Online,Completed
ORD-101520,2023-02-24,East,Massachusetts,EA-03,CUST-00376,Home Office,Apparel,Footwear,3,69.92,0.05,0.0,Debit Card,In-Store,Completed
ORD-104085,2023-02-24,South,Georgia,SO-05,CUST-01030,Consumer,Apparel,Men's Wear,3,79.2,0.25,0.0,PayPal,In-Store,Completed
ORD-103726,2023-02-25,South,Georgia,SO-04,CUST-00671,Consumer,Apparel,Men's Wear,4,20.35,0.05,0.0,Credit Card,In-Store,Completed
ORD-105472,2023-02-25,South,Florida,SO-02,CUST-01500,Home Office,Apparel,Footwear,5,32.53,0.1,0.0,PayPal,Online,Completed
ORD-100616,2023-02-25,East,New Jersey,EA-02,CUST-01306,Home Office,Home Goods,Storage,3,118.33,0.0,0.0,PayPal,Online,Completed
ORD-101711,2023-02-25,Central,Ohio,CE-05,CUST-00641,Home Office,Beauty & Health,Makeup,4,65.94,0.0,12.99,Credit Card,Online,Completed
ORD-104251,2023-02-25,North,Minnesota,NO-05,CUST-01775,Consumer,Apparel,Footwear,5,54.72,0.0,4.99,PayPal,Online,Completed
ORD-104380,2023-02-25,West,Oregon,WE-05,CUST-00072,Consumer,Electronics,Laptops,1,544.58,0.0,0.0,Credit Card,In-Store,Completed
ORD-105087,2023-02-25,South,Texas,SO-04,CUST-00462,Consumer,Beauty & Health,Makeup,2,50.04,0.0,7.99,Cash,Online,Completed
ORD-104267,2023-02-25,East,New Jersey,EA-01,CUST-01749,Consumer,Apparel,Men's Wear,4,91.35,0.1,0.0,Credit Card,Online,Completed
ORD-100704,2023-02-26,South,Georgia,SO-01,CUST-01154,Corporate,Books,Comics,3,8.21,0.2,0.0,Gift Card,In-Store,Completed
ORD-102060,2023-02-26,East,Massachusetts,EA-04,CUST-01469,Corporate,Apparel,Kids' Wear,2,33.39,0.1,4.99,Debit Card,Online,Completed
ORD-103539,2023-02-26,South,Georgia,SO-03,CUST-00918,Consumer,Sporting Goods,Team Sports,3,166.51,0.25,7.99,PayPal,Online,Completed
ORD-102759,2023-02-26,North,Wisconsin,NO-04,CUST-01670,Consumer,Electronics,Cameras,5,503.26,0.05,4.99,PayPal,Online,Completed
ORD-103122,2023-02-26,South,Georgia,SO-04,CUST-01264,Consumer,Apparel,Men's Wear,2,37.07,0.05,0.0,Debit Card,Online,Completed
ORD-102609,2023-02-26,West,Oregon,WE-05,CUST-01272,Consumer,Books,Children's,4,33.82,0.0,0.0,Gift Card,In-Store,Completed
ORD-103509,2023-02-26,West,California,WE-04,CUST-01685,Consumer,Electronics,Headphones,1,574.24,0.05,0.0,Debit Card,In-Store,Completed
ORD-102510,2023-02-26,West,Oregon,WE-02,CUST-00456,Consumer,Beauty & Health,Haircare,3,45.44,0.05,0.0,Credit Card,In-Store,Completed
ORD-101725,2023-02-26,West,Washington,WE-05,CUST-00948,Consumer,Home Goods,Kitchenware,5,454.61,0.0,0.0,PayPal,In-Store,Completed
ORD-104611,2023-02-26,North,Wisconsin,NO-01,CUST-01272,Consumer,Sporting Goods,Cycling,1,368.92,0.1,0.0,Credit Card,In-Store,Completed
ORD-102011,2023-02-26,North,Minnesota,NO-03,CUST-01678,Corporate,Electronics,Laptops,3,419.04,0.0,12.99,Credit Card,Online,Completed
ORD-101258,2023-02-27,East,Massachusetts,EA-02,CUST-01462,Corporate,Apparel,Women's Wear,4,55.49,0.0,7.99,Credit Card,Online,Completed
ORD-105197,2023-02-27,West,California,WE-05,CUST-00331,Corporate,Beauty & Health,Wellness,5,27.8,0.0,0.0,Credit Card,Online,Completed
ORD-102246,2023-02-27,West,Washington,WE-01,CUST-00883,Consumer,Books,Educational,3,20.73,0.0,0.0,Credit Card,In-Store,Completed
ORD-103157,2023-02-27,East,Massachusetts,EA-01,CUST-00148,Consumer,Books,Non-Fiction,5,15.58,0.0,4.99,Credit Card,Online,Completed
ORD-105433,2023-02-27,South,Florida,SO-03,CUST-00549,Consumer,Apparel,Kids' Wear,1,58.24,0.05,0.0,Credit Card,Online,Completed
ORD-100083,2023-02-27,South,Georgia,SO-02,CUST-00395,Corporate,Sporting Goods,Cycling,3,259.48,0.05,12.99,PayPal,Online,Completed
ORD-102008,2023-02-28,West,Washington,WE-02,CUST-00418,Consumer,Apparel,Footwear,10,30.04,0.0,0.0,Debit Card,In-Store,Completed
ORD-101929,2023-02-28,North,North Dakota,NO-05,CUST-00443,Corporate,Apparel,Accessories,4,102.33,0.1,7.99,PayPal,Online,Completed
ORD-100032,2023-02-28,South,Texas,SO-01,CUST-00396,Consumer,Home Goods,Decor,3,307.33,0.0,0.0,Credit Card,In-Store,Completed
ORD-105571,2023-02-28,North,North Dakota,NO-05,CUST-00160,Corporate,Home Goods,Decor,6,168.3,0.15,0.0,Credit Card,In-Store,Completed
ORD-101038,2023-02-28,South,Georgia,SO-01,CUST-01115,Home Office,Home Goods,Decor,1,136.22,0.1,0.0,Debit Card,In-Store,Completed
ORD-102081,2023-02-28,North,North Dakota,NO-01,CUST-00436,Consumer,Home Goods,Bedding,3,239.42,0.1,0.0,Credit Card,In-Store,Completed
ORD-100722,2023-03-01,East,New York,EA-03,CUST-01686,Home Office,Books,Educational,4,17.62,0.0,4.99,Credit Card,Online,Completed
ORD-105592,2023-03-01,East,New Jersey,EA-05,CUST-00231,Home Office,Electronics,Smart Home,3,488.04,0.0,4.99,Credit Card,Online,Completed
ORD-102726,2023-03-01,South,Florida,SO-02,CUST-00192,Consumer,Books,Non-Fiction,2,19.13,0.1,4.99,Credit Card,Online,Returned
ORD-103688,2023-03-01,South,Texas,SO-05,CUST-01410,Corporate,Electronics,Smartphones,4,445.03,0.0,7.99,Cash,Online,Completed
ORD-103321,2023-03-01,West,Oregon,WE-01,CUST-00003,Corporate,Beauty & Health,Skincare,5,31.11,0.0,0.0,Debit Card,Online,Completed
ORD-102549,2023-03-01,Central,Missouri,CE-04,CUST-01598,Corporate,Apparel,Women's Wear,2,39.67,0.15,0.0,Cash,In-Store,Completed
ORD-100859,2023-03-01,Central,Illinois,CE-01,CUST-00332,Corporate,Sporting Goods,Team Sports,5,79.44,0.0,0.0,Debit Card,In-Store,Completed
ORD-102357,2023-03-01,East,New Jersey,EA-02,CUST-00089,Consumer,Apparel,Footwear,4,80.29,0.15,0.0,Credit Card,Online,Completed
ORD-103295,2023-03-02,Central,Illinois,CE-04,CUST-00330,Consumer,Home Goods,Decor,6,240.82,0.0,4.99,PayPal,Online,Completed
ORD-105767,2023-03-02,East,Massachusetts,EA-03,CUST-00678,Consumer,Books,Non-Fiction,2,9.63,0.0,0.0,PayPal,In-Store,Completed
ORD-103290,2023-03-02,North,North Dakota,NO-02,CUST-01305,Corporate,Beauty & Health,Wellness,3,47.68,0.0,0.0,Gift Card,Online,Completed
ORD-103400,2023-03-02,West,Oregon,WE-01,CUST-00080,Consumer,Apparel,Accessories,4,22.58,0.0,0.0,Credit Card,In-Store,Cancelled
ORD-103511,2023-03-02,East,New Jersey,EA-03,CUST-00641,Home Office,Home Goods,Storage,1,444.17,0.0,0.0,Credit Card,In-Store,Completed
ORD-101190,2023-03-02,East,Massachusetts,EA-03,CUST-00727,Consumer,Electronics,Laptops,3,303.23,0.15,0.0,Credit Card,Online,Completed
ORD-100850,2023-03-02,South,Florida,SO-03,CUST-01618,Consumer,Sporting Goods,Outdoor Gear,5,294.3,0.0,0.0,Gift Card,In-Store,Completed
ORD-101788,2023-03-02,West,California,WE-03,CUST-00004,Consumer,Beauty & Health,Personal Care,2,54.98,0.2,0.0,Credit Card,Online,Returned
ORD-103791,2023-03-02,South,Texas,SO-04,CUST-00123,Consumer,Books,Educational,4,22.44,0.0,4.99,Credit Card,Online,Completed
ORD-103038,2023-03-02,North,Wisconsin,NO-03,CUST-00266,Corporate,Home Goods,Kitchenware,3,189.99,0.0,4.99,Debit Card,Online,Returned
ORD-105462,2023-03-03,West,California,WE-01,CUST-01548,Consumer,Electronics,Laptops,1,232.08,0.0,4.99,Credit Card,Online,Completed
ORD-103139,2023-03-03,South,Florida,SO-01,CUST-00866,Corporate,Apparel,Footwear,2,24.72,0.05,0.0,Credit Card,Online,Completed
ORD-104731,2023-03-03,Central,Missouri,CE-03,CUST-00621,Corporate,Beauty & Health,Makeup,6,120.0,0.0,0.0,Gift Card,Online,Returned
ORD-103849,2023-03-03,South,Georgia,SO-01,CUST-00463,Consumer,Electronics,Smart Home,1,553.21,0.0,12.99,PayPal,Online,Completed
ORD-101187,2023-03-03,South,Texas,SO-04,CUST-00234,Home Office,Books,Educational,3,15.99,0.0,4.99,Cash,Online,Cancelled
ORD-101695,2023-03-03,Central,Illinois,CE-03,CUST-00569,Consumer,Electronics,Cameras,2,490.54,0.0,0.0,Credit Card,Online,Completed
ORD-101606,2023-03-03,East,New Jersey,EA-03,CUST-00974,Corporate,Books,Fiction,7,11.86,0.0,0.0,Credit Card,In-Store,Cancelled
ORD-102046,2023-03-03,South,Texas,SO-04,CUST-01232,Consumer,Home Goods,Furniture,4,263.84,0.25,0.0,Gift Card,In-Store,Completed
ORD-104780,2023-03-03,East,New York,EA-03,CUST-01338,Home Office,Apparel,Footwear,5,25.04,0.0,7.99,Debit Card,Online,Completed
ORD-103018,2023-03-03,West,Washington,WE-03,CUST-01215,Consumer,Electronics,Smart Home,1,452.13,0.0,0.0,PayPal,Online,Completed
ORD-104994,2023-03-03,North,North Dakota,NO-01,CUST-00793,Consumer,Electronics,Cameras,2,308.0,0.05,0.0,Credit Card,Online,Completed
ORD-105256,2023-03-04,North,Minnesota,NO-01,CUST-00677,Consumer,Books,Comics,2,16.77,0.05,0.0,Cash,Online,Completed
ORD-101604,2023-03-04,North,Minnesota,NO-01,CUST-00224,Consumer,Sporting Goods,Team Sports,3,135.69,0.0,0.0,Credit Card,Online,Completed
ORD-101997,2023-03-04,East,Massachusetts,EA-05,CUST-00291,Home Office,Home Goods,Bedding,4,536.27,0.0,0.0,Gift Card,In-Store,Returned
ORD-102171,2023-03-04,East,New York,EA-05,CUST-00087,Consumer,Apparel,Accessories,3,26.95,0.05,0.0,Debit Card,Online,Completed
ORD-104112,2023-03-04,Central,Illinois,CE-03,CUST-00569,Corporate,Apparel,Women's Wear,2,101.66,0.0,0.0,Debit Card,In-Store,Completed
ORD-103307,2023-03-04,West,Washington,WE-04,CUST-00459,Consumer,Apparel,Men's Wear,2,98.29,0.0,7.99,Debit Card,Online,Completed
ORD-103265,2023-03-04,South,Florida,SO-02,CUST-01526,Home Office,Home Goods,Furniture,3,376.94,0.0,0.0,Credit Card,In-Store,Completed
ORD-100369,2023-03-04,East,Massachusetts,EA-04,CUST-00738,Consumer,Sporting Goods,Footwear,2,147.66,0.0,0.0,Credit Card,In-Store,Completed
ORD-104862,2023-03-04,West,Oregon,WE-04,CUST-01139,Consumer,Beauty & Health,Haircare,1,25.12,0.0,0.0,Credit Card,Online,Completed
ORD-102884,2023-03-04,Central,Ohio,CE-04,CUST-00167,Consumer,Apparel,Accessories,5,45.01,0.1,4.99,Debit Card,Online,Completed
ORD-103869,2023-03-05,South,Florida,SO-04,CUST-01371,Consumer,Home Goods,Furniture,5,407.65,0.0,0.0,Credit Card,In-Store,Completed
ORD-103518,2023-03-05,North,North Dakota,NO-04,CUST-00603,Consumer,Home Goods,Bedding,3,149.05,0.0,12.99,Debit Card,Online,Completed
ORD-102341,2023-03-05,West,California,WE-02,CUST-00080,Home Office,Apparel,Kids' Wear,4,56.74,0.0,7.99,Debit Card,Online,Completed
ORD-103174,2023-03-05,East,Massachusetts,EA-01,CUST-00940,Corporate,Books,Educational,3,13.09,0.0,0.0,Credit Card,In-Store,Returned
ORD-104801,2023-03-05,Central,Ohio,CE-04,CUST-00922,Consumer,Apparel,Accessories,3,95.4,0.25,0.0,Credit Card,In-Store,Returned
ORD-104381,2023-03-05,West,Oregon,WE-01,CUST-00934,Consumer,Electronics,Laptops,2,494.94,0.2,0.0,PayPal,Online,Completed
ORD-102883,2023-03-05,Central,Missouri,CE-04,CUST-00771,Corporate,Apparel,Footwear,4,52.5,0.0,0.0,Credit Card,Online,Completed
ORD-102279,2023-03-05,South,Texas,SO-02,CUST-00679,Corporate,Home Goods,Furniture,5,304.26,0.0,12.99,Credit Card,Online,Returned
ORD-105814,2023-03-05,West,Washington,WE-02,CUST-00718,Consumer,Electronics,Smart Home,6,177.9,0.1,4.99,PayPal,Online,Completed
ORD-100374,2023-03-05,West,Oregon,WE-05,CUST-01058,Consumer,Apparel,Footwear,5,118.61,0.0,0.0,Credit Card,In-Store,Completed
ORD-105827,2023-03-05,Central,Ohio,CE-01,CUST-00944,Consumer,Electronics,Headphones,3,331.02,0.1,0.0,Debit Card,In-Store,Returned
ORD-100354,2023-03-05,Central,Missouri,CE-01,CUST-00245,Home Office,Apparel,Women's Wear,3,150.0,0.0,12.99,Credit Card,Online,Completed
ORD-101797,2023-03-06,South,Georgia,SO-03,CUST-00839,Consumer,Books,Non-Fiction,4,18.51,0.15,4.99,Credit Card,Online,Returned
ORD-105994,2023-03-06,Central,Ohio,CE-03,CUST-00784,Consumer,Apparel,Footwear,2,37.19,0.0,0.0,Credit Card,Online,Completed
ORD-101338,2023-03-06,West,Washington,WE-03,CUST-01093,Consumer,Apparel,Footwear,4,33.26,0.0,7.99,Gift Card,Online,Completed
ORD-102401,2023-03-06,South,Florida,SO-04,CUST-00572,Home Office,Home Goods,Decor,3,131.41,0.1,12.99,PayPal,Online,Completed
ORD-101798,2023-03-06,North,North Dakota,NO-01,CUST-01416,Consumer,Home Goods,Storage,2,223.73,0.0,4.99,Credit Card,Online,Completed
ORD-102586,2023-03-06,Central,Illinois,CE-05,CUST-01716,Consumer,Beauty & Health,Haircare,7,52.09,0.0,4.99,Cash,Online,Cancelled
ORD-101493,2023-03-07,Central,Ohio,CE-02,CUST-01533,Corporate,Beauty & Health,Personal Care,2,64.25,0.15,4.99,Credit Card,Online,Cancelled
ORD-101265,2023-03-07,North,Wisconsin,NO-01,CUST-00936,Home Office,Apparel,Accessories,3,99.89,0.0,0.0,PayPal,In-Store,Completed
ORD-102554,2023-03-07,East,New Jersey,EA-02,CUST-01069,Consumer,Home Goods,Kitchenware,4,621.75,0.25,0.0,Credit Card,Online,Completed
ORD-102563,2023-03-07,South,Florida,SO-03,CUST-01552,Corporate,Home Goods,Bedding,2,363.61,0.05,4.99,Credit Card,Online,Completed
ORD-102796,2023-03-07,East,New York,EA-03,CUST-01247,Consumer,Apparel,Women's Wear,2,64.2,0.0,4.99,Cash,Online,Completed
ORD-105444,2023-03-07,South,Georgia,SO-03,CUST-01683,Consumer,Sporting Goods,Fitness Equipment,1,271.92,0.0,4.99,Credit Card,Online,Completed
ORD-100436,2023-03-07,South,Florida,SO-01,CUST-00723,Home Office,Electronics,Headphones,2,117.83,0.1,0.0,Credit Card,In-Store,Completed
ORD-104434,2023-03-07,North,Wisconsin,NO-02,CUST-00886,Consumer,Apparel,Footwear,5,41.83,0.0,0.0,Debit Card,Online,Completed
ORD-101391,2023-03-08,South,Texas,SO-02,CUST-00490,Consumer,Electronics,Smartphones,4,632.31,0.05,0.0,Credit Card,In-Store,Completed
ORD-103297,2023-03-08,North,Wisconsin,NO-04,CUST-01610,Consumer,Home Goods,Bedding,3,115.72,0.0,0.0,Credit Card,In-Store,Completed
ORD-100077,2023-03-08,East,Massachusetts,EA-04,CUST-01210,Consumer,Apparel,Footwear,3,42.16,0.15,0.0,Debit Card,Online,Completed
ORD-104701,2023-03-08,West,California,WE-04,CUST-00727,Consumer,Beauty & Health,Skincare,3,34.0,0.15,0.0,Credit Card,In-Store,Completed
ORD-100476,2023-03-08,North,Wisconsin,NO-02,CUST-00147,Home Office,Apparel,Kids' Wear,5,57.07,0.0,0.0,PayPal,Online,Completed
ORD-100983,2023-03-09,South,Georgia,SO-01,CUST-00977,Corporate,Apparel,Kids' Wear,6,46.69,0.15,0.0,Debit Card,Online,Completed
ORD-105080,2023-03-09,West,California,WE-03,CUST-00171,Consumer,Apparel,Women's Wear,6,84.8,0.0,4.99,PayPal,Online,Completed
ORD-105545,2023-03-09,East,New York,EA-03,CUST-01205,Consumer,Home Goods,Storage,5,140.9,0.15,4.99,PayPal,Online,Completed
ORD-100068,2023-03-09,East,Massachusetts,EA-01,CUST-01389,Consumer,Sporting Goods,Fitness Equipment,5,329.46,0.25,4.99,PayPal,Online,Completed
ORD-102770,2023-03-10,North,North Dakota,NO-02,CUST-01372,Consumer,Apparel,Women's Wear,6,127.64,0.0,0.0,Credit Card,In-Store,Completed
ORD-103058,2023-03-10,West,California,WE-03,CUST-01634,Consumer,Sporting Goods,Team Sports,3,318.26,0.0,7.99,PayPal,Online,Completed
ORD-102739,2023-03-10,Central,Illinois,CE-04,CUST-00515,Consumer,Beauty & Health,Haircare,2,64.1,0.0,7.99,Cash,Online,Completed
ORD-101135,2023-03-10,West,Washington,WE-04,CUST-01721,Consumer,Electronics,Smart Home,4,533.82,0.1,0.0,Credit Card,In-Store,Cancelled
ORD-100586,2023-03-10,South,Georgia,SO-02,CUST-00558,Corporate,Beauty & Health,Wellness,4,44.45,0.15,0.0,Credit Card,In-Store,Completed
ORD-103285,2023-03-10,West,California,WE-05,CUST-00321,Corporate,Apparel,Kids' Wear,4,70.57,0.15,0.0,Credit Card,In-Store,Completed
ORD-103057,2023-03-11,East,New York,EA-05,CUST-00614,Corporate,Electronics,Laptops,1,169.64,0.2,4.99,Credit Card,Online,Returned
ORD-103855,2023-03-11,West,California,WE-01,CUST-00922,Home Office,Home Goods,Bedding,2,183.55,0.0,0.0,Debit Card,In-Store,Completed
ORD-103355,2023-03-11,East,New Jersey,EA-03,CUST-01273,Corporate,Books,Educational,2,23.94,0.1,12.99,Gift Card,Online,Completed
ORD-102546,2023-03-11,West,California,WE-01,CUST-01731,Corporate,Electronics,Cameras,2,1200.0,0.0,0.0,Credit Card,In-Store,Completed
ORD-100109,2023-03-11,Central,Illinois,CE-03,CUST-01047,Corporate,Electronics,Laptops,5,458.04,0.2,12.99,Debit Card,Online,Completed
ORD-101939,2023-03-11,West,Washington,WE-04,CUST-00012,Home Office,Apparel,Accessories,2,35.05,0.05,4.99,PayPal,Online,Completed
ORD-102558,2023-03-11,North,Minnesota,NO-04,CUST-00705,Corporate,Home Goods,Bedding,3,178.01,0.0,0.0,Credit Card,Online,Completed
ORD-105610,2023-03-11,South,Texas,SO-03,CUST-00449,Consumer,Sporting Goods,Fitness Equipment,3,188.82,0.2,0.0,PayPal,In-Store,Completed
ORD-101034,2023-03-11,Central,Missouri,CE-03,CUST-01004,Home Office,Electronics,Smart Home,3,285.34,0.2,0.0,Credit Card,Online,Completed
ORD-104410,2023-03-11,West,California,WE-01,CUST-00136,Corporate,Beauty & Health,Personal Care,6,61.15,0.0,0.0,PayPal,Online,Completed
ORD-104397,2023-03-11,South,Georgia,SO-01,CUST-00545,Corporate,Home Goods,Bedding,2,152.3,0.05,0.0,PayPal,In-Store,Completed
ORD-103717,2023-03-12,East,Massachusetts,EA-02,CUST-00389,Consumer,Home Goods,Storage,3,85.46,0.0,0.0,Credit Card,In-Store,Completed
ORD-102932,2023-03-12,West,Oregon,WE-01,CUST-00358,Home Office,Beauty & Health,Haircare,4,113.2,0.15,4.99,PayPal,Online,Completed
ORD-105930,2023-03-12,East,New York,EA-04,CUST-00232,Home Office,Books,Fiction,3,14.01,0.0,0.0,Debit Card,In-Store,Completed
ORD-102238,2023-03-12,West,Washington,WE-04,CUST-01486,Consumer,Electronics,Cameras,6,634.74,0.0,12.99,Credit Card,Online,Completed
ORD-100311,2023-03-12,East,Massachusetts,EA-05,CUST-01514,Corporate,Electronics,Cameras,3,358.6,0.15,4.99,Debit Card,Online,Completed
ORD-100497,2023-03-12,West,Washington,WE-03,CUST-01041,Home Office,Electronics,Smartphones,4,264.53,0.15,0.0,Debit Card,Online,Completed
ORD-101289,2023-03-12,North,North Dakota,NO-02,CUST-00213,Consumer,Apparel,Men's Wear,3,27.63,0.0,0.0,PayPal,In-Store,Completed
ORD-104806,2023-03-12,Central,Illinois,CE-03,CUST-00606,Consumer,Apparel,Women's Wear,7,56.17,0.05,7.99,Debit Card,Online,Completed
ORD-105137,2023-03-13,North,Minnesota,NO-02,CUST-00180,Home Office,Electronics,Cameras,3,296.66,0.05,7.99,PayPal,Online,Completed
ORD-102136,2023-03-13,Central,Illinois,CE-03,CUST-01253,Consumer,Books,Non-Fiction,1,10.5,0.1,7.99,Cash,Online,Completed
ORD-101597,2023-03-13,East,New York,EA-02,CUST-01046,Consumer,Electronics,Smartphones,4,388.49,0.05,0.0,Credit Card,In-Store,Completed
ORD-104291,2023-03-13,West,Washington,WE-01,CUST-00721,Home Office,Books,Non-Fiction,5,8.88,0.15,0.0,Gift Card,Online,Completed
ORD-101676,2023-03-14,South,Florida,SO-04,CUST-01134,Consumer,Home Goods,Furniture,1,346.36,0.0,0.0,Gift Card,Online,Completed
ORD-100672,2023-03-14,South,Texas,SO-05,CUST-01644,Corporate,Home Goods,Kitchenware,4,121.67,0.0,0.0,Credit Card,In-Store,Returned
ORD-104895,2023-03-14,North,Minnesota,NO-01,CUST-01150,Corporate,Apparel,Kids' Wear,7,75.68,0.0,4.99,Cash,Online,Completed
ORD-104366,2023-03-14,East,Massachusetts,EA-04,CUST-00374,Corporate,Sporting Goods,Cycling,5,61.8,0.15,0.0,Credit Card,Online,Completed
ORD-104305,2023-03-14,Central,Illinois,CE-04,CUST-01362,Consumer,Books,Children's,4,10.64,0.0,0.0,Debit Card,Online,Completed
ORD-101985,2023-03-14,South,Texas,SO-03,CUST-00125,Corporate,Electronics,Headphones,4,329.22,0.05,0.0,Debit Card,In-Store,Completed
ORD-104300,2023-03-14,East,Massachusetts,EA-02,CUST-00731,Home Office,Home Goods,Storage,3,316.36,0.15,0.0,Gift Card,Online,Completed
ORD-101310,2023-03-14,North,Minnesota,NO-03,CUST-00836,Home Office,Sporting Goods,Cycling,5,175.39,0.0,7.99,Debit Card,Online,Completed
ORD-102342,2023-03-14,South,Texas,SO-03,CUST-00361,Consumer,Electronics,Headphones,2,343.11,0.05,0.0,Credit Card,In-Store,Completed
ORD-104032,2023-03-15,Central,Illinois,CE-05,CUST-00115,Consumer,Apparel,Women's Wear,5,31.35,0.1,4.99,PayPal,Online,Completed
ORD-104538,2023-03-15,West,Oregon,WE-04,CUST-01731,Consumer,Apparel,Footwear,5,111.08,0.1,0.0,Gift Card,In-Store,Completed
ORD-105527,2023-03-15,West,California,WE-05,CUST-00769,Home Office,Home Goods,Furniture,2,192.85,0.0,0.0,Credit Card,In-Store,Completed
ORD-101132,2023-03-15,East,Massachusetts,EA-03,CUST-00120,Home Office,Sporting Goods,Team Sports,3,167.39,0.0,0.0,Cash,In-Store,Cancelled
ORD-100439,2023-03-15,West,Oregon,WE-03,CUST-01694,Corporate,Books,Educational,3,22.6,0.25,0.0,Credit Card,In-Store,Completed
ORD-102049,2023-03-15,South,Florida,SO-04,CUST-00284,Consumer,Electronics,Cameras,3,596.22,0.0,7.99,Credit Card,Online,Completed
ORD-103127,2023-03-15,West,California,WE-02,CUST-01006,Home Office,Home Goods,Kitchenware,1,217.31,0.0,0.0,Credit Card,Online,Completed
ORD-101318,2023-03-15,North,Minnesota,NO-02,CUST-01582,Consumer,Electronics,Cameras,1,271.43,0.25,0.0,Credit Card,In-Store,Completed
ORD-100613,2023-03-15,South,Georgia,SO-02,CUST-00320,Consumer,Apparel,Kids' Wear,4,39.54,0.0,7.99,Debit Card,Online,Completed
ORD-104097,2023-03-15,Central,Missouri,CE-05,CUST-01224,Home Office,Electronics,Laptops,3,317.93,0.0,4.99,Debit Card,Online,Completed
ORD-101216,2023-03-16,South,Florida,SO-01,CUST-00339,Corporate,Sporting Goods,Footwear,5,181.45,0.05,0.0,Debit Card,Online,Returned
ORD-105326,2023-03-16,East,Massachusetts,EA-03,CUST-00498,Consumer,Sporting Goods,Team Sports,4,159.46,0.1,4.99,PayPal,Online,Completed
ORD-103558,2023-03-16,South,Georgia,SO-04,CUST-01359,Consumer,Books,Children's,2,33.87,0.0,0.0,Debit Card,Online,Completed
ORD-103546,2023-03-16,South,Florida,SO-02,CUST-01070,Consumer,Electronics,Cameras,3,496.7,0.15,12.99,Credit Card,Online,Completed
ORD-100960,2023-03-16,North,Wisconsin,NO-03,CUST-01378,Consumer,Home Goods,Decor,3,180.68,0.05,0.0,PayPal,In-Store,Completed
ORD-101814,2023-03-16,East,New Jersey,EA-05,CUST-00690,Consumer,Sporting Goods,Cycling,3,314.48,0.0,0.0,Debit Card,In-Store,Completed
ORD-103990,2023-03-17,South,Texas,SO-04,CUST-01313,Consumer,Home Goods,Decor,3,465.6,0.0,0.0,Credit Card,In-Store,Completed
ORD-103222,2023-03-17,East,Massachusetts,EA-02,CUST-00020,Home Office,Sporting Goods,Outdoor Gear,3,196.43,0.1,0.0,Gift Card,In-Store,Completed
ORD-100449,2023-03-17,West,California,WE-05,CUST-00736,Consumer,Electronics,Smart Home,3,552.24,0.1,4.99,PayPal,Online,Completed
ORD-105253,2023-03-17,East,Massachusetts,EA-03,CUST-00399,Consumer,Electronics,Headphones,6,165.53,0.0,12.99,Debit Card,Online,Completed
ORD-102118,2023-03-17,West,Washington,WE-02,CUST-00231,Home Office,Books,Children's,3,42.13,0.0,0.0,Cash,Online,Completed
ORD-100299,2023-03-18,East,Massachusetts,EA-03,CUST-01709,Corporate,Apparel,Footwear,3,73.5,0.0,0.0,Credit Card,In-Store,Completed
ORD-105073,2023-03-18,East,Massachusetts,EA-05,CUST-01347,Corporate,Apparel,Women's Wear,4,59.62,0.0,4.99,Cash,Online,Completed
ORD-100440,2023-03-18,Central,Illinois,CE-05,CUST-00687,Corporate,Apparel,Kids' Wear,4,29.54,0.15,0.0,Credit Card,Online,Completed
ORD-101795,2023-03-18,South,Texas,SO-01,CUST-00666,Corporate,Electronics,Smartphones,2,139.66,0.25,0.0,Credit Card,Online,Returned
ORD-103490,2023-03-18,East,Massachusetts,EA-02,CUST-01760,Consumer,Electronics,Headphones,2,387.2,0.0,0.0,Credit Card,In-Store,Completed
ORD-103516,2023-03-18,South,Georgia,SO-05,CUST-01150,Corporate,Apparel,Kids' Wear,4,31.71,0.0,0.0,PayPal,In-Store,Completed
ORD-104161,2023-03-18,South,Texas,SO-03,CUST-01395,Consumer,Apparel,Men's Wear,6,42.81,0.0,0.0,Credit Card,In-Store,Completed
ORD-100846,2023-03-18,East,New York,EA-04,CUST-00548,Corporate,Sporting Goods,Cycling,3,138.79,0.05,0.0,Gift Card,In-Store,Completed
ORD-100201,2023-03-18,North,Minnesota,NO-02,CUST-01397,Consumer,Home Goods,Decor,5,153.38,0.05,12.99,PayPal,Online,Completed
ORD-103942,2023-03-18,North,North Dakota,NO-04,CUST-00658,Consumer,Beauty & Health,Haircare,4,30.79,0.0,0.0,Credit Card,In-Store,Completed
ORD-105053,2023-03-18,East,New York,EA-04,CUST-00097,Home Office,Home Goods,Decor,1,200.94,0.0,7.99,Debit Card,Online,Completed
ORD-103825,2023-03-18,East,New Jersey,EA-04,CUST-01675,Home Office,Home Goods,Kitchenware,5,461.8,0.25,7.99,Debit Card,Online,Completed
ORD-105915,2023-03-18,North,Minnesota,NO-04,CUST-00566,Corporate,Home Goods,Bedding,3,331.92,0.0,0.0,Debit Card,Online,Completed
ORD-100434,2023-03-18,South,Georgia,SO-04,CUST-00378,Consumer,Home Goods,Kitchenware,1,256.08,0.0,0.0,Cash,Online,Completed
ORD-105177,2023-03-19,North,Minnesota,NO-05,CUST-00398,Consumer,Apparel,Women's Wear,2,50.6,0.05,0.0,Credit Card,In-Store,Completed
ORD-101598,2023-03-19,North,North Dakota,NO-05,CUST-01317,Corporate,Apparel,Women's Wear,3,41.4,0.05,0.0,Debit Card,In-Store,Completed
ORD-104208,2023-03-19,Central,Missouri,CE-03,CUST-01565,Corporate,Home Goods,Decor,5,372.36,0.1,12.99,Debit Card,Online,Completed
ORD-100899,2023-03-19,North,Wisconsin,NO-03,CUST-00942,Consumer,Apparel,Accessories,5,59.12,0.0,0.0,Credit Card,Online,Completed
ORD-104328,2023-03-19,South,Texas,SO-02,CUST-01033,Home Office,Beauty & Health,Wellness,2,39.49,0.05,0.0,Debit Card,In-Store,Completed
ORD-102306,2023-03-20,West,Oregon,WE-04,CUST-01696,Consumer,Apparel,Women's Wear,6,69.0,0.0,0.0,PayPal,In-Store,Completed
ORD-100650,2023-03-20,West,California,WE-01,CUST-00901,Corporate,Electronics,Smart Home,4,1200.0,0.0,0.0,Credit Card,In-Store,Completed
ORD-101126,2023-03-20,North,Wisconsin,NO-05,CUST-00707,Consumer,Sporting Goods,Team Sports,3,152.02,0.15,0.0,Gift Card,In-Store,Completed
ORD-101654,2023-03-20,West,Oregon,WE-01,CUST-00191,Consumer,Electronics,Laptops,5,304.65,0.2,4.99,PayPal,Online,Cancelled
ORD-103615,2023-03-20,South,Texas,SO-03,CUST-00530,Home Office,Books,Educational,3,18.98,0.05,0.0,Credit Card,Online,Completed
ORD-104835,2023-03-20,South,Texas,SO-04,CUST-01519,Consumer,Apparel,Accessories,3,24.55,0.0,0.0,Gift Card,In-Store,Completed
ORD-105967,2023-03-20,East,Massachusetts,EA-01,CUST-01555,Consumer,Apparel,Accessories,4,73.22,0.05,4.99,Credit Card,Online,Returned
ORD-105332,2023-03-20,Central,Missouri,CE-01,CUST-01608,Consumer,Sporting Goods,Fitness Equipment,5,197.51,0.1,4.99,Debit Card,Online,Completed
ORD-101286,2023-03-21,South,Texas,SO-02,CUST-01701,Consumer,Sporting Goods,Team Sports,3,196.55,0.0,0.0,Credit Card,In-Store,Completed
ORD-100056,2023-03-21,Central,Ohio,CE-05,CUST-00445,Corporate,Sporting Goods,Outdoor Gear,4,110.79,0.1,0.0,Credit Card,Online,Completed
ORD-102544,2023-03-21,East,New York,EA-05,CUST-01359,Consumer,Home Goods,Decor,6,418.34,0.0,0.0,PayPal,Online,Completed
ORD-100603,2023-03-21,West,Oregon,WE-05,CUST-00863,Consumer,Apparel,Men's Wear,7,50.21,0.0,7.99,PayPal,Online,Completed
ORD-105805,2023-03-21,South,Georgia,SO-02,CUST-01477,Consumer,Apparel,Women's Wear,4,66.69,0.0,0.0,Credit Card,In-Store,Completed
ORD-104539,2023-03-21,North,Minnesota,NO-02,CUST-00329,Consumer,Home Goods,Decor,2,369.52,0.1,0.0,Debit Card,In-Store,Completed
ORD-105431,2023-03-21,North,Minnesota,NO-02,CUST-00639,Consumer,Home Goods,Bedding,2,377.26,0.0,12.99,PayPal,Online,Completed
ORD-103378,2023-03-21,Central,Illinois,CE-05,CUST-01784,Consumer,Apparel,Women's Wear,2,104.97,0.0,0.0,Debit Card,In-Store,Returned
ORD-101950,2023-03-21,South,Florida,SO-03,CUST-01669,Consumer,Books,Children's,6,13.79,0.05,0.0,Credit Card,In-Store,Completed
ORD-105005,2023-03-21,South,Georgia,SO-01,CUST-01384,Consumer,Apparel,Women's Wear,4,150.0,0.0,7.99,Credit Card,Online,Completed
ORD-101081,2023-03-22,West,Oregon,WE-02,CUST-01504,Consumer,Apparel,Women's Wear,1,74.2,0.0,0.0,Credit Card,Online,Completed
ORD-104898,2023-03-22,West,Oregon,WE-03,CUST-01427,Corporate,Books,Fiction,7,17.08,0.0,0.0,Debit Card,In-Store,Completed
ORD-101644,2023-03-22,West,Oregon,WE-03,CUST-01313,Consumer,Apparel,Footwear,5,69.01,0.05,4.99,Credit Card,Online,Returned
ORD-102626,2023-03-22,Central,Missouri,CE-04,CUST-01339,Consumer,Beauty & Health,Haircare,4,18.53,0.0,0.0,Debit Card,In-Store,Completed
ORD-100164,2023-03-23,West,Oregon,WE-05,CUST-00008,Consumer,Books,Children's,5,13.19,0.05,0.0,Credit Card,In-Store,Completed
ORD-104113,2023-03-23,South,Georgia,SO-02,CUST-00216,Consumer,Books,Fiction,4,18.58,0.0,7.99,Credit Card,Online,Completed
ORD-104512,2023-03-24,West,California,WE-05,CUST-01401,Consumer,Books,Fiction,2,13.6,0.0,0.0,Credit Card,In-Store,Completed
ORD-101116,2023-03-24,Central,Illinois,CE-04,CUST-00511,Home Office,Home Goods,Furniture,7,388.41,0.0,0.0,Credit Card,Online,Completed
ORD-105629,2023-03-24,South,Texas,SO-04,CUST-01372,Home Office,Apparel,Men's Wear,6,45.1,0.0,4.99,Gift Card,Online,Completed
ORD-100422,2023-03-24,West,Washington,WE-04,CUST-01239,Corporate,Beauty & Health,Skincare,2,27.28,0.1,4.99,Credit Card,Online,Completed
ORD-100409,2023-03-24,South,Texas,SO-03,CUST-01609,Consumer,Electronics,Smartphones,5,328.47,0.0,0.0,Debit Card,Online,Completed
ORD-105342,2023-03-24,South,Florida,SO-02,CUST-01612,Consumer,Electronics,Smart Home,2,584.57,0.0,0.0,Credit Card,In-Store,Completed
ORD-100995,2023-03-24,South,Texas,SO-05,CUST-00042,Consumer,Home Goods,Decor,7,213.73,0.0,12.99,Debit Card,Online,Completed
ORD-103113,2023-03-24,Central,Illinois,CE-04,CUST-00371,Corporate,Home Goods,Storage,5,348.29,0.15,4.99,Credit Card,Online,Completed
ORD-105396,2023-03-25,South,Georgia,SO-03,CUST-01103,Consumer,Home Goods,Kitchenware,2,196.8,0.0,0.0,Credit Card,Online,Completed
ORD-105718,2023-03-25,East,New Jersey,EA-01,CUST-00336,Home Office,Beauty & Health,Makeup,4,27.36,0.15,0.0,Credit Card,In-Store,Completed
ORD-103100,2023-03-25,South,Georgia,SO-05,CUST-01451,Corporate,Apparel,Footwear,5,63.83,0.15,0.0,Credit Card,In-Store,Completed
ORD-101925,2023-03-25,North,Minnesota,NO-01,CUST-00772,Corporate,Electronics,Cameras,4,355.61,0.0,7.99,Debit Card,Online,Completed
ORD-103061,2023-03-25,West,California,WE-04,CUST-01622,Home Office,Home Goods,Bedding,1,259.83,0.0,12.99,Gift Card,Online,Completed
ORD-100190,2023-03-25,West,Washington,WE-02,CUST-00848,Consumer,Electronics,Headphones,5,329.4,0.0,0.0,Credit Card,Online,Cancelled
ORD-103727,2023-03-25,East,New Jersey,EA-05,CUST-00906,Consumer,Books,Non-Fiction,3,15.84,0.05,0.0,PayPal,Online,Completed
ORD-100372,2023-03-26,Central,Ohio,CE-04,CUST-00655,Consumer,Beauty & Health,Skincare,3,82.89,0.0,0.0,Credit Card,In-Store,Returned
ORD-103634,2023-03-26,North,Wisconsin,NO-02,CUST-01664,Consumer,Electronics,Laptops,5,630.86,0.2,0.0,Credit Card,Online,Completed
ORD-101441,2023-03-26,Central,Illinois,CE-05,CUST-01709,Consumer,Books,Non-Fiction,5,7.31,0.0,4.99,Debit Card,Online,Completed
ORD-104142,2023-03-26,West,Oregon,WE-04,CUST-00002,Corporate,Apparel,Women's Wear,2,65.63,0.15,0.0,Cash,Online,Completed
ORD-100222,2023-03-26,Central,Ohio,CE-03,CUST-00304,Consumer,Electronics,Smartphones,6,505.34,0.05,0.0,Debit Card,In-Store,Completed
ORD-105842,2023-03-26,West,California,WE-05,CUST-01120,Consumer,Apparel,Footwear,2,47.57,0.0,12.99,PayPal,Online,Completed
ORD-102250,2023-03-26,East,New York,EA-02,CUST-00804,Consumer,Beauty & Health,Haircare,4,17.39,0.0,0.0,Credit Card,In-Store,Completed
ORD-100283,2023-03-26,South,Texas,SO-02,CUST-01459,Corporate,Apparel,Footwear,2,30.72,0.0,0.0,PayPal,In-Store,Completed
ORD-103401,2023-03-27,Central,Missouri,CE-01,CUST-01478,Corporate,Books,Comics,2,13.27,0.05,7.99,Debit Card,Online,Completed
ORD-102827,2023-03-27,South,Georgia,SO-02,CUST-00104,Consumer,Sporting Goods,Cycling,5,295.48,0.1,0.0,Credit Card,In-Store,Completed
ORD-104167,2023-03-27,East,New York,EA-01,CUST-01084,Consumer,Beauty & Health,Wellness,3,46.95,0.0,0.0,Gift Card,Online,Cancelled
ORD-103986,2023-03-27,Central,Missouri,CE-05,CUST-00756,Consumer,Books,Educational,6,45.0,0.15,0.0,Debit Card,In-Store,Completed
ORD-101575,2023-03-28,South,Florida,SO-03,CUST-00400,Home Office,Sporting Goods,Outdoor Gear,2,106.17,0.2,4.99,Credit Card,Online,Completed
ORD-101567,2023-03-28,North,Minnesota,NO-04,CUST-00855,Consumer,Beauty & Health,Makeup,2,66.79,0.0,0.0,Credit Card,In-Store,Completed
ORD-102222,2023-03-28,East,New York,EA-05,CUST-01083,Consumer,Apparel,Women's Wear,3,23.51,0.1,0.0,PayPal,In-Store,Completed
ORD-104427,2023-03-29,North,North Dakota,NO-03,CUST-00650,Consumer,Apparel,Accessories,7,57.87,0.0,0.0,Debit Card,In-Store,Completed
ORD-101628,2023-03-29,North,Wisconsin,NO-04,CUST-01694,Consumer,Sporting Goods,Cycling,2,211.08,0.0,0.0,Credit Card,In-Store,Completed
ORD-104169,2023-03-29,East,New York,EA-01,CUST-00625,Consumer,Apparel,Footwear,2,95.18,0.15,7.99,Credit Card,Online,Completed
ORD-104767,2023-03-29,Central,Ohio,CE-05,CUST-00674,Consumer,Home Goods,Storage,3,186.1,0.1,4.99,Debit Card,Online,Completed
ORD-100259,2023-03-29,Central,Illinois,CE-02,CUST-01781,Corporate,Books,Fiction,7,26.44,0.0,4.99,Debit Card,Online,Completed
ORD-105288,2023-03-29,Central,Illinois,CE-02,CUST-00490,Consumer,Electronics,Laptops,5,529.68,0.0,0.0,PayPal,Online,Completed
ORD-101762,2023-03-30,North,Minnesota,NO-02,CUST-01146,Home Office,Apparel,Women's Wear,3,11.78,0.05,0.0,PayPal,Online,Completed
ORD-105727,2023-03-30,North,North Dakota,NO-01,CUST-01661,Consumer,Electronics,Headphones,7,839.49,0.25,7.99,PayPal,Online,Completed
ORD-101809,2023-03-30,West,California,WE-02,CUST-01122,Consumer,Electronics,Laptops,3,452.22,0.0,0.0,Credit Card,In-Store,Completed
ORD-104388,2023-03-30,Central,Illinois,CE-01,CUST-00755,Corporate,Electronics,Smart Home,2,331.88,0.0,7.99,Gift Card,Online,Completed
ORD-100339,2023-03-30,East,New Jersey,EA-02,CUST-01239,Corporate,Apparel,Footwear,3,69.75,0.0,0.0,Credit Card,Online,Returned
ORD-104420,2023-03-30,Central,Missouri,CE-05,CUST-01598,Consumer,Sporting Goods,Footwear,7,210.59,0.0,0.0,Credit Card,Online,Completed
ORD-100037,2023-03-30,South,Georgia,SO-02,CUST-00821,Consumer,Apparel,Men's Wear,3,29.61,0.0,0.0,Debit Card,Online,Completed
ORD-105107,2023-03-31,South,Florida,SO-04,CUST-00553,Corporate,Apparel,Kids' Wear,1,58.41,0.0,0.0,Credit Card,Online,Returned
ORD-100888,2023-03-31,West,California,WE-04,CUST-00869,Consumer,Apparel,Men's Wear,3,27.68,0.0,0.0,Debit Card,In-Store,Completed
ORD-101890,2023-03-31,South,Georgia,SO-02,CUST-00447,Consumer,Electronics,Laptops,5,218.49,0.05,0.0,Credit Card,In-Store,Completed
ORD-105904,2023-03-31,West,Oregon,WE-05,CUST-00098,Corporate,Books,Educational,3,10.78,0.0,4.99,PayPal,Online,Completed
ORD-105132,2023-03-31,South,Texas,SO-05,CUST-01105,Home Office,Books,Comics,7,26.81,0.0,0.0,PayPal,In-Store,Completed
ORD-105801,2023-04-01,West,Oregon,WE-03,CUST-01081,Home Office,Electronics,Smartphones,1,343.42,0.0,4.99,Credit Card,Online,Cancelled
ORD-100370,2023-04-01,Central,Missouri,CE-04,CUST-01741,Corporate,Electronics,Cameras,4,253.72,0.05,7.99,PayPal,Online,Completed
ORD-103944,2023-04-01,South,Florida,SO-05,CUST-01721,Home Office,Electronics,Smartphones,3,609.42,0.1,0.0,Cash,Online,Completed
ORD-102154,2023-04-01,North,Minnesota,NO-03,CUST-01677,Consumer,Home Goods,Bedding,4,171.49,0.0,0.0,Credit Card,In-Store,Completed
ORD-105620,2023-04-02,South,Florida,SO-02,CUST-00418,Consumer,Apparel,Men's Wear,3,28.51,0.25,12.99,Credit Card,Online,Completed
ORD-101723,2023-04-02,East,New York,EA-02,CUST-01603,Consumer,Home Goods,Storage,2,340.67,0.0,7.99,Debit Card,Online,Completed
ORD-100433,2023-04-02,North,North Dakota,NO-01,CUST-01751,Consumer,Electronics,Smartphones,5,160.04,0.0,0.0,PayPal,In-Store,Completed
ORD-100664,2023-04-02,East,New Jersey,EA-02,CUST-01388,Corporate,Apparel,Footwear,4,28.12,0.0,0.0,Credit Card,Online,Completed
ORD-103033,2023-04-02,South,Texas,SO-02,CUST-00360,Consumer,Home Goods,Bedding,4,346.41,0.0,12.99,Credit Card,Online,Completed
ORD-103097,2023-04-02,South,Georgia,SO-05,CUST-00181,Consumer,Home Goods,Furniture,3,246.76,0.0,0.0,Credit Card,In-Store,Completed
ORD-101523,2023-04-02,West,Washington,WE-04,CUST-01587,Consumer,Apparel,Kids' Wear,4,112.94,0.2,0.0,Debit Card,In-Store,Completed
ORD-102854,2023-04-02,North,North Dakota,NO-05,CUST-01131,Corporate,Beauty & Health,Haircare,6,33.12,0.2,4.99,Credit Card,Online,Completed
ORD-102615,2023-04-02,West,California,WE-02,CUST-00942,Home Office,Electronics,Smartphones,6,583.86,0.05,0.0,Debit Card,In-Store,Returned
ORD-100206,2023-04-02,North,North Dakota,NO-03,CUST-00807,Consumer,Apparel,Accessories,4,71.28,0.0,0.0,Gift Card,In-Store,Completed
ORD-103523,2023-04-02,West,Oregon,WE-01,CUST-01705,Consumer,Beauty & Health,Haircare,3,73.42,0.0,7.99,Cash,Online,Completed
ORD-103797,2023-04-03,North,North Dakota,NO-02,CUST-00894,Corporate,Electronics,Headphones,2,220.63,0.25,0.0,PayPal,Online,Completed
ORD-100400,2023-04-03,Central,Missouri,CE-02,CUST-00035,Consumer,Electronics,Smartphones,4,426.72,0.0,0.0,Debit Card,In-Store,Completed
ORD-102945,2023-04-03,South,Florida,SO-04,CUST-00744,Consumer,Apparel,Men's Wear,4,24.87,0.0,4.99,Cash,Online,Completed
ORD-103198,2023-04-03,South,Texas,SO-04,CUST-01561,Consumer,Apparel,Men's Wear,6,65.11,0.0,0.0,PayPal,In-Store,Completed
ORD-104065,2023-04-03,South,Texas,SO-04,CUST-00495,Corporate,Apparel,Women's Wear,3,48.62,0.0,7.99,Credit Card,Online,Completed
ORD-101184,2023-04-03,North,North Dakota,NO-04,CUST-01209,Consumer,Home Goods,Kitchenware,2,276.28,0.0,4.99,Debit Card,Online,Cancelled
ORD-104146,2023-04-04,South,Florida,SO-05,CUST-00636,Corporate,Books,Fiction,2,19.67,0.0,0.0,Debit Card,In-Store,Completed
ORD-100883,2023-04-04,South,Florida,SO-03,CUST-01081,Corporate,Home Goods,Bedding,4,351.79,0.0,0.0,Debit Card,Online,Completed
ORD-102270,2023-04-04,East,New York,EA-03,CUST-00199,Consumer,Home Goods,Storage,4,186.25,0.15,4.99,PayPal,Online,Completed
ORD-105707,2023-04-04,East,New Jersey,EA-03,CUST-01597,Consumer,Apparel,Women's Wear,2,67.71,0.2,0.0,Credit Card,Online,Completed
ORD-101593,2023-04-04,North,Wisconsin,NO-01,CUST-01243,Corporate,Home Goods,Bedding,3,259.42,0.0,4.99,Cash,Online,Completed
ORD-105535,2023-04-04,West,Washington,WE-03,CUST-01642,Consumer,Sporting Goods,Fitness Equipment,5,228.86,0.05,0.0,Cash,Online,Completed
ORD-103785,2023-04-05,East,New York,EA-03,CUST-00688,Consumer,Home Goods,Furniture,7,203.15,0.05,4.99,Credit Card,Online,Completed
ORD-101275,2023-04-05,North,Wisconsin,NO-04,CUST-01663,Consumer,Apparel,Footwear,3,32.66,0.05,0.0,PayPal,Online,Completed
ORD-105720,2023-04-05,East,Massachusetts,EA-04,CUST-00468,Corporate,Electronics,Cameras,3,962.55,0.15,0.0,PayPal,In-Store,Completed
ORD-101297,2023-04-05,West,Washington,WE-05,CUST-01400,Consumer,Apparel,Women's Wear,3,24.1,0.0,4.99,Credit Card,Online,Completed
ORD-101705,2023-04-06,West,California,WE-02,CUST-00816,Corporate,Beauty & Health,Makeup,6,32.74,0.0,0.0,Gift Card,Online,Completed
ORD-103228,2023-04-06,North,North Dakota,NO-04,CUST-01006,Consumer,Books,Educational,5,13.84,0.0,0.0,Cash,In-Store,Completed
ORD-104666,2023-04-06,North,Minnesota,NO-04,CUST-00802,Corporate,Apparel,Women's Wear,4,25.82,0.05,0.0,Credit Card,In-Store,Completed
ORD-105661,2023-04-06,West,Washington,WE-04,CUST-01330,Corporate,Apparel,Women's Wear,3,60.52,0.0,0.0,Gift Card,In-Store,Completed
ORD-105514,2023-04-06,West,Washington,WE-05,CUST-01043,Consumer,Sporting Goods,Team Sports,3,333.34,0.25,0.0,PayPal,Online,Completed
ORD-102641,2023-04-06,North,North Dakota,NO-02,CUST-00582,Consumer,Apparel,Women's Wear,4,50.82,0.1,0.0,Cash,Online,Completed
ORD-103077,2023-04-06,East,New Jersey,EA-05,CUST-00899,Consumer,Sporting Goods,Fitness Equipment,7,169.61,0.0,7.99,Credit Card,Online,Completed
ORD-104210,2023-04-06,South,Texas,SO-01,CUST-01678,Consumer,Home Goods,Kitchenware,6,126.39,0.0,7.99,Debit Card,Online,Completed
ORD-103167,2023-04-06,East,Massachusetts,EA-02,CUST-01073,Home Office,Home Goods,Bedding,1,271.82,0.1,4.99,Credit Card,Online,Completed
ORD-103864,2023-04-06,West,Oregon,WE-05,CUST-00611,Consumer,Apparel,Accessories,1,41.86,0.0,0.0,Gift Card,Online,Completed
ORD-102086,2023-04-06,North,North Dakota,NO-03,CUST-00769,Home Office,Books,Educational,2,8.69,0.1,0.0,PayPal,Online,Completed
ORD-105081,2023-04-06,Central,Missouri,CE-05,CUST-01490,Consumer,Electronics,Headphones,4,435.97,0.15,7.99,Debit Card,Online,Completed
ORD-100982,2023-04-07,North,Wisconsin,NO-01,CUST-00156,Consumer,Books,Comics,6,16.18,0.0,12.99,PayPal,Online,Completed
ORD-105105,2023-04-07,North,Minnesota,NO-03,CUST-01004,Consumer,Electronics,Cameras,3,1200.0,0.0,12.99,Gift Card,Online,Completed
ORD-100634,2023-04-07,East,New Jersey,EA-03,CUST-00497,Consumer,Books,Fiction,1,17.67,0.0,0.0,Credit Card,Online,Completed
ORD-101541,2023-04-07,Central,Illinois,CE-01,CUST-01073,Consumer,Home Goods,Bedding,4,327.46,0.05,4.99,Credit Card,Online,Completed
ORD-104790,2023-04-07,Central,Ohio,CE-04,CUST-01413,Consumer,Apparel,Kids' Wear,8,48.48,0.15,0.0,PayPal,In-Store,Completed
ORD-105752,2023-04-07,South,Georgia,SO-03,CUST-00647,Consumer,Electronics,Laptops,2,386.57,0.0,0.0,PayPal,In-Store,Completed
ORD-101462,2023-04-07,East,Massachusetts,EA-03,CUST-00899,Consumer,Apparel,Women's Wear,4,39.04,0.0,4.99,Credit Card,Online,Returned
ORD-101177,2023-04-07,South,Texas,SO-01,CUST-01423,Consumer,Beauty & Health,Haircare,4,47.63,0.0,0.0,Credit Card,In-Store,Completed
ORD-105540,2023-04-07,South,Florida,SO-04,CUST-00465,Consumer,Apparel,Men's Wear,6,44.21,0.0,0.0,Credit Card,In-Store,Completed
ORD-102298,2023-04-08,South,Texas,SO-02,CUST-01427,Consumer,Sporting Goods,Outdoor Gear,2,147.08,0.0,0.0,Credit Card,In-Store,Completed
ORD-100099,2023-04-08,Central,Illinois,CE-05,CUST-00992,Consumer,Electronics,Headphones,4,699.96,0.0,0.0,Credit Card,Online,Completed
ORD-105783,2023-04-08,East,New Jersey,EA-02,CUST-01130,Consumer,Home Goods,Bedding,4,221.57,0.0,4.99,PayPal,Online,Completed
ORD-104849,2023-04-08,North,Minnesota,NO-05,CUST-01635,Corporate,Apparel,Kids' Wear,5,32.96,0.0,7.99,Debit Card,Online,Completed
ORD-104204,2023-04-08,South,Georgia,SO-04,CUST-00194,Home Office,Beauty & Health,Wellness,1,33.45,0.0,0.0,Credit Card,Online,Completed
ORD-104884,2023-04-09,West,Washington,WE-03,CUST-01549,Corporate,Apparel,Accessories,2,53.76,0.0,0.0,Credit Card,Online,Completed
ORD-105920,2023-04-09,West,Oregon,WE-05,CUST-01624,Corporate,Home Goods,Furniture,3,134.6,0.05,0.0,Credit Card,Online,Completed
ORD-104613,2023-04-09,Central,Ohio,CE-02,CUST-01553,Corporate,Electronics,Laptops,4,527.03,0.0,0.0,Cash,Online,Completed
ORD-102505,2023-04-09,Central,Illinois,CE-05,CUST-01052,Consumer,Apparel,Accessories,4,98.76,0.1,4.99,Debit Card,Online,Completed
ORD-101758,2023-04-09,West,California,WE-01,CUST-00098,Consumer,Sporting Goods,Fitness Equipment,5,160.05,0.0,0.0,PayPal,In-Store,Completed
ORD-101067,2023-04-10,North,Minnesota,NO-05,CUST-01225,Home Office,Apparel,Women's Wear,1,55.8,0.0,12.99,Credit Card,Online,Completed
ORD-100770,2023-04-10,South,Texas,SO-04,CUST-01494,Home Office,Home Goods,Bedding,5,266.69,0.05,0.0,Credit Card,Online,Completed
ORD-104741,2023-04-10,North,North Dakota,NO-04,CUST-00225,Corporate,Books,Comics,2,11.52,0.15,4.99,Credit Card,Online,Completed
ORD-102201,2023-04-10,East,Massachusetts,EA-01,CUST-00784,Consumer,Books,Educational,5,17.72,0.0,0.0,Debit Card,In-Store,Completed
ORD-102194,2023-04-10,Central,Missouri,CE-04,CUST-01324,Consumer,Apparel,Footwear,5,54.59,0.05,0.0,Credit Card,In-Store,Completed
ORD-100123,2023-04-10,East,New York,EA-05,CUST-01110,Consumer,Apparel,Footwear,2,99.59,0.0,0.0,Credit Card,In-Store,Completed
ORD-103180,2023-04-10,East,New Jersey,EA-02,CUST-00432,Consumer,Books,Educational,6,6.65,0.05,4.99,Cash,Online,Completed
ORD-102551,2023-04-10,West,California,WE-03,CUST-01477,Corporate,Home Goods,Bedding,4,409.29,0.0,0.0,Gift Card,Online,Completed
ORD-100676,2023-04-11,North,Minnesota,NO-03,CUST-00643,Consumer,Beauty & Health,Skincare,2,34.01,0.0,4.99,Debit Card,Online,Completed
ORD-100454,2023-04-11,East,New York,EA-05,CUST-00931,Corporate,Books,Non-Fiction,2,12.07,0.05,0.0,Cash,In-Store,Completed
ORD-103673,2023-04-11,East,Massachusetts,EA-01,CUST-00132,Consumer,Apparel,Women's Wear,2,34.43,0.0,7.99,Debit Card,Online,Completed
ORD-101411,2023-04-11,North,North Dakota,NO-05,CUST-00381,Corporate,Sporting Goods,Team Sports,3,251.58,0.05,0.0,PayPal,In-Store,Completed
ORD-102678,2023-04-11,Central,Illinois,CE-01,CUST-01236,Home Office,Apparel,Kids' Wear,4,56.27,0.0,0.0,Credit Card,In-Store,Completed
ORD-102219,2023-04-12,West,Oregon,WE-02,CUST-00386,Consumer,Home Goods,Storage,4,223.9,0.0,0.0,Debit Card,Online,Completed
ORD-105546,2023-04-12,South,Florida,SO-01,CUST-00775,Consumer,Electronics,Smartphones,3,323.64,0.0,0.0,Debit Card,Online,Completed
ORD-104673,2023-04-12,South,Georgia,SO-02,CUST-00728,Consumer,Books,Non-Fiction,5,20.67,0.2,7.99,Credit Card,Online,Completed
ORD-105556,2023-04-12,South,Texas,SO-05,CUST-00557,Corporate,Electronics,Smartphones,3,543.94,0.2,4.99,PayPal,Online,Completed
ORD-103042,2023-04-13,South,Georgia,SO-01,CUST-00281,Home Office,Beauty & Health,Personal Care,4,43.39,0.0,0.0,Debit Card,In-Store,Returned
ORD-102036,2023-04-13,West,Washington,WE-05,CUST-00418,Corporate,Beauty & Health,Skincare,1,12.67,0.0,0.0,Debit Card,In-Store,Completed
ORD-105518,2023-04-13,North,North Dakota,NO-04,CUST-00570,Consumer,Electronics,Cameras,5,539.03,0.05,0.0,Credit Card,Online,Completed
ORD-100809,2023-04-13,Central,Ohio,CE-01,CUST-01496,Home Office,Home Goods,Bedding,5,379.68,0.15,4.99,PayPal,Online,Completed
ORD-100546,2023-04-13,West,California,WE-01,CUST-00901,Consumer,Electronics,Laptops,3,259.0,0.1,0.0,Debit Card,In-Store,Completed
ORD-100181,2023-04-13,East,New Jersey,EA-04,CUST-01293,Consumer,Electronics,Cameras,2,446.46,0.0,0.0,Credit Card,In-Store,Completed
ORD-102308,2023-04-13,North,North Dakota,NO-01,CUST-00657,Home Office,Home Goods,Decor,2,234.6,0.0,0.0,Debit Card,In-Store,Completed
ORD-104260,2023-04-14,East,New York,EA-02,CUST-00268,Corporate,Apparel,Women's Wear,7,94.98,0.1,0.0,Credit Card,Online,Completed
ORD-100694,2023-04-14,East,New Jersey,EA-04,CUST-01642,Corporate,Home Goods,Decor,7,445.6,0.15,0.0,Credit Card,In-Store,Returned
ORD-102334,2023-04-14,West,California,WE-05,CUST-01012,Consumer,Electronics,Smart Home,3,540.41,0.0,0.0,Debit Card,In-Store,Completed
ORD-102043,2023-04-14,East,Massachusetts,EA-05,CUST-00743,Corporate,Books,Educational,3,22.25,0.0,4.99,Credit Card,Online,Completed
ORD-102249,2023-04-14,West,Washington,WE-03,CUST-01242,Home Office,Beauty & Health,Wellness,3,66.12,0.05,0.0,PayPal,In-Store,Completed
ORD-102426,2023-04-15,Central,Missouri,CE-02,CUST-01410,Consumer,Books,Fiction,6,15.25,0.0,0.0,Debit Card,Online,Completed
ORD-103251,2023-04-15,North,Minnesota,NO-02,CUST-00468,Corporate,Electronics,Smartphones,2,1181.06,0.0,0.0,Credit Card,Online,Completed
ORD-103851,2023-04-15,South,Georgia,SO-02,CUST-00865,Consumer,Home Goods,Decor,1,576.21,0.0,7.99,Credit Card,Online,Completed
ORD-100079,2023-04-15,Central,Ohio,CE-01,CUST-00677,Consumer,Apparel,Kids' Wear,4,38.12,0.05,4.99,Credit Card,Online,Completed
ORD-101668,2023-04-15,Central,Illinois,CE-02,CUST-01399,Consumer,Apparel,Footwear,3,19.88,0.0,7.99,Cash,Online,Completed
ORD-100333,2023-04-15,West,California,WE-05,CUST-00660,Corporate,Sporting Goods,Outdoor Gear,3,290.95,0.0,0.0,Cash,Online,Completed
ORD-101252,2023-04-16,East,Massachusetts,EA-01,CUST-00491,Consumer,Apparel,Kids' Wear,3,33.92,0.0,0.0,Credit Card,In-Store,Completed
ORD-100429,2023-04-16,West,Washington,WE-02,CUST-00984,Consumer,Books,Non-Fiction,2,20.06,0.1,0.0,Credit Card,In-Store,Completed
ORD-100460,2023-04-16,West,Oregon,WE-02,CUST-01588,Consumer,Books,Educational,2,21.53,0.0,0.0,Credit Card,In-Store,Completed
ORD-103215,2023-04-16,West,California,WE-05,CUST-00327,Consumer,Beauty & Health,Skincare,4,58.69,0.1,12.99,Credit Card,Online,Completed
ORD-100938,2023-04-16,North,Wisconsin,NO-01,CUST-01755,Consumer,Sporting Goods,Cycling,5,249.72,0.15,0.0,Credit Card,In-Store,Completed
ORD-100750,2023-04-16,West,Washington,WE-02,CUST-00701,Consumer,Home Goods,Decor,4,151.9,0.0,0.0,PayPal,In-Store,Completed
ORD-103769,2023-04-16,West,California,WE-02,CUST-00523,Corporate,Electronics,Cameras,1,468.13,0.0,0.0,Debit Card,In-Store,Completed
ORD-103253,2023-04-16,Central,Missouri,CE-01,CUST-01171,Home Office,Electronics,Smartphones,7,370.15,0.0,4.99,Gift Card,Online,Completed
ORD-101960,2023-04-17,South,Georgia,SO-03,CUST-00515,Consumer,Books,Children's,3,21.98,0.1,0.0,Credit Card,In-Store,Completed
ORD-103788,2023-04-17,South,Georgia,SO-02,CUST-01119,Consumer,Electronics,Headphones,2,462.86,0.15,0.0,PayPal,Online,Completed
ORD-100459,2023-04-17,North,Minnesota,NO-05,CUST-01219,Consumer,Books,Non-Fiction,4,10.82,0.0,0.0,Debit Card,Online,Completed
ORD-105093,2023-04-17,East,New Jersey,EA-02,CUST-01444,Corporate,Home Goods,Kitchenware,3,96.9,0.0,7.99,Debit Card,Online,Completed
ORD-104150,2023-04-17,Central,Ohio,CE-01,CUST-01033,Corporate,Apparel,Women's Wear,4,91.71,0.0,0.0,Credit Card,Online,Completed
ORD-103837,2023-04-17,East,New York,EA-02,CUST-01462,Corporate,Beauty & Health,Haircare,6,48.66,0.05,0.0,Credit Card,Online,Completed
ORD-100380,2023-04-17,East,New Jersey,EA-01,CUST-00420,Consumer,Apparel,Footwear,2,36.94,0.1,4.99,Gift Card,Online,Completed
ORD-102832,2023-04-17,Central,Ohio,CE-01,CUST-00234,Consumer,Electronics,Headphones,5,772.3,0.0,4.99,Credit Card,Online,Completed
ORD-100644,2023-04-18,South,Georgia,SO-03,CUST-01486,Consumer,Apparel,Men's Wear,6,93.0,0.1,0.0,Credit Card,Online,Completed
ORD-100090,2023-04-18,West,Oregon,WE-01,CUST-01571,Consumer,Beauty & Health,Wellness,4,38.89,0.0,0.0,Cash,In-Store,Completed
ORD-105089,2023-04-18,Central,Illinois,CE-01,CUST-00515,Home Office,Apparel,Women's Wear,3,76.11,0.25,0.0,Credit Card,In-Store,Completed
ORD-104735,2023-04-18,South,Florida,SO-04,CUST-00621,Consumer,Apparel,Kids' Wear,3,73.95,0.05,0.0,Debit Card,In-Store,Completed
ORD-104996,2023-04-18,Central,Ohio,CE-03,CUST-01590,Consumer,Electronics,Smart Home,3,590.59,0.0,4.99,Debit Card,Online,Completed
ORD-103760,2023-04-19,North,Wisconsin,NO-02,CUST-01060,Consumer,Electronics,Laptops,3,456.17,0.0,0.0,Debit Card,In-Store,Completed
ORD-103929,2023-04-19,East,New York,EA-03,CUST-01274,Consumer,Sporting Goods,Cycling,7,199.25,0.0,0.0,Credit Card,Online,Completed
ORD-104630,2023-04-19,Central,Missouri,CE-04,CUST-00388,Consumer,Books,Children's,5,19.08,0.0,7.99,Debit Card,Online,Completed
ORD-101033,2023-04-19,East,New York,EA-05,CUST-00369,Consumer,Books,Fiction,1,28.07,0.0,0.0,Credit Card,In-Store,Completed
ORD-102355,2023-04-19,Central,Missouri,CE-03,CUST-01552,Home Office,Electronics,Smartphones,4,867.1,0.0,0.0,Credit Card,In-Store,Returned
ORD-100604,2023-04-19,East,New Jersey,EA-01,CUST-01245,Consumer,Home Goods,Kitchenware,3,597.31,0.1,12.99,Credit Card,Online,Completed
ORD-102706,2023-04-19,Central,Illinois,CE-04,CUST-00211,Consumer,Apparel,Accessories,4,41.27,0.0,0.0,Credit Card,In-Store,Completed
ORD-104730,2023-04-19,East,New Jersey,EA-03,CUST-01736,Home Office,Electronics,Cameras,3,317.02,0.0,7.99,Debit Card,Online,Completed
ORD-105816,2023-04-19,East,New York,EA-01,CUST-00107,Corporate,Apparel,Men's Wear,2,57.77,0.05,0.0,Credit Card,In-Store,Completed
ORD-101481,2023-04-19,Central,Missouri,CE-04,CUST-00499,Consumer,Apparel,Women's Wear,3,73.72,0.0,4.99,Credit Card,Online,Completed
ORD-100132,2023-04-19,East,New Jersey,EA-03,CUST-01787,Consumer,Books,Educational,3,11.54,0.0,4.99,Gift Card,Online,Cancelled
ORD-104247,2023-04-19,Central,Missouri,CE-01,CUST-01621,Consumer,Books,Educational,7,14.94,0.0,7.99,Credit Card,Online,Completed
ORD-101721,2023-04-20,North,Minnesota,NO-03,CUST-00778,Consumer,Home Goods,Bedding,2,381.29,0.0,0.0,Credit Card,In-Store,Completed
ORD-105029,2023-04-20,Central,Missouri,CE-05,CUST-01680,Consumer,Home Goods,Kitchenware,5,421.53,0.05,0.0,Credit Card,Online,Completed
ORD-101846,2023-04-20,East,New York,EA-04,CUST-00760,Consumer,Electronics,Laptops,2,346.16,0.15,7.99,Credit Card,Online,Completed
ORD-101535,2023-04-20,East,New Jersey,EA-02,CUST-00166,Corporate,Home Goods,Storage,6,252.42,0.0,0.0,PayPal,In-Store,Completed
ORD-102338,2023-04-20,North,Wisconsin,NO-03,CUST-01072,Consumer,Electronics,Laptops,3,495.38,0.1,0.0,Debit Card,In-Store,Completed
ORD-101821,2023-04-20,West,Washington,WE-05,CUST-00951,Consumer,Electronics,Smart Home,5,326.64,0.0,0.0,Credit Card,In-Store,Returned
ORD-100040,2023-04-21,North,Wisconsin,NO-03,CUST-00887,Consumer,Apparel,Footwear,4,60.86,0.15,12.99,Credit Card,Online,Completed
ORD-101417,2023-04-21,North,Minnesota,NO-02,CUST-01726,Consumer,Electronics,Smart Home,4,195.82,0.0,12.99,Credit Card,Online,Completed
ORD-104798,2023-04-21,Central,Illinois,CE-02,CUST-00114,Corporate,Apparel,Accessories,2,65.53,0.1,0.0,PayPal,Online,Returned
ORD-102580,2023-04-22,South,Texas,SO-02,CUST-01585,Home Office,Apparel,Women's Wear,3,122.22,0.0,4.99,Debit Card,Online,Completed
ORD-104400,2023-04-22,West,Washington,WE-01,CUST-00198,Consumer,Electronics,Smartphones,4,532.4,0.0,4.99,Credit Card,Online,Completed
ORD-104976,2023-04-22,South,Georgia,SO-05,CUST-00166,Consumer,Sporting Goods,Fitness Equipment,4,91.91,0.0,0.0,Credit Card,Online,Completed
ORD-104800,2023-04-22,South,Florida,SO-04,CUST-00255,Consumer,Home Goods,Kitchenware,5,183.05,0.0,12.99,PayPal,Online,Completed
ORD-104902,2023-04-22,East,New Jersey,EA-04,CUST-00894,Consumer,Sporting Goods,Team Sports,1,264.79,0.15,0.0,Debit Card,In-Store,Completed
ORD-102366,2023-04-22,South,Florida,SO-05,CUST-01465,Corporate,Home Goods,Storage,4,516.48,0.15,0.0,PayPal,In-Store,Completed
ORD-103681,2023-04-23,North,North Dakota,NO-01,CUST-00514,Consumer,Books,Comics,3,10.62,0.2,0.0,PayPal,In-Store,Completed
ORD-104202,2023-04-23,North,North Dakota,NO-01,CUST-00441,Home Office,Electronics,Headphones,5,823.97,0.0,4.99,Credit Card,Online,Cancelled
ORD-102478,2023-04-23,North,North Dakota,NO-05,CUST-00746,Consumer,Electronics,Smart Home,3,232.29,0.1,4.99,Credit Card,Online,Completed
ORD-105602,2023-04-23,West,Oregon,WE-01,CUST-01554,Consumer,Apparel,Women's Wear,4,20.86,0.25,7.99,PayPal,Online,Completed
ORD-101253,2023-04-23,North,Minnesota,NO-02,CUST-01626,Corporate,Electronics,Smartphones,5,717.77,0.25,7.99,Credit Card,Online,Completed
ORD-102686,2023-04-23,South,Georgia,SO-02,CUST-01340,Home Office,Sporting Goods,Outdoor Gear,2,500.0,0.15,0.0,Debit Card,Online,Completed
ORD-100812,2023-04-23,East,New York,EA-03,CUST-00488,Consumer,Beauty & Health,Makeup,1,18.87,0.05,7.99,PayPal,Online,Returned
ORD-100718,2023-04-23,North,North Dakota,NO-03,CUST-00992,Consumer,Beauty & Health,Personal Care,3,120.0,0.0,4.99,PayPal,Online,Completed
ORD-102702,2023-04-23,North,North Dakota,NO-04,CUST-00602,Consumer,Apparel,Accessories,3,29.45,0.0,0.0,Credit Card,In-Store,Completed
ORD-104312,2023-04-23,South,Texas,SO-01,CUST-01014,Home Office,Electronics,Cameras,4,235.94,0.0,0.0,PayPal,Online,Completed
ORD-105449,2023-04-24,Central,Illinois,CE-03,CUST-01240,Home Office,Apparel,Men's Wear,2,13.96,0.15,4.99,Credit Card,Online,Completed
ORD-104066,2023-04-24,Central,Illinois,CE-04,CUST-00951,Consumer,Beauty & Health,Wellness,3,75.87,0.2,0.0,Credit Card,Online,Cancelled
ORD-103588,2023-04-24,West,Washington,WE-04,CUST-00797,Consumer,Electronics,Smart Home,5,389.86,0.0,0.0,Debit Card,In-Store,Completed
ORD-105654,2023-04-24,West,Oregon,WE-02,CUST-01554,Consumer,Books,Children's,5,22.24,0.0,4.99,Gift Card,Online,Completed
ORD-105141,2023-04-24,Central,Missouri,CE-05,CUST-01448,Consumer,Home Goods,Bedding,1,197.3,0.1,7.99,PayPal,Online,Completed
ORD-102167,2023-04-24,North,North Dakota,NO-01,CUST-00680,Corporate,Sporting Goods,Cycling,3,92.35,0.0,7.99,Cash,Online,Completed
ORD-100294,2023-04-25,South,Georgia,SO-03,CUST-00488,Corporate,Apparel,Footwear,4,38.6,0.05,0.0,PayPal,Online,Completed
ORD-104278,2023-04-25,South,Texas,SO-05,CUST-00914,Consumer,Books,Comics,2,14.84,0.0,0.0,Credit Card,Online,Completed
ORD-100772,2023-04-25,East,New York,EA-05,CUST-01739,Consumer,Apparel,Men's Wear,3,51.73,0.25,0.0,Credit Card,In-Store,Completed
ORD-100655,2023-04-25,North,Wisconsin,NO-01,CUST-00259,Consumer,Electronics,Smartphones,3,581.73,0.1,0.0,Credit Card,In-Store,Completed
ORD-104399,2023-04-25,East,New York,EA-01,CUST-00298,Consumer,Electronics,Laptops,4,327.57,0.15,0.0,Debit Card,In-Store,Returned
ORD-105575,2023-04-26,North,Minnesota,NO-03,CUST-00533,Home Office,Apparel,Accessories,3,78.3,0.05,4.99,Gift Card,Online,Cancelled
ORD-101592,2023-04-26,South,Texas,SO-02,CUST-00457,Corporate,Apparel,Accessories,2,39.94,0.15,7.99,Debit Card,Online,Completed
ORD-102900,2023-04-26,North,Wisconsin,NO-02,CUST-00354,Consumer,Electronics,Cameras,3,236.1,0.0,0.0,Debit Card,In-Store,Completed
ORD-101836,2023-04-26,Central,Missouri,CE-02,CUST-01451,Home Office,Apparel,Footwear,6,63.5,0.0,0.0,Credit Card,Online,Completed
ORD-101646,2023-04-26,North,Wisconsin,NO-04,CUST-01297,Consumer,Electronics,Headphones,6,396.21,0.0,4.99,PayPal,Online,Completed
ORD-100588,2023-04-26,Central,Illinois,CE-02,CUST-01184,Corporate,Sporting Goods,Outdoor Gear,4,136.08,0.0,4.99,Credit Card,Online,Completed
ORD-104186,2023-04-26,West,California,WE-03,CUST-01734,Consumer,Electronics,Laptops,5,330.78,0.05,7.99,Credit Card,Online,Completed
ORD-100587,2023-04-27,South,Georgia,SO-02,CUST-00302,Consumer,Home Goods,Furniture,5,230.05,0.0,0.0,Credit Card,Online,Completed
ORD-101161,2023-04-27,East,Massachusetts,EA-05,CUST-00324,Consumer,Apparel,Women's Wear,3,71.92,0.05,0.0,Credit Card,In-Store,Completed
ORD-105902,2023-04-27,East,Massachusetts,EA-05,CUST-00629,Consumer,Home Goods,Kitchenware,2,201.19,0.0,0.0,Credit Card,In-Store,Returned
ORD-100539,2023-04-27,North,Minnesota,NO-01,CUST-00381,Consumer,Electronics,Smartphones,2,721.14,0.15,0.0,PayPal,In-Store,Completed
ORD-105271,2023-04-27,East,Massachusetts,EA-01,CUST-00577,Consumer,Electronics,Smartphones,4,550.66,0.0,0.0,Gift Card,In-Store,Completed
ORD-101119,2023-04-27,Central,Ohio,CE-03,CUST-00997,Consumer,Beauty & Health,Haircare,4,82.12,0.2,0.0,Credit Card,In-Store,Completed
ORD-105167,2023-04-28,Central,Illinois,CE-04,CUST-01338,Consumer,Books,Fiction,3,18.03,0.0,7.99,PayPal,Online,Completed
ORD-101199,2023-04-28,South,Georgia,SO-01,CUST-00587,Consumer,Beauty & Health,Personal Care,1,49.38,0.05,0.0,PayPal,In-Store,Completed
ORD-103535,2023-04-28,East,Massachusetts,EA-01,CUST-01113,Consumer,Books,Educational,4,18.15,0.05,7.99,Credit Card,Online,Completed
ORD-105655,2023-04-28,South,Texas,SO-04,CUST-00211,Corporate,Electronics,Smart Home,6,489.08,0.0,12.99,Credit Card,Online,Completed
ORD-103411,2023-04-28,North,Wisconsin,NO-01,CUST-01435,Home Office,Electronics,Cameras,5,510.4,0.05,0.0,Credit Card,In-Store,Completed
ORD-102476,2023-04-28,East,New Jersey,EA-01,CUST-00802,Consumer,Beauty & Health,Haircare,3,27.83,0.25,0.0,PayPal,In-Store,Completed
ORD-105724,2023-04-28,Central,Illinois,CE-05,CUST-00157,Consumer,Electronics,Cameras,6,653.34,0.2,0.0,PayPal,In-Store,Completed
ORD-101387,2023-04-29,West,Washington,WE-04,CUST-01176,Consumer,Books,Comics,4,7.93,0.25,0.0,Gift Card,In-Store,Completed
ORD-104643,2023-04-29,South,Texas,SO-05,CUST-01731,Corporate,Beauty & Health,Makeup,3,38.77,0.1,0.0,Debit Card,Online,Completed
ORD-102315,2023-04-29,East,New York,EA-01,CUST-00618,Consumer,Electronics,Smartphones,5,401.7,0.15,0.0,Credit Card,Online,Completed
ORD-105149,2023-04-29,Central,Illinois,CE-01,CUST-00152,Consumer,Home Goods,Decor,2,379.91,0.0,0.0,PayPal,In-Store,Completed
ORD-101868,2023-04-29,South,Texas,SO-05,CUST-01001,Consumer,Home Goods,Storage,3,293.07,0.25,7.99,PayPal,Online,Completed
ORD-101246,2023-04-29,Central,Illinois,CE-03,CUST-00913,Corporate,Electronics,Headphones,4,652.43,0.0,0.0,Credit Card,In-Store,Completed
ORD-104086,2023-04-29,East,Massachusetts,EA-03,CUST-00837,Home Office,Apparel,Footwear,7,110.0,0.15,0.0,PayPal,In-Store,Completed
ORD-102994,2023-04-29,East,New York,EA-03,CUST-01465,Corporate,Home Goods,Furniture,3,530.5,0.0,0.0,Cash,In-Store,Completed
ORD-104587,2023-04-29,West,Washington,WE-01,CUST-00594,Consumer,Electronics,Cameras,7,484.66,0.05,7.99,PayPal,Online,Completed
ORD-101734,2023-04-29,West,California,WE-03,CUST-01781,Consumer,Beauty & Health,Personal Care,4,33.63,0.15,4.99,Credit Card,Online,Completed
ORD-101365,2023-04-29,North,Minnesota,NO-05,CUST-00430,Consumer,Books,Comics,2,24.76,0.0,0.0,Debit Card,In-Store,Completed
ORD-101291,2023-04-30,South,Georgia,SO-05,CUST-01536,Consumer,Apparel,Kids' Wear,4,119.98,0.0,0.0,Credit Card,In-Store,Completed
ORD-101684,2023-04-30,Central,Ohio,CE-05,CUST-01020,Consumer,Apparel,Footwear,3,40.88,0.25,0.0,Credit Card,In-Store,Completed
ORD-104184,2023-04-30,East,New York,EA-02,CUST-01450,Home Office,Electronics,Smart Home,5,385.55,0.1,4.99,Credit Card,Online,Completed
ORD-104871,2023-04-30,North,Wisconsin,NO-01,CUST-01338,Home Office,Electronics,Smartphones,3,729.53,0.0,12.99,Debit Card,Online,Completed
ORD-104497,2023-04-30,East,New York,EA-02,CUST-01024,Home Office,Electronics,Cameras,2,495.71,0.0,0.0,Credit Card,Online,Returned
ORD-105510,2023-04-30,East,New Jersey,EA-04,CUST-00368,Corporate,Beauty & Health,Haircare,2,39.09,0.25,0.0,PayPal,Online,Completed
ORD-104331,2023-04-30,West,Washington,WE-03,CUST-01572,Corporate,Sporting Goods,Fitness Equipment,4,179.49,0.0,4.99,PayPal,Online,Completed
ORD-104466,2023-04-30,South,Georgia,SO-03,CUST-01615,Consumer,Apparel,Accessories,4,62.39,0.0,0.0,Debit Card,Online,Returned
ORD-105182,2023-05-01,West,California,WE-05,CUST-00849,Consumer,Home Goods,Decor,4,271.03,0.1,12.99,Gift Card,Online,Completed
ORD-100556,2023-05-01,North,North Dakota,NO-05,CUST-01703,Corporate,Home Goods,Kitchenware,4,477.49,0.0,0.0,Credit Card,In-Store,Completed
ORD-105442,2023-05-01,South,Georgia,SO-05,CUST-00108,Home Office,Books,Children's,2,18.05,0.0,0.0,Debit Card,Online,Completed
ORD-102764,2023-05-01,South,Florida,SO-02,CUST-01402,Corporate,Electronics,Laptops,4,501.75,0.0,0.0,Credit Card,In-Store,Completed
ORD-101984,2023-05-01,South,Texas,SO-02,CUST-01795,Consumer,Books,Educational,3,12.15,0.0,4.99,Debit Card,Online,Completed
ORD-105531,2023-05-01,East,New York,EA-01,CUST-00712,Corporate,Electronics,Headphones,3,479.03,0.0,0.0,Credit Card,Online,Completed
ORD-102599,2023-05-01,North,North Dakota,NO-01,CUST-00166,Home Office,Books,Comics,4,14.47,0.15,0.0,Credit Card,In-Store,Completed
ORD-101697,2023-05-02,West,California,WE-04,CUST-01075,Consumer,Books,Comics,1,10.64,0.25,0.0,PayPal,In-Store,Completed
ORD-105295,2023-05-02,South,Florida,SO-01,CUST-00307,Corporate,Beauty & Health,Skincare,6,56.6,0.0,0.0,Debit Card,In-Store,Completed
ORD-102521,2023-05-02,North,North Dakota,NO-05,CUST-00013,Consumer,Apparel,Accessories,2,50.71,0.25,0.0,Credit Card,Online,Completed
ORD-104463,2023-05-02,North,Wisconsin,NO-03,CUST-01395,Consumer,Sporting Goods,Team Sports,5,227.3,0.05,4.99,PayPal,Online,Completed
ORD-100703,2023-05-02,North,Minnesota,NO-05,CUST-00970,Consumer,Apparel,Footwear,4,39.02,0.05,0.0,PayPal,In-Store,Completed
ORD-104141,2023-05-02,East,New Jersey,EA-04,CUST-00232,Corporate,Books,Non-Fiction,3,32.87,0.15,0.0,Credit Card,In-Store,Returned
ORD-101993,2023-05-02,North,Wisconsin,NO-03,CUST-00445,Consumer,Sporting Goods,Footwear,3,113.61,0.1,0.0,Credit Card,In-Store,Completed
ORD-105796,2023-05-03,Central,Missouri,CE-01,CUST-01388,Consumer,Sporting Goods,Outdoor Gear,2,143.0,0.0,0.0,Debit Card,Online,Completed
ORD-103953,2023-05-03,South,Florida,SO-02,CUST-00222,Consumer,Books,Comics,3,18.51,0.05,0.0,Credit Card,In-Store,Completed
ORD-100562,2023-05-03,North,North Dakota,NO-04,CUST-01710,Home Office,Apparel,Accessories,2,89.55,0.05,0.0,Credit Card,In-Store,Completed
ORD-105549,2023-05-03,East,New York,EA-01,CUST-01260,Corporate,Home Goods,Furniture,3,286.24,0.0,0.0,Gift Card,Online,Completed
ORD-104634,2023-05-04,South,Georgia,SO-04,CUST-00441,Consumer,Home Goods,Bedding,2,329.05,0.0,7.99,Debit Card,Online,Completed
ORD-100997,2023-05-04,West,California,WE-04,CUST-00503,Consumer,Electronics,Laptops,4,537.32,0.0,0.0,PayPal,In-Store,Completed
ORD-103551,2023-05-04,Central,Ohio,CE-02,CUST-01085,Consumer,Apparel,Women's Wear,2,102.12,0.2,12.99,PayPal,Online,Completed
ORD-101749,2023-05-04,West,Washington,WE-03,CUST-01546,Corporate,Home Goods,Bedding,3,94.54,0.05,0.0,Gift Card,In-Store,Completed
ORD-101585,2023-05-04,Central,Ohio,CE-04,CUST-00936,Consumer,Home Goods,Bedding,4,194.3,0.0,0.0,Credit Card,Online,Completed
ORD-100946,2023-05-04,South,Georgia,SO-03,CUST-01063,Corporate,Electronics,Smartphones,7,1200.0,0.0,0.0,Credit Card,In-Store,Completed
ORD-102666,2023-05-04,North,North Dakota,NO-04,CUST-01139,Home Office,Electronics,Smart Home,3,292.27,0.0,7.99,Cash,Online,Completed
ORD-104568,2023-05-05,East,New Jersey,EA-05,CUST-00959,Home Office,Sporting Goods,Outdoor Gear,4,251.97,0.0,0.0,Credit Card,In-Store,Returned
ORD-104698,2023-05-05,South,Florida,SO-02,CUST-01496,Consumer,Sporting Goods,Fitness Equipment,2,102.52,0.0,7.99,Gift Card,Online,Completed
ORD-100179,2023-05-05,South,Florida,SO-04,CUST-01102,Consumer,Apparel,Accessories,4,76.22,0.2,12.99,Debit Card,Online,Completed
ORD-100590,2023-05-06,Central,Ohio,CE-05,CUST-01199,Consumer,Apparel,Footwear,4,62.24,0.0,0.0,PayPal,In-Store,Completed
ORD-102013,2023-05-06,West,Oregon,WE-03,CUST-00195,Consumer,Electronics,Headphones,4,196.81,0.15,0.0,Debit Card,In-Store,Completed
ORD-100930,2023-05-06,Central,Missouri,CE-03,CUST-00530,Consumer,Home Goods,Kitchenware,3,213.47,0.0,12.99,Debit Card,Online,Completed
ORD-104686,2023-05-06,South,Florida,SO-03,CUST-00317,Corporate,Home Goods,Kitchenware,3,257.51,0.0,0.0,Credit Card,In-Store,Completed
ORD-105390,2023-05-06,West,Oregon,WE-01,CUST-01005,Consumer,Electronics,Smart Home,3,770.3,0.05,4.99,PayPal,Online,Returned
ORD-100021,2023-05-06,Central,Illinois,CE-01,CUST-00233,Consumer,Apparel,Men's Wear,4,37.8,0.05,0.0,Credit Card,Online,Completed
ORD-101434,2023-05-06,West,Oregon,WE-03,CUST-00066,Consumer,Sporting Goods,Cycling,3,249.56,0.0,0.0,Credit Card,In-Store,Completed
ORD-102455,2023-05-06,North,Wisconsin,NO-05,CUST-00773,Corporate,Beauty & Health,Makeup,2,22.74,0.0,0.0,Credit Card,Online,Completed
ORD-100754,2023-05-06,South,Georgia,SO-02,CUST-00063,Consumer,Apparel,Footwear,2,43.02,0.0,0.0,Credit Card,In-Store,Completed
ORD-100726,2023-05-06,South,Georgia,SO-01,CUST-00619,Home Office,Books,Non-Fiction,2,9.29,0.25,12.99,Credit Card,Online,Completed
ORD-102284,2023-05-07,East,New Jersey,EA-05,CUST-01446,Corporate,Apparel,Footwear,3,21.77,0.1,0.0,Debit Card,In-Store,Completed
ORD-102743,2023-05-07,West,California,WE-01,CUST-00703,Corporate,Electronics,Smartphones,2,295.48,0.05,7.99,Credit Card,Online,Completed
ORD-100066,2023-05-07,Central,Illinois,CE-05,CUST-00271,Consumer,Books,Comics,6,15.18,0.0,0.0,PayPal,In-Store,Completed
ORD-100832,2023-05-07,Central,Ohio,CE-04,CUST-01529,Home Office,Books,Non-Fiction,2,43.14,0.0,0.0,PayPal,Online,Completed
ORD-100262,2023-05-07,North,Wisconsin,NO-04,CUST-00784,Consumer,Home Goods,Storage,3,386.95,0.05,7.99,Cash,Online,Completed
ORD-100919,2023-05-07,Central,Ohio,CE-02,CUST-01045,Consumer,Home Goods,Decor,2,462.34,0.0,0.0,PayPal,Online,Returned
ORD-104457,2023-05-07,Central,Illinois,CE-01,CUST-01229,Corporate,Beauty & Health,Wellness,3,32.66,0.2,0.0,Credit Card,In-Store,Completed
ORD-102110,2023-05-07,South,Georgia,SO-04,CUST-01777,Corporate,Books,Fiction,3,12.14,0.0,4.99,Gift Card,Online,Completed
ORD-102411,2023-05-07,West,California,WE-05,CUST-00669,Corporate,Apparel,Accessories,3,116.24,0.15,0.0,Credit Card,Online,Completed
ORD-103328,2023-05-07,South,Texas,SO-05,CUST-01575,Corporate,Electronics,Smart Home,5,301.04,0.0,0.0,PayPal,In-Store,Completed
ORD-104847,2023-05-08,South,Georgia,SO-04,CUST-01683,Home Office,Electronics,Smart Home,5,393.49,0.0,0.0,Credit Card,In-Store,Completed
ORD-103600,2023-05-08,North,North Dakota,NO-05,CUST-00411,Corporate,Apparel,Women's Wear,2,45.68,0.0,0.0,Credit Card,In-Store,Completed
ORD-102156,2023-05-08,Central,Illinois,CE-02,CUST-00598,Consumer,Apparel,Accessories,4,80.19,0.0,0.0,Credit Card,Online,Completed
ORD-105723,2023-05-08,North,North Dakota,NO-03,CUST-00282,Consumer,Apparel,Kids' Wear,4,59.26,0.0,0.0,Credit Card,Online,Completed
ORD-104407,2023-05-09,North,Minnesota,NO-02,CUST-01133,Consumer,Apparel,Women's Wear,3,47.09,0.0,4.99,Credit Card,Online,Returned
ORD-105984,2023-05-09,Central,Ohio,CE-01,CUST-00783,Home Office,Electronics,Smartphones,2,627.21,0.0,0.0,Cash,In-Store,Completed
ORD-102359,2023-05-09,West,Oregon,WE-05,CUST-00791,Consumer,Apparel,Men's Wear,4,54.1,0.05,4.99,Debit Card,Online,Completed
ORD-101720,2023-05-09,Central,Illinois,CE-03,CUST-00990,Corporate,Books,Non-Fiction,3,15.55,0.0,0.0,Debit Card,In-Store,Completed
ORD-103611,2023-05-09,South,Florida,SO-02,CUST-00285,Corporate,Apparel,Kids' Wear,4,48.19,0.0,12.99,PayPal,Online,Completed
ORD-100430,2023-05-09,North,Minnesota,NO-04,CUST-00399,Corporate,Apparel,Kids' Wear,4,50.06,0.0,4.99,Gift Card,Online,Completed
ORD-102594,2023-05-09,Central,Ohio,CE-03,CUST-01418,Corporate,Books,Non-Fiction,4,19.01,0.1,4.99,Cash,Online,Completed
ORD-105318,2023-05-09,Central,Ohio,CE-01,CUST-00152,Home Office,Books,Comics,4,13.61,0.15,4.99,Debit Card,Online,Completed
ORD-102393,2023-05-09,South,Florida,SO-02,CUST-01669,Consumer,Apparel,Men's Wear,2,65.3,0.0,0.0,Credit Card,Online,Completed
ORD-102537,2023-05-09,South,Florida,SO-04,CUST-00191,Corporate,Electronics,Laptops,4,386.03,0.0,12.99,Cash,Online,Completed
ORD-101278,2023-05-09,South,Georgia,SO-03,CUST-00540,Consumer,Electronics,Smart Home,2,506.12,0.0,0.0,Credit Card,In-Store,Completed
ORD-103255,2023-05-09,South,Texas,SO-01,CUST-01070,Corporate,Books,Children's,1,16.26,0.05,0.0,PayPal,In-Store,Completed
ORD-105719,2023-05-10,South,Georgia,SO-03,CUST-00648,Corporate,Home Goods,Furniture,4,198.51,0.0,0.0,Gift Card,In-Store,Completed
ORD-104296,2023-05-10,South,Texas,SO-02,CUST-00969,Consumer,Home Goods,Furniture,4,195.32,0.0,0.0,Credit Card,Online,Completed
ORD-105856,2023-05-10,South,Georgia,SO-04,CUST-01573,Corporate,Beauty & Health,Makeup,3,64.51,0.0,4.99,Credit Card,Online,Completed
ORD-103554,2023-05-10,Central,Ohio,CE-02,CUST-00839,Corporate,Apparel,Kids' Wear,2,35.33,0.05,0.0,Debit Card,Online,Completed
ORD-104118,2023-05-10,Central,Ohio,CE-04,CUST-00880,Corporate,Home Goods,Furniture,7,194.63,0.05,7.99,PayPal,Online,Completed
ORD-100152,2023-05-11,South,Georgia,SO-04,CUST-01444,Corporate,Home Goods,Kitchenware,3,113.56,0.2,0.0,Cash,In-Store,Completed
ORD-105841,2023-05-11,Central,Illinois,CE-01,CUST-01346,Consumer,Sporting Goods,Fitness Equipment,4,189.8,0.0,0.0,PayPal,Online,Completed
ORD-105684,2023-05-11,West,California,WE-03,CUST-01177,Consumer,Sporting Goods,Footwear,3,102.96,0.0,0.0,Gift Card,In-Store,Completed
ORD-105777,2023-05-12,South,Florida,SO-04,CUST-01329,Consumer,Apparel,Accessories,4,66.7,0.0,7.99,PayPal,Online,Returned
ORD-104378,2023-05-12,South,Florida,SO-01,CUST-00116,Consumer,Apparel,Accessories,4,19.02,0.2,0.0,Credit Card,Online,Completed
ORD-105536,2023-05-12,West,Washington,WE-04,CUST-00244,Home Office,Apparel,Women's Wear,2,45.05,0.15,0.0,Debit Card,Online,Completed
ORD-104856,2023-05-12,East,New York,EA-05,CUST-01364,Consumer,Home Goods,Bedding,6,141.36,0.15,0.0,Gift Card,In-Store,Completed
ORD-105688,2023-05-13,Central,Illinois,CE-01,CUST-01115,Consumer,Books,Comics,3,17.65,0.0,0.0,Credit Card,Online,Completed
ORD-105950,2023-05-13,Central,Illinois,CE-05,CUST-01664,Consumer,Books,Non-Fiction,4,13.32,0.0,4.99,Credit Card,Online,Completed
ORD-103542,2023-05-13,West,Washington,WE-02,CUST-00823,Consumer,Electronics,Smart Home,3,408.02,0.05,4.99,Cash,Online,Completed
ORD-102760,2023-05-13,West,Washington,WE-03,CUST-00606,Consumer,Books,Children's,4,34.95,0.0,12.99,Credit Card,Online,Completed
ORD-100576,2023-05-13,West,California,WE-01,CUST-01355,Corporate,Books,Comics,4,10.46,0.0,0.0,Debit Card,In-Store,Completed
ORD-104622,2023-05-13,South,Texas,SO-01,CUST-00169,Consumer,Beauty & Health,Wellness,5,38.88,0.05,0.0,Debit Card,Online,Returned
ORD-101947,2023-05-13,East,New Jersey,EA-03,CUST-00042,Consumer,Electronics,Smartphones,2,224.83,0.0,0.0,Credit Card,In-Store,Completed
ORD-103525,2023-05-13,Central,Missouri,CE-03,CUST-01336,Consumer,Electronics,Cameras,5,277.32,0.0,0.0,Credit Card,In-Store,Completed
ORD-104896,2023-05-13,Central,Missouri,CE-03,CUST-01226,Consumer,Apparel,Women's Wear,7,41.13,0.05,7.99,Credit Card,Online,Returned
ORD-101693,2023-05-13,South,Georgia,SO-01,CUST-00064,Home Office,Electronics,Headphones,4,420.49,0.0,0.0,Credit Card,In-Store,Completed
ORD-102747,2023-05-13,South,Texas,SO-01,CUST-00931,Consumer,Beauty & Health,Makeup,3,41.52,0.0,0.0,Cash,In-Store,Completed
ORD-103896,2023-05-13,South,Texas,SO-02,CUST-00644,Consumer,Home Goods,Furniture,1,224.69,0.0,12.99,Credit Card,Online,Completed
ORD-101423,2023-05-14,North,Wisconsin,NO-03,CUST-01629,Consumer,Apparel,Accessories,2,15.1,0.0,4.99,Gift Card,Online,Completed
ORD-104867,2023-05-14,East,Massachusetts,EA-01,CUST-00122,Consumer,Electronics,Headphones,3,446.61,0.0,0.0,Debit Card,In-Store,Cancelled
ORD-105164,2023-05-14,North,Minnesota,NO-05,CUST-00344,Consumer,Sporting Goods,Team Sports,7,106.42,0.0,0.0,Credit Card,In-Store,Completed
ORD-100844,2023-05-14,North,Wisconsin,NO-04,CUST-01342,Corporate,Home Goods,Furniture,4,506.61,0.15,12.99,Debit Card,Online,Completed
ORD-102483,2023-05-14,West,Washington,WE-01,CUST-01305,Consumer,Apparel,Accessories,2,83.08,0.0,0.0,PayPal,Online,Completed
ORD-104004,2023-05-15,Central,Ohio,CE-03,CUST-00557,Corporate,Apparel,Accessories,4,27.6,0.0,0.0,Credit Card,In-Store,Completed
ORD-101909,2023-05-15,West,California,WE-01,CUST-00995,Corporate,Books,Fiction,3,16.09,0.0,0.0,Credit Card,In-Store,Completed
ORD-105999,2023-05-15,Central,Ohio,CE-05,CUST-01752,Consumer,Apparel,Accessories,5,116.4,0.0,0.0,Credit Card,In-Store,Completed
ORD-100519,2023-05-16,South,Texas,SO-04,CUST-00709,Consumer,Apparel,Women's Wear,5,41.6,0.0,0.0,Credit Card,In-Store,Completed
ORD-101764,2023-05-16,North,North Dakota,NO-04,CUST-01725,Corporate,Apparel,Accessories,1,23.93,0.0,0.0,Credit Card,In-Store,Completed
ORD-103730,2023-05-16,North,Wisconsin,NO-01,CUST-01582,Consumer,Electronics,Cameras,2,562.52,0.0,0.0,Gift Card,In-Store,Completed
ORD-100775,2023-05-16,North,Wisconsin,NO-01,CUST-00345,Corporate,Electronics,Smart Home,1,1149.65,0.0,0.0,PayPal,In-Store,Completed
ORD-105977,2023-05-16,North,Wisconsin,NO-02,CUST-00168,Corporate,Home Goods,Decor,2,381.24,0.0,0.0,Credit Card,In-Store,Completed
ORD-101790,2023-05-16,North,Minnesota,NO-01,CUST-01187,Corporate,Electronics,Smart Home,2,1200.0,0.0,0.0,Debit Card,Online,Completed
ORD-104272,2023-05-17,South,Florida,SO-02,CUST-00465,Consumer,Electronics,Laptops,2,157.45,0.0,0.0,PayPal,In-Store,Returned
ORD-104297,2023-05-17,North,Wisconsin,NO-03,CUST-00714,Corporate,Beauty & Health,Haircare,2,19.94,0.15,0.0,Credit Card,In-Store,Completed
ORD-102894,2023-05-17,West,Oregon,WE-05,CUST-00988,Consumer,Home Goods,Bedding,3,325.16,0.15,7.99,Cash,Online,Completed
ORD-100760,2023-05-17,East,Massachusetts,EA-02,CUST-00306,Corporate,Beauty & Health,Skincare,4,31.47,0.0,4.99,PayPal,Online,Completed
ORD-105228,2023-05-17,Central,Ohio,CE-01,CUST-00236,Corporate,Home Goods,Decor,3,300.55,0.0,4.99,Debit Card,Online,Completed
ORD-100589,2023-05-17,Central,Illinois,CE-05,CUST-00784,Home Office,Home Goods,Furniture,2,521.82,0.0,0.0,Credit Card,In-Store,Returned
ORD-102037,2023-05-17,South,Florida,SO-01,CUST-00781,Corporate,Electronics,Laptops,4,235.91,0.05,7.99,Credit Card,Online,Completed
ORD-101221,2023-05-17,North,Minnesota,NO-04,CUST-01156,Consumer,Apparel,Kids' Wear,6,44.05,0.05,0.0,Credit Card,Online,Cancelled
ORD-101637,2023-05-18,South,Georgia,SO-03,CUST-01780,Home Office,Books,Comics,7,11.51,0.05,0.0,PayPal,Online,Completed
ORD-100801,2023-05-18,Central,Ohio,CE-01,CUST-01202,Home Office,Sporting Goods,Outdoor Gear,5,245.16,0.0,0.0,Credit Card,Online,Completed
ORD-102115,2023-05-18,South,Georgia,SO-02,CUST-01219,Corporate,Apparel,Men's Wear,3,62.96,0.05,7.99,Credit Card,Online,Completed
ORD-101710,2023-05-18,East,New York,EA-03,CUST-00699,Consumer,Home Goods,Bedding,3,199.36,0.0,0.0,Debit Card,Online,Completed
ORD-103631,2023-05-18,South,Georgia,SO-03,CUST-01093,Consumer,Sporting Goods,Outdoor Gear,4,173.47,0.05,0.0,Credit Card,In-Store,Completed
ORD-100665,2023-05-18,North,Wisconsin,NO-02,CUST-00136,Corporate,Beauty & Health,Haircare,4,37.3,0.0,0.0,Debit Card,Online,Returned
ORD-104552,2023-05-19,South,Texas,SO-01,CUST-01327,Consumer,Sporting Goods,Outdoor Gear,5,181.12,0.2,0.0,Credit Card,In-Store,Completed
ORD-103480,2023-05-19,South,Texas,SO-03,CUST-01366,Consumer,Books,Comics,2,32.5,0.15,7.99,Debit Card,Online,Returned
ORD-101109,2023-05-19,North,Minnesota,NO-05,CUST-00445,Consumer,Sporting Goods,Fitness Equipment,4,181.78,0.25,7.99,PayPal,Online,Returned
ORD-104985,2023-05-19,East,Massachusetts,EA-04,CUST-01764,Corporate,Apparel,Women's Wear,5,79.0,0.05,0.0,Credit Card,In-Store,Completed
ORD-104003,2023-05-19,Central,Ohio,CE-01,CUST-01503,Consumer,Home Goods,Kitchenware,6,90.07,0.15,4.99,Debit Card,Online,Completed
ORD-100790,2023-05-19,West,Washington,WE-05,CUST-00462,Consumer,Books,Non-Fiction,2,26.97,0.25,0.0,Credit Card,Online,Completed
ORD-103078,2023-05-20,West,California,WE-04,CUST-00555,Corporate,Electronics,Cameras,6,1015.73,0.05,0.0,Credit Card,In-Store,Completed
ORD-103645,2023-05-20,West,Washington,WE-04,CUST-01702,Consumer,Sporting Goods,Team Sports,5,107.64,0.2,0.0,Credit Card,Online,Completed
ORD-100866,2023-05-20,North,Wisconsin,NO-02,CUST-00675,Corporate,Electronics,Smartphones,4,1200.0,0.15,0.0,PayPal,Online,Completed
ORD-103545,2023-05-20,South,Texas,SO-01,CUST-00643,Consumer,Home Goods,Bedding,1,128.66,0.05,0.0,Credit Card,In-Store,Completed
ORD-102396,2023-05-20,Central,Ohio,CE-01,CUST-00669,Home Office,Home Goods,Storage,3,187.59,0.0,0.0,Credit Card,Online,Returned
ORD-100698,2023-05-20,East,New York,EA-04,CUST-00426,Corporate,Home Goods,Decor,2,616.8,0.0,0.0,Gift Card,Online,Completed
ORD-105327,2023-05-20,South,Texas,SO-04,CUST-00898,Consumer,Electronics,Laptops,1,362.92,0.0,0.0,Credit Card,In-Store,Completed
ORD-102439,2023-05-20,Central,Illinois,CE-03,CUST-00754,Corporate,Electronics,Headphones,1,285.62,0.0,0.0,PayPal,In-Store,Returned
ORD-105490,2023-05-21,North,Minnesota,NO-03,CUST-01711,Consumer,Books,Non-Fiction,2,45.0,0.1,0.0,Credit Card,In-Store,Completed
ORD-100318,2023-05-21,South,Georgia,SO-02,CUST-01763,Consumer,Electronics,Smartphones,5,441.82,0.0,0.0,Credit Card,In-Store,Completed
ORD-104027,2023-05-21,East,Massachusetts,EA-03,CUST-00186,Corporate,Electronics,Smart Home,3,532.47,0.25,0.0,Cash,In-Store,Completed
ORD-104034,2023-05-21,West,Oregon,WE-02,CUST-00362,Corporate,Books,Fiction,3,21.03,0.15,4.99,Credit Card,Online,Completed
ORD-100875,2023-05-21,Central,Missouri,CE-04,CUST-00416,Consumer,Apparel,Women's Wear,6,150.0,0.1,12.99,Cash,Online,Completed
ORD-103461,2023-05-21,East,Massachusetts,EA-02,CUST-00467,Home Office,Apparel,Men's Wear,7,95.71,0.05,0.0,Credit Card,In-Store,Completed
ORD-104833,2023-05-21,East,New Jersey,EA-02,CUST-01432,Consumer,Electronics,Headphones,2,562.12,0.0,0.0,Credit Card,Online,Completed
ORD-100004,2023-05-21,Central,Ohio,CE-03,CUST-01424,Consumer,Apparel,Men's Wear,4,45.02,0.1,12.99,Credit Card,Online,Completed
ORD-100005,2023-05-21,South,Texas,SO-04,CUST-01008,Consumer,Apparel,Men's Wear,1,95.58,0.0,12.99,Credit Card,Online,Completed
ORD-103343,2023-05-21,North,North Dakota,NO-02,CUST-01679,Consumer,Apparel,Men's Wear,4,67.16,0.0,4.99,PayPal,Online,Completed
ORD-105691,2023-05-22,West,California,WE-02,CUST-00814,Consumer,Home Goods,Kitchenware,3,575.2,0.0,0.0,Credit Card,In-Store,Completed
ORD-102996,2023-05-22,West,Oregon,WE-05,CUST-00331,Home Office,Apparel,Kids' Wear,2,58.66,0.0,0.0,Cash,Online,Completed
ORD-103872,2023-05-22,Central,Illinois,CE-05,CUST-00070,Consumer,Beauty & Health,Haircare,2,25.59,0.2,0.0,Cash,In-Store,Completed
ORD-102102,2023-05-23,South,Texas,SO-04,CUST-00990,Consumer,Apparel,Men's Wear,7,49.73,0.0,4.99,Debit Card,Online,Returned
ORD-101156,2023-05-23,West,California,WE-03,CUST-01150,Home Office,Home Goods,Kitchenware,6,564.48,0.0,0.0,Credit Card,In-Store,Completed
ORD-101321,2023-05-24,West,Washington,WE-04,CUST-00783,Corporate,Apparel,Footwear,3,46.35,0.15,0.0,Cash,In-Store,Completed
ORD-105951,2023-05-24,Central,Illinois,CE-03,CUST-00787,Corporate,Home Goods,Kitchenware,4,282.37,0.2,0.0,Cash,Online,Completed
ORD-103172,2023-05-24,West,California,WE-04,CUST-00048,Corporate,Home Goods,Decor,4,255.52,0.0,4.99,Credit Card,Online,Completed
ORD-101991,2023-05-24,Central,Ohio,CE-01,CUST-00420,Corporate,Home Goods,Kitchenware,3,178.2,0.0,4.99,Debit Card,Online,Completed
ORD-104467,2023-05-24,Central,Ohio,CE-02,CUST-01647,Consumer,Beauty & Health,Personal Care,4,49.4,0.1,0.0,Debit Card,In-Store,Completed
ORD-103667,2023-05-25,East,New York,EA-04,CUST-00370,Consumer,Electronics,Smartphones,5,576.36,0.1,4.99,Debit Card,Online,Completed
ORD-103937,2023-05-25,East,New York,EA-03,CUST-00824,Consumer,Apparel,Kids' Wear,4,30.5,0.0,0.0,Debit Card,Online,Returned
ORD-103173,2023-05-25,North,North Dakota,NO-01,CUST-01462,Corporate,Electronics,Cameras,2,384.35,0.1,4.99,Cash,Online,Completed
ORD-103210,2023-05-25,Central,Ohio,CE-01,CUST-01051,Home Office,Apparel,Women's Wear,2,34.66,0.0,12.99,Gift Card,Online,Completed
ORD-104825,2023-05-25,Central,Missouri,CE-01,CUST-01427,Home Office,Books,Non-Fiction,5,27.31,0.0,4.99,Credit Card,Online,Completed
ORD-101884,2023-05-25,Central,Illinois,CE-05,CUST-01787,Home Office,Home Goods,Bedding,3,218.78,0.0,7.99,Credit Card,Online,Completed
ORD-100667,2023-05-25,Central,Illinois,CE-05,CUST-01585,Consumer,Apparel,Women's Wear,3,99.19,0.0,0.0,Credit Card,Online,Completed
ORD-102420,2023-05-25,North,Minnesota,NO-03,CUST-00154,Consumer,Electronics,Smartphones,1,263.15,0.2,0.0,Debit Card,In-Store,Completed
ORD-103999,2023-05-26,North,North Dakota,NO-03,CUST-01168,Consumer,Home Goods,Bedding,4,234.71,0.0,0.0,Credit Card,Online,Completed
ORD-105343,2023-05-26,North,Wisconsin,NO-05,CUST-01512,Corporate,Apparel,Footwear,5,45.76,0.0,0.0,PayPal,Online,Completed
ORD-101164,2023-05-26,West,California,WE-03,CUST-01677,Consumer,Apparel,Footwear,3,83.78,0.15,7.99,PayPal,Online,Cancelled
ORD-103844,2023-05-26,North,Wisconsin,NO-04,CUST-00562,Consumer,Beauty & Health,Personal Care,3,47.08,0.0,0.0,Debit Card,In-Store,Completed
ORD-103221,2023-05-26,North,Minnesota,NO-05,CUST-00393,Corporate,Electronics,Cameras,4,344.01,0.0,4.99,Gift Card,Online,Completed
ORD-100209,2023-05-26,Central,Illinois,CE-02,CUST-00664,Consumer,Apparel,Men's Wear,1,36.2,0.2,7.99,PayPal,Online,Completed
ORD-102807,2023-05-26,West,Washington,WE-03,CUST-01336,Consumer,Books,Fiction,4,15.19,0.1,0.0,Debit Card,Online,Completed
ORD-100202,2023-05-26,North,North Dakota,NO-04,CUST-00061,Corporate,Apparel,Kids' Wear,2,72.43,0.25,0.0,Debit Card,Online,Completed
ORD-100111,2023-05-26,East,New Jersey,EA-05,CUST-01105,Consumer,Home Goods,Bedding,3,220.79,0.1,0.0,PayPal,In-Store,Completed
ORD-104480,2023-05-26,North,North Dakota,NO-02,CUST-00210,Consumer,Apparel,Men's Wear,4,50.47,0.05,12.99,Debit Card,Online,Completed
ORD-104905,2023-05-26,West,Oregon,WE-04,CUST-00193,Consumer,Apparel,Women's Wear,6,50.55,0.0,0.0,Credit Card,Online,Returned
ORD-104280,2023-05-27,East,New York,EA-04,CUST-00238,Corporate,Books,Children's,6,34.77,0.0,0.0,Cash,In-Store,Completed
ORD-105850,2023-05-27,North,North Dakota,NO-03,CUST-00642,Consumer,Apparel,Accessories,2,66.28,0.1,4.99,Credit Card,Online,Completed
ORD-104254,2023-05-27,West,Washington,WE-03,CUST-00381,Home Office,Apparel,Kids' Wear,4,33.42,0.1,0.0,Debit Card,Online,Completed
ORD-102130,2023-05-27,East,New Jersey,EA-02,CUST-00049,Consumer,Apparel,Men's Wear,3,47.0,0.0,0.0,Debit Card,Online,Completed
ORD-103728,2023-05-27,West,Washington,WE-02,CUST-01532,Home Office,Home Goods,Bedding,3,231.99,0.25,0.0,Credit Card,In-Store,Completed
ORD-103948,2023-05-27,East,New Jersey,EA-05,CUST-00701,Consumer,Apparel,Women's Wear,4,28.96,0.05,0.0,PayPal,In-Store,Completed
ORD-100353,2023-05-27,West,Oregon,WE-03,CUST-00751,Consumer,Apparel,Accessories,2,41.19,0.05,4.99,Debit Card,Online,Completed
ORD-102971,2023-05-27,West,Oregon,WE-05,CUST-00364,Consumer,Apparel,Accessories,1,95.51,0.0,0.0,Credit Card,In-Store,Completed
ORD-100505,2023-05-27,North,Wisconsin,NO-03,CUST-01782,Corporate,Apparel,Kids' Wear,2,26.21,0.25,0.0,Credit Card,Online,Completed
ORD-102813,2023-05-27,Central,Illinois,CE-03,CUST-00751,Consumer,Apparel,Footwear,3,55.66,0.0,0.0,PayPal,Online,Completed
ORD-105799,2023-05-28,North,Minnesota,NO-03,CUST-00475,Consumer,Home Goods,Decor,3,230.47,0.0,4.99,Credit Card,Online,Completed
ORD-101212,2023-05-28,South,Florida,SO-01,CUST-01043,Consumer,Electronics,Headphones,3,419.98,0.0,4.99,Credit Card,Online,Returned
ORD-104796,2023-05-28,South,Texas,SO-01,CUST-01616,Consumer,Apparel,Accessories,4,87.47,0.0,7.99,Debit Card,Online,Cancelled
ORD-105534,2023-05-28,Central,Missouri,CE-03,CUST-01709,Corporate,Home Goods,Furniture,3,465.42,0.1,0.0,Debit Card,Online,Completed
ORD-105744,2023-05-28,North,Minnesota,NO-04,CUST-01583,Consumer,Electronics,Laptops,1,283.86,0.05,0.0,Credit Card,In-Store,Completed
ORD-100729,2023-05-28,East,New York,EA-04,CUST-01752,Consumer,Sporting Goods,Footwear,3,153.75,0.0,4.99,PayPal,Online,Completed
ORD-100730,2023-05-28,South,Texas,SO-05,CUST-01071,Corporate,Electronics,Cameras,1,1200.0,0.05,0.0,Credit Card,In-Store,Completed
ORD-101380,2023-05-28,South,Florida,SO-01,CUST-00710,Corporate,Apparel,Women's Wear,3,44.09,0.0,0.0,Credit Card,Online,Completed
ORD-104368,2023-05-28,West,California,WE-04,CUST-01381,Consumer,Apparel,Women's Wear,6,73.02,0.0,7.99,Credit Card,Online,Completed
ORD-103768,2023-05-29,East,Massachusetts,EA-04,CUST-00123,Consumer,Home Goods,Decor,4,355.49,0.05,0.0,Credit Card,Online,Completed
ORD-105909,2023-05-29,Central,Illinois,CE-05,CUST-00011,Corporate,Sporting Goods,Fitness Equipment,4,160.01,0.0,0.0,Credit Card,Online,Completed
ORD-102068,2023-05-29,West,Washington,WE-02,CUST-01476,Consumer,Sporting Goods,Outdoor Gear,6,127.11,0.0,0.0,PayPal,In-Store,Completed
ORD-101867,2023-05-29,South,Texas,SO-01,CUST-00353,Consumer,Electronics,Cameras,3,803.27,0.0,4.99,Debit Card,Online,Completed
ORD-103216,2023-05-29,West,Oregon,WE-01,CUST-00099,Consumer,Home Goods,Storage,5,348.49,0.0,0.0,Cash,Online,Completed
ORD-102127,2023-05-30,North,North Dakota,NO-04,CUST-01740,Corporate,Sporting Goods,Team Sports,5,115.27,0.0,0.0,PayPal,In-Store,Completed
ORD-103224,2023-05-30,East,New York,EA-03,CUST-00639,Consumer,Home Goods,Bedding,5,240.09,0.0,4.99,Debit Card,Online,Completed
ORD-104914,2023-05-30,South,Florida,SO-03,CUST-00914,Consumer,Electronics,Smartphones,2,934.88,0.25,4.99,Credit Card,Online,Completed
ORD-100958,2023-05-30,North,Minnesota,NO-05,CUST-00350,Consumer,Electronics,Cameras,5,520.83,0.1,0.0,Credit Card,In-Store,Completed
ORD-102052,2023-05-30,East,Massachusetts,EA-05,CUST-00321,Consumer,Electronics,Cameras,4,232.07,0.2,12.99,PayPal,Online,Completed
ORD-105010,2023-05-30,South,Florida,SO-02,CUST-00297,Corporate,Home Goods,Storage,2,279.55,0.05,0.0,Credit Card,In-Store,Completed
ORD-105034,2023-05-30,Central,Missouri,CE-03,CUST-00325,Corporate,Electronics,Headphones,5,193.75,0.0,0.0,Credit Card,In-Store,Completed
ORD-102777,2023-05-30,North,Wisconsin,NO-04,CUST-00934,Consumer,Apparel,Accessories,6,36.48,0.0,4.99,Debit Card,Online,Completed
ORD-105276,2023-05-30,West,Oregon,WE-01,CUST-01325,Home Office,Electronics,Laptops,1,570.51,0.25,0.0,Cash,In-Store,Completed
ORD-102391,2023-05-31,East,New York,EA-03,CUST-00616,Consumer,Books,Comics,3,12.42,0.0,7.99,Debit Card,Online,Completed
ORD-105810,2023-05-31,West,California,WE-05,CUST-01519,Consumer,Apparel,Accessories,3,48.44,0.1,0.0,Credit Card,Online,Completed
ORD-101400,2023-05-31,North,North Dakota,NO-02,CUST-01318,Consumer,Sporting Goods,Outdoor Gear,4,210.85,0.0,4.99,Credit Card,Online,Completed
ORD-103455,2023-05-31,West,Washington,WE-03,CUST-01341,Corporate,Beauty & Health,Makeup,3,63.07,0.0,7.99,Credit Card,Online,Completed
ORD-102935,2023-05-31,West,Washington,WE-01,CUST-00882,Consumer,Electronics,Smart Home,2,407.13,0.0,0.0,PayPal,Online,Completed
ORD-105728,2023-05-31,East,New York,EA-01,CUST-00130,Consumer,Electronics,Smartphones,4,405.61,0.0,0.0,Credit Card,In-Store,Completed
ORD-105677,2023-05-31,West,Washington,WE-02,CUST-01046,Corporate,Home Goods,Bedding,4,289.95,0.1,4.99,Debit Card,Online,Completed
ORD-101087,2023-05-31,South,Texas,SO-03,CUST-00439,Consumer,Apparel,Men's Wear,3,36.8,0.15,0.0,Credit Card,In-Store,Completed
ORD-102633,2023-05-31,West,Oregon,WE-01,CUST-01257,Home Office,Books,Educational,2,23.58,0.0,0.0,Credit Card,In-Store,Completed
ORD-103524,2023-06-01,South,Texas,SO-01,CUST-01538,Consumer,Apparel,Men's Wear,4,87.79,0.0,0.0,Debit Card,In-Store,Completed
ORD-101296,2023-06-01,North,Wisconsin,NO-05,CUST-00328,Corporate,Home Goods,Decor,1,194.86,0.0,0.0,Credit Card,In-Store,Completed
ORD-103876,2023-06-01,Central,Illinois,CE-01,CUST-00822,Consumer,Apparel,Footwear,4,117.98,0.1,0.0,Debit Card,Online,Completed
ORD-104729,2023-06-01,North,Wisconsin,NO-05,CUST-01704,Consumer,Home Goods,Furniture,5,98.82,0.0,4.99,Credit Card,Online,Completed
ORD-104655,2023-06-01,South,Georgia,SO-03,CUST-00460,Consumer,Home Goods,Storage,3,327.3,0.05,4.99,Debit Card,Online,Completed
ORD-105222,2023-06-01,East,New Jersey,EA-02,CUST-01121,Consumer,Sporting Goods,Team Sports,3,353.54,0.0,0.0,Debit Card,In-Store,Completed
ORD-101401,2023-06-01,South,Florida,SO-05,CUST-00681,Consumer,Apparel,Women's Wear,4,54.54,0.15,0.0,Credit Card,Online,Cancelled
ORD-101571,2023-06-01,West,California,WE-04,CUST-01050,Consumer,Apparel,Accessories,7,57.49,0.1,0.0,Credit Card,In-Store,Completed
ORD-104827,2023-06-01,Central,Ohio,CE-02,CUST-00576,Corporate,Electronics,Cameras,4,190.01,0.1,4.99,Credit Card,Online,Completed
ORD-105710,2023-06-02,West,Washington,WE-03,CUST-00087,Home Office,Apparel,Kids' Wear,4,59.12,0.15,4.99,Gift Card,Online,Completed
ORD-101392,2023-06-02,West,California,WE-02,CUST-01580,Consumer,Home Goods,Kitchenware,2,108.49,0.0,7.99,PayPal,Online,Completed
ORD-100600,2023-06-02,East,New Jersey,EA-01,CUST-00708,Consumer,Electronics,Smartphones,3,848.02,0.0,0.0,Credit Card,In-Store,Completed
ORD-100254,2023-06-02,North,North Dakota,NO-04,CUST-01233,Consumer,Sporting Goods,Team Sports,4,113.34,0.05,4.99,Credit Card,Online,Completed
ORD-105356,2023-06-02,North,Wisconsin,NO-03,CUST-01479,Consumer,Apparel,Footwear,4,86.1,0.0,4.99,Credit Card,Online,Completed
ORD-104649,2023-06-02,North,Wisconsin,NO-01,CUST-00998,Consumer,Home Goods,Bedding,2,168.11,0.0,0.0,Credit Card,In-Store,Returned
ORD-103469,2023-06-02,East,Massachusetts,EA-04,CUST-01337,Consumer,Beauty & Health,Makeup,5,31.56,0.0,0.0,Credit Card,Online,Completed
ORD-104810,2023-06-02,West,Oregon,WE-02,CUST-00883,Consumer,Home Goods,Decor,5,273.88,0.0,4.99,Credit Card,Online,Completed
ORD-100682,2023-06-03,Central,Missouri,CE-04,CUST-01208,Consumer,Apparel,Women's Wear,6,26.66,0.0,0.0,PayPal,In-Store,Completed
ORD-103332,2023-06-03,South,Georgia,SO-05,CUST-01202,Consumer,Home Goods,Storage,4,244.78,0.1,0.0,Gift Card,Online,Completed
ORD-100031,2023-06-03,South,Texas,SO-03,CUST-00489,Home Office,Apparel,Footwear,6,40.37,0.0,0.0,Credit Card,In-Store,Completed
ORD-103938,2023-06-03,Central,Ohio,CE-04,CUST-01605,Home Office,Apparel,Kids' Wear,4,48.07,0.1,0.0,Credit Card,In-Store,Completed
ORD-105369,2023-06-03,South,Florida,SO-02,CUST-01231,Consumer,Home Goods,Storage,6,524.9,0.0,7.99,Credit Card,Online,Completed
ORD-103653,2023-06-03,West,Washington,WE-02,CUST-00023,Corporate,Electronics,Cameras,6,354.2,0.05,4.99,Credit Card,Online,Completed
ORD-104398,2023-06-03,Central,Illinois,CE-03,CUST-00868,Consumer,Home Goods,Storage,5,176.19,0.05,0.0,Credit Card,In-Store,Completed
ORD-103245,2023-06-04,North,North Dakota,NO-04,CUST-00941,Corporate,Apparel,Kids' Wear,4,38.13,0.0,0.0,Credit Card,Online,Completed
ORD-100597,2023-06-04,East,New York,EA-02,CUST-01682,Corporate,Books,Non-Fiction,5,19.04,0.0,0.0,Credit Card,Online,Completed
ORD-100934,2023-06-04,South,Florida,SO-02,CUST-01584,Consumer,Books,Children's,5,37.8,0.15,4.99,PayPal,Online,Returned
ORD-103798,2023-06-04,South,Georgia,SO-05,CUST-00080,Corporate,Books,Children's,1,10.08,0.1,0.0,Debit Card,In-Store,Completed
ORD-104540,2023-06-04,East,Massachusetts,EA-02,CUST-01252,Corporate,Books,Comics,5,22.82,0.0,0.0,Credit Card,In-Store,Completed
ORD-101105,2023-06-05,South,Florida,SO-05,CUST-00940,Corporate,Home Goods,Decor,3,139.13,0.2,0.0,Credit Card,In-Store,Completed
ORD-102151,2023-06-05,West,California,WE-01,CUST-00132,Corporate,Beauty & Health,Haircare,3,37.95,0.0,0.0,PayPal,In-Store,Completed
ORD-105824,2023-06-05,North,Minnesota,NO-03,CUST-01417,Consumer,Electronics,Smart Home,2,794.6,0.1,4.99,Credit Card,Online,Completed
ORD-103676,2023-06-05,West,Washington,WE-04,CUST-00143,Consumer,Apparel,Accessories,3,74.39,0.0,0.0,Gift Card,In-Store,Completed
ORD-100342,2023-06-05,South,Georgia,SO-02,CUST-00219,Corporate,Apparel,Men's Wear,1,86.27,0.15,0.0,Credit Card,Online,Completed
ORD-100670,2023-06-05,West,Washington,WE-02,CUST-00038,Home Office,Electronics,Headphones,2,331.44,0.0,0.0,Credit Card,Online,Completed
ORD-101678,2023-06-05,Central,Illinois,CE-04,CUST-00010,Consumer,Apparel,Men's Wear,5,96.92,0.0,0.0,Credit Card,In-Store,Completed
ORD-100317,2023-06-05,West,Oregon,WE-01,CUST-01453,Home Office,Books,Educational,2,40.92,0.0,0.0,PayPal,Online,Completed
ORD-103619,2023-06-06,East,New York,EA-03,CUST-01262,Consumer,Books,Comics,5,18.89,0.0,0.0,Credit Card,In-Store,Completed
ORD-100175,2023-06-06,South,Georgia,SO-03,CUST-00723,Consumer,Books,Fiction,2,13.97,0.15,0.0,PayPal,In-Store,Completed
ORD-101690,2023-06-06,West,Oregon,WE-01,CUST-01404,Consumer,Apparel,Men's Wear,6,33.25,0.0,0.0,PayPal,In-Store,Completed
ORD-104103,2023-06-06,West,California,WE-01,CUST-00083,Consumer,Electronics,Smart Home,3,372.03,0.0,0.0,PayPal,Online,Completed
ORD-104510,2023-06-06,North,North Dakota,NO-04,CUST-00229,Corporate,Home Goods,Bedding,3,238.34,0.0,12.99,Credit Card,Online,Completed
ORD-105922,2023-06-06,North,Minnesota,NO-03,CUST-00826,Corporate,Apparel,Men's Wear,3,94.96,0.0,0.0,PayPal,In-Store,Completed
ORD-101808,2023-06-06,Central,Ohio,CE-03,CUST-01028,Home Office,Beauty & Health,Skincare,2,44.14,0.0,0.0,Credit Card,In-Store,Completed
ORD-105763,2023-06-06,South,Georgia,SO-02,CUST-00365,Consumer,Electronics,Smartphones,3,265.46,0.15,4.99,Gift Card,Online,Completed
ORD-102172,2023-06-06,South,Georgia,SO-03,CUST-01448,Consumer,Apparel,Men's Wear,2,40.41,0.1,0.0,PayPal,In-Store,Completed
ORD-103591,2023-06-07,North,Wisconsin,NO-03,CUST-01658,Consumer,Beauty & Health,Haircare,3,39.77,0.0,0.0,PayPal,In-Store,Completed
ORD-100952,2023-06-07,South,Georgia,SO-03,CUST-01543,Consumer,Books,Children's,6,17.57,0.15,0.0,Credit Card,In-Store,Completed
ORD-105679,2023-06-07,Central,Illinois,CE-01,CUST-01492,Corporate,Books,Educational,2,19.19,0.15,7.99,Credit Card,Online,Completed
ORD-102859,2023-06-07,West,Washington,WE-02,CUST-01695,Corporate,Electronics,Cameras,5,277.41,0.0,4.99,PayPal,Online,Completed
ORD-100833,2023-06-07,East,New Jersey,EA-04,CUST-01430,Corporate,Home Goods,Kitchenware,3,466.21,0.1,4.99,Cash,Online,Completed
ORD-101624,2023-06-07,Central,Ohio,CE-03,CUST-01017,Corporate,Electronics,Smart Home,10,308.1,0.0,7.99,Debit Card,Online,Completed
ORD-100602,2023-06-08,West,California,WE-05,CUST-01619,Consumer,Electronics,Smartphones,2,239.5,0.0,7.99,Credit Card,Online,Returned
ORD-101445,2023-06-08,North,North Dakota,NO-04,CUST-00118,Corporate,Beauty & Health,Haircare,3,36.23,0.1,4.99,Credit Card,Online,Completed
ORD-100239,2023-06-08,North,Wisconsin,NO-04,CUST-01708,Corporate,Electronics,Cameras,4,996.77,0.05,0.0,Debit Card,Online,Completed
ORD-100387,2023-06-08,East,New York,EA-02,CUST-01204,Consumer,Apparel,Men's Wear,1,52.74,0.05,4.99,Credit Card,Online,Completed
ORD-104419,2023-06-08,East,New Jersey,EA-04,CUST-00091,Consumer,Apparel,Men's Wear,2,38.65,0.0,0.0,Credit Card,Online,Completed
ORD-104170,2023-06-08,East,New Jersey,EA-03,CUST-00235,Consumer,Beauty & Health,Skincare,3,30.43,0.0,4.99,PayPal,Online,Completed
ORD-101862,2023-06-08,East,Massachusetts,EA-01,CUST-01068,Consumer,Electronics,Laptops,5,627.55,0.05,0.0,Credit Card,In-Store,Completed
ORD-104315,2023-06-08,Central,Missouri,CE-01,CUST-00968,Corporate,Books,Children's,1,12.43,0.15,4.99,Credit Card,Online,Completed
ORD-101095,2023-06-08,North,North Dakota,NO-03,CUST-00534,Consumer,Sporting Goods,Outdoor Gear,3,120.2,0.05,0.0,Credit Card,In-Store,Returned
ORD-100885,2023-06-09,South,Texas,SO-05,CUST-01055,Corporate,Books,Children's,3,25.71,0.05,0.0,Debit Card,In-Store,Completed
ORD-100842,2023-06-09,West,Oregon,WE-05,CUST-01642,Consumer,Beauty & Health,Personal Care,2,20.83,0.0,0.0,Credit Card,In-Store,Returned
ORD-103212,2023-06-10,North,North Dakota,NO-01,CUST-01672,Home Office,Books,Non-Fiction,6,22.18,0.05,0.0,Cash,In-Store,Completed
ORD-104844,2023-06-10,Central,Illinois,CE-05,CUST-01454,Consumer,Electronics,Smartphones,5,432.64,0.0,4.99,Cash,Online,Completed
ORD-104428,2023-06-10,Central,Ohio,CE-02,CUST-01366,Consumer,Home Goods,Kitchenware,3,391.27,0.1,0.0,PayPal,Online,Completed
ORD-101368,2023-06-10,Central,Illinois,CE-05,CUST-00924,Consumer,Apparel,Women's Wear,2,34.0,0.0,0.0,Debit Card,In-Store,Completed
ORD-103040,2023-06-10,Central,Missouri,CE-03,CUST-01612,Consumer,Home Goods,Furniture,3,620.1,0.05,0.0,Debit Card,In-Store,Returned
ORD-103464,2023-06-10,Central,Illinois,CE-04,CUST-01039,Consumer,Sporting Goods,Outdoor Gear,3,57.73,0.0,4.99,Credit Card,Online,Completed
ORD-102990,2023-06-10,East,Massachusetts,EA-03,CUST-01608,Consumer,Apparel,Accessories,4,54.18,0.0,0.0,Gift Card,In-Store,Completed
ORD-104883,2023-06-10,Central,Ohio,CE-03,CUST-00314,Corporate,Home Goods,Storage,4,437.42,0.05,0.0,Credit Card,Online,Completed
ORD-105282,2023-06-10,Central,Ohio,CE-02,CUST-01208,Corporate,Sporting Goods,Cycling,2,129.97,0.0,0.0,Gift Card,In-Store,Returned
ORD-105505,2023-06-11,East,New Jersey,EA-04,CUST-00207,Home Office,Home Goods,Storage,4,339.12,0.2,0.0,PayPal,In-Store,Completed
ORD-103871,2023-06-11,North,North Dakota,NO-03,CUST-00378,Consumer,Sporting Goods,Team Sports,3,255.86,0.0,0.0,PayPal,In-Store,Completed
ORD-100784,2023-06-11,Central,Illinois,CE-03,CUST-00360,Home Office,Beauty & Health,Makeup,3,30.5,0.05,0.0,Credit Card,Online,Completed
ORD-103931,2023-06-11,West,Oregon,WE-05,CUST-01724,Consumer,Electronics,Smartphones,5,450.15,0.0,0.0,Cash,In-Store,Returned
ORD-101016,2023-06-11,West,Washington,WE-05,CUST-01156,Home Office,Apparel,Women's Wear,2,72.65,0.0,0.0,Credit Card,In-Store,Completed
ORD-102923,2023-06-11,South,Texas,SO-02,CUST-00864,Home Office,Home Goods,Kitchenware,2,410.43,0.0,0.0,Debit Card,Online,Completed
ORD-104529,2023-06-11,East,New York,EA-02,CUST-00904,Consumer,Beauty & Health,Haircare,7,38.03,0.0,7.99,PayPal,Online,Completed
ORD-101371,2023-06-11,East,New Jersey,EA-03,CUST-00082,Corporate,Books,Children's,4,22.42,0.0,0.0,Credit Card,Online,Completed
ORD-100902,2023-06-11,West,Oregon,WE-02,CUST-00218,Consumer,Beauty & Health,Wellness,4,30.66,0.05,0.0,Credit Card,Online,Completed
ORD-100721,2023-06-11,East,Massachusetts,EA-01,CUST-00438,Consumer,Home Goods,Furniture,1,302.83,0.15,4.99,Credit Card,Online,Completed
ORD-101538,2023-06-11,Central,Illinois,CE-04,CUST-01404,Consumer,Electronics,Smart Home,3,1200.0,0.15,0.0,Debit Card,Online,Cancelled
ORD-104446,2023-06-11,Central,Illinois,CE-04,CUST-01186,Consumer,Apparel,Women's Wear,3,26.92,0.1,0.0,PayPal,In-Store,Completed
ORD-101536,2023-06-11,Central,Ohio,CE-03,CUST-00039,Consumer,Books,Children's,4,15.85,0.2,0.0,PayPal,Online,Completed
ORD-105209,2023-06-11,Central,Illinois,CE-05,CUST-00341,Consumer,Electronics,Smart Home,2,213.21,0.0,0.0,Credit Card,In-Store,Completed
ORD-100592,2023-06-12,North,Wisconsin,NO-01,CUST-01595,Home Office,Electronics,Laptops,2,426.86,0.0,0.0,Debit Card,In-Store,Completed
ORD-105008,2023-06-12,South,Georgia,SO-04,CUST-01039,Home Office,Home Goods,Kitchenware,6,260.54,0.0,0.0,Credit Card,In-Store,Completed
ORD-100867,2023-06-12,North,North Dakota,NO-02,CUST-01287,Corporate,Electronics,Smartphones,3,499.44,0.0,0.0,Debit Card,In-Store,Completed
ORD-104607,2023-06-12,North,Wisconsin,NO-01,CUST-00599,Consumer,Sporting Goods,Outdoor Gear,3,199.07,0.0,4.99,Gift Card,Online,Completed
ORD-103605,2023-06-12,West,Oregon,WE-02,CUST-00510,Consumer,Home Goods,Storage,3,242.86,0.0,0.0,Credit Card,Online,Completed
ORD-100014,2023-06-12,West,California,WE-01,CUST-01329,Home Office,Beauty & Health,Makeup,5,17.68,0.05,0.0,Credit Card,In-Store,Returned
ORD-101326,2023-06-12,East,New Jersey,EA-05,CUST-00451,Consumer,Beauty & Health,Wellness,1,43.42,0.0,0.0,Debit Card,In-Store,Completed
ORD-100015,2023-06-13,South,Georgia,SO-02,CUST-01388,Consumer,Home Goods,Kitchenware,3,293.83,0.0,12.99,Debit Card,Online,Completed
ORD-105156,2023-06-13,North,Minnesota,NO-05,CUST-00333,Consumer,Home Goods,Decor,3,274.38,0.0,0.0,PayPal,In-Store,Completed
ORD-105660,2023-06-13,North,North Dakota,NO-03,CUST-00864,Consumer,Books,Children's,8,9.91,0.0,0.0,Credit Card,In-Store,Completed
ORD-103281,2023-06-13,West,Oregon,WE-01,CUST-01503,Home Office,Books,Fiction,4,7.21,0.1,0.0,Debit Card,In-Store,Completed
ORD-100620,2023-06-14,West,Washington,WE-05,CUST-01011,Consumer,Apparel,Accessories,4,61.62,0.0,4.99,Credit Card,Online,Completed
ORD-101000,2023-06-14,West,Washington,WE-02,CUST-01753,Consumer,Apparel,Footwear,5,31.74,0.0,0.0,Debit Card,In-Store,Completed
ORD-104390,2023-06-14,North,Wisconsin,NO-05,CUST-01696,Consumer,Sporting Goods,Cycling,2,253.81,0.0,4.99,Debit Card,Online,Completed
ORD-105291,2023-06-14,East,Massachusetts,EA-03,CUST-01421,Corporate,Electronics,Laptops,4,407.86,0.15,7.99,Cash,Online,Completed
ORD-104369,2023-06-14,Central,Missouri,CE-04,CUST-01459,Home Office,Apparel,Accessories,2,37.75,0.15,0.0,Credit Card,In-Store,Completed
ORD-103756,2023-06-14,North,Wisconsin,NO-04,CUST-00815,Consumer,Beauty & Health,Wellness,4,20.87,0.2,0.0,Credit Card,In-Store,Completed
ORD-105634,2023-06-14,Central,Ohio,CE-04,CUST-00768,Home Office,Electronics,Cameras,5,301.16,0.0,0.0,Credit Card,Online,Completed
ORD-101966,2023-06-14,Central,Missouri,CE-04,CUST-01363,Corporate,Sporting Goods,Fitness Equipment,7,102.02,0.0,12.99,Cash,Online,Completed
ORD-103602,2023-06-14,East,Massachusetts,EA-02,CUST-01523,Corporate,Books,Children's,2,6.85,0.0,0.0,Debit Card,In-Store,Completed
ORD-104359,2023-06-14,East,Massachusetts,EA-05,CUST-00797,Consumer,Electronics,Smartphones,5,438.15,0.0,4.99,Debit Card,Online,Completed
ORD-102112,2023-06-14,Central,Missouri,CE-05,CUST-01256,Home Office,Electronics,Laptops,4,255.72,0.15,4.99,Credit Card,Online,Completed
ORD-101807,2023-06-14,West,California,WE-02,CUST-00358,Corporate,Apparel,Accessories,2,49.58,0.0,4.99,PayPal,Online,Completed
ORD-100049,2023-06-14,North,Wisconsin,NO-05,CUST-00706,Consumer,Books,Comics,4,19.34,0.0,0.0,PayPal,Online,Completed
ORD-101097,2023-06-15,North,Wisconsin,NO-04,CUST-01035,Consumer,Electronics,Laptops,2,197.72,0.0,0.0,Debit Card,In-Store,Completed
ORD-105052,2023-06-15,North,Minnesota,NO-01,CUST-00752,Consumer,Home Goods,Furniture,5,263.74,0.0,4.99,Debit Card,Online,Returned
ORD-101980,2023-06-15,West,California,WE-01,CUST-00697,Consumer,Sporting Goods,Cycling,4,116.0,0.2,12.99,PayPal,Online,Returned
ORD-103723,2023-06-15,West,California,WE-01,CUST-00322,Consumer,Electronics,Smartphones,3,432.32,0.25,7.99,Credit Card,Online,Completed
ORD-104958,2023-06-15,Central,Illinois,CE-01,CUST-00270,Consumer,Home Goods,Storage,4,706.72,0.15,0.0,Credit Card,In-Store,Completed
ORD-103175,2023-06-15,Central,Ohio,CE-01,CUST-01715,Corporate,Books,Fiction,4,16.91,0.05,12.99,Debit Card,Online,Cancelled
ORD-101239,2023-06-15,West,California,WE-01,CUST-00115,Corporate,Electronics,Smart Home,2,1186.67,0.1,7.99,Debit Card,Online,Completed
ORD-102879,2023-06-15,South,Texas,SO-01,CUST-01226,Consumer,Home Goods,Bedding,4,201.47,0.2,12.99,Debit Card,Online,Completed
ORD-102237,2023-06-15,North,Minnesota,NO-02,CUST-01498,Consumer,Home Goods,Furniture,3,402.53,0.1,0.0,PayPal,In-Store,Completed
ORD-105632,2023-06-16,Central,Ohio,CE-02,CUST-00732,Consumer,Electronics,Laptops,5,646.6,0.0,7.99,Cash,Online,Completed
ORD-100167,2023-06-16,Central,Missouri,CE-03,CUST-01629,Home Office,Books,Children's,3,29.24,0.05,0.0,Credit Card,Online,Completed
ORD-100117,2023-06-16,West,California,WE-01,CUST-01279,Consumer,Electronics,Laptops,3,296.89,0.1,0.0,Credit Card,In-Store,Completed
ORD-104781,2023-06-16,South,Texas,SO-05,CUST-01778,Corporate,Electronics,Headphones,4,206.48,0.15,0.0,PayPal,In-Store,Completed
ORD-100689,2023-06-16,South,Texas,SO-01,CUST-00005,Consumer,Apparel,Kids' Wear,4,61.76,0.0,7.99,Debit Card,Online,Completed
ORD-102138,2023-06-16,East,New York,EA-04,CUST-00349,Corporate,Books,Fiction,1,37.45,0.0,12.99,Credit Card,Online,Completed
ORD-100668,2023-06-16,South,Florida,SO-04,CUST-00646,Consumer,Electronics,Headphones,1,398.44,0.0,0.0,Credit Card,Online,Completed
ORD-104195,2023-06-16,East,Massachusetts,EA-02,CUST-00421,Consumer,Home Goods,Kitchenware,2,161.18,0.0,7.99,Credit Card,Online,Completed
ORD-103354,2023-06-17,South,Georgia,SO-05,CUST-00498,Corporate,Electronics,Headphones,1,309.29,0.05,0.0,Debit Card,In-Store,Completed
ORD-104658,2023-06-17,West,Washington,WE-01,CUST-01474,Consumer,Apparel,Women's Wear,3,27.9,0.0,0.0,Credit Card,Online,Completed
ORD-105716,2023-06-17,Central,Illinois,CE-03,CUST-00214,Home Office,Sporting Goods,Outdoor Gear,4,222.15,0.0,7.99,Credit Card,Online,Completed
ORD-103094,2023-06-17,East,New Jersey,EA-03,CUST-00896,Home Office,Apparel,Men's Wear,4,75.34,0.15,0.0,Cash,In-Store,Completed
ORD-100493,2023-06-17,Central,Illinois,CE-05,CUST-00954,Home Office,Home Goods,Kitchenware,2,172.89,0.0,4.99,PayPal,Online,Completed
ORD-101897,2023-06-17,Central,Missouri,CE-05,CUST-00617,Corporate,Apparel,Kids' Wear,2,35.76,0.0,4.99,Credit Card,Online,Completed
ORD-105633,2023-06-17,South,Florida,SO-04,CUST-00240,Consumer,Books,Comics,4,34.34,0.15,7.99,Credit Card,Online,Completed
ORD-103377,2023-06-17,South,Georgia,SO-03,CUST-00936,Home Office,Electronics,Smart Home,4,368.87,0.0,7.99,Debit Card,Online,Completed
ORD-100855,2023-06-18,South,Florida,SO-05,CUST-01483,Consumer,Apparel,Accessories,1,62.68,0.1,12.99,Credit Card,Online,Returned
ORD-104746,2023-06-18,East,New Jersey,EA-01,CUST-00098,Corporate,Home Goods,Storage,2,239.52,0.1,0.0,Debit Card,Online,Completed
ORD-102799,2023-06-18,North,Wisconsin,NO-04,CUST-00250,Corporate,Sporting Goods,Fitness Equipment,5,285.82,0.15,0.0,Credit Card,Online,Completed
ORD-104229,2023-06-18,West,Washington,WE-02,CUST-01092,Corporate,Home Goods,Decor,3,610.52,0.0,0.0,Credit Card,Online,Completed
ORD-103755,2023-06-18,Central,Missouri,CE-05,CUST-00052,Consumer,Apparel,Accessories,5,46.2,0.05,0.0,Credit Card,Online,Completed
ORD-104803,2023-06-18,North,Minnesota,NO-04,CUST-00188,Consumer,Electronics,Headphones,1,987.98,0.0,7.99,Debit Card,Online,Completed
ORD-102852,2023-06-19,South,Florida,SO-05,CUST-01341,Consumer,Apparel,Kids' Wear,3,87.82,0.0,0.0,PayPal,Online,Completed
ORD-103368,2023-06-19,West,Washington,WE-01,CUST-01746,Home Office,Electronics,Smart Home,4,394.47,0.0,7.99,Debit Card,Online,Completed
ORD-101600,2023-06-19,West,California,WE-01,CUST-01609,Consumer,Home Goods,Decor,4,298.96,0.0,7.99,Debit Card,Online,Completed
ORD-105042,2023-06-20,North,Wisconsin,NO-05,CUST-01574,Consumer,Electronics,Smartphones,5,290.78,0.0,4.99,Credit Card,Online,Completed
ORD-105619,2023-06-20,North,Wisconsin,NO-03,CUST-01715,Corporate,Apparel,Kids' Wear,4,92.16,0.0,0.0,Credit Card,In-Store,Completed
ORD-104855,2023-06-20,East,New Jersey,EA-01,CUST-01135,Consumer,Electronics,Cameras,4,572.38,0.0,0.0,Credit Card,Online,Returned
ORD-105270,2023-06-20,West,Washington,WE-05,CUST-00968,Consumer,Home Goods,Kitchenware,2,131.33,0.15,7.99,Gift Card,Online,Completed
ORD-105893,2023-06-20,West,California,WE-04,CUST-00207,Consumer,Electronics,Cameras,1,324.14,0.2,0.0,Debit Card,In-Store,Completed
ORD-105420,2023-06-20,North,North Dakota,NO-04,CUST-01035,Corporate,Apparel,Accessories,4,57.0,0.0,0.0,Debit Card,Online,Completed
ORD-100598,2023-06-20,East,New Jersey,EA-05,CUST-01796,Consumer,Books,Children's,3,7.45,0.15,0.0,PayPal,Online,Completed
ORD-104013,2023-06-21,South,Florida,SO-04,CUST-01663,Corporate,Apparel,Kids' Wear,3,65.88,0.0,0.0,Credit Card,In-Store,Completed
ORD-103202,2023-06-21,North,North Dakota,NO-02,CUST-00418,Consumer,Electronics,Cameras,5,257.48,0.05,0.0,Debit Card,In-Store,Completed
ORD-101737,2023-06-22,North,North Dakota,NO-02,CUST-00724,Consumer,Sporting Goods,Cycling,3,154.88,0.25,0.0,Gift Card,Online,Completed
ORD-103576,2023-06-22,East,New York,EA-02,CUST-01573,Consumer,Sporting Goods,Outdoor Gear,3,185.89,0.0,4.99,Cash,Online,Completed
ORD-105084,2023-06-22,West,Oregon,WE-04,CUST-00158,Consumer,Beauty & Health,Skincare,3,60.75,0.2,12.99,Debit Card,Online,Completed
ORD-103333,2023-06-22,East,New Jersey,EA-04,CUST-01517,Consumer,Apparel,Women's Wear,5,44.53,0.15,0.0,Debit Card,In-Store,Completed
ORD-100234,2023-06-22,West,Washington,WE-01,CUST-01527,Corporate,Apparel,Accessories,4,59.58,0.1,7.99,PayPal,Online,Completed
ORD-102447,2023-06-22,East,New Jersey,EA-05,CUST-00854,Consumer,Sporting Goods,Fitness Equipment,2,209.67,0.1,0.0,Credit Card,In-Store,Completed
ORD-102960,2023-06-22,Central,Missouri,CE-03,CUST-00832,Consumer,Home Goods,Decor,3,220.32,0.05,0.0,Credit Card,Online,Returned
ORD-102742,2023-06-23,East,New York,EA-02,CUST-00361,Consumer,Apparel,Footwear,3,73.47,0.25,0.0,Debit Card,In-Store,Completed
ORD-104707,2023-06-23,West,Washington,WE-02,CUST-00706,Consumer,Home Goods,Furniture,1,194.18,0.1,0.0,Credit Card,In-Store,Returned
ORD-101514,2023-06-23,West,California,WE-03,CUST-01269,Consumer,Electronics,Smart Home,3,847.04,0.0,0.0,Credit Card,In-Store,Returned
ORD-104913,2023-06-23,North,Minnesota,NO-03,CUST-01491,Consumer,Electronics,Cameras,5,731.52,0.0,12.99,Credit Card,Online,Completed
ORD-103589,2023-06-23,East,Massachusetts,EA-05,CUST-01044,Consumer,Beauty & Health,Personal Care,3,120.0,0.0,7.99,Debit Card,Online,Completed
ORD-100057,2023-06-23,West,Washington,WE-01,CUST-00531,Corporate,Apparel,Men's Wear,3,47.29,0.0,0.0,Debit Card,In-Store,Completed
ORD-102289,2023-06-23,West,California,WE-01,CUST-00458,Home Office,Beauty & Health,Skincare,3,46.06,0.0,0.0,Cash,In-Store,Completed
ORD-105014,2023-06-23,Central,Illinois,CE-04,CUST-00480,Consumer,Sporting Goods,Cycling,2,129.41,0.1,0.0,Debit Card,In-Store,Completed
ORD-104518,2023-06-23,East,Massachusetts,EA-01,CUST-01383,Corporate,Home Goods,Decor,2,152.88,0.0,0.0,Credit Card,Online,Completed
ORD-104201,2023-06-23,Central,Illinois,CE-05,CUST-00950,Consumer,Electronics,Cameras,4,291.41,0.15,0.0,Credit Card,In-Store,Completed
ORD-100368,2023-06-23,North,Minnesota,NO-01,CUST-00760,Home Office,Home Goods,Kitchenware,2,383.94,0.0,0.0,Debit Card,In-Store,Completed
ORD-102787,2023-06-24,Central,Illinois,CE-04,CUST-01588,Corporate,Beauty & Health,Personal Care,5,28.78,0.2,0.0,Gift Card,Online,Completed
ORD-101847,2023-06-24,West,Oregon,WE-04,CUST-01727,Home Office,Apparel,Women's Wear,3,63.14,0.15,0.0,Credit Card,Online,Completed
ORD-105726,2023-06-24,Central,Missouri,CE-02,CUST-01208,Home Office,Apparel,Men's Wear,3,35.52,0.0,0.0,Debit Card,In-Store,Completed
ORD-105050,2023-06-24,West,Oregon,WE-01,CUST-00238,Consumer,Home Goods,Decor,1,273.77,0.0,7.99,Credit Card,Online,Completed
ORD-102030,2023-06-24,East,Massachusetts,EA-04,CUST-01312,Consumer,Apparel,Accessories,3,59.7,0.15,12.99,Credit Card,Online,Returned
ORD-104872,2023-06-24,North,North Dakota,NO-05,CUST-01570,Consumer,Home Goods,Kitchenware,3,408.39,0.1,0.0,Credit Card,Online,Completed
ORD-103498,2023-06-24,West,California,WE-04,CUST-00333,Corporate,Sporting Goods,Footwear,5,102.68,0.0,4.99,Credit Card,Online,Completed
ORD-104531,2023-06-25,Central,Illinois,CE-05,CUST-00179,Consumer,Books,Non-Fiction,3,6.02,0.0,0.0,Debit Card,Online,Returned
ORD-104819,2023-06-25,East,Massachusetts,EA-05,CUST-01546,Corporate,Apparel,Men's Wear,3,27.55,0.0,0.0,Cash,In-Store,Completed
ORD-102673,2023-06-25,West,California,WE-04,CUST-01616,Consumer,Electronics,Laptops,2,322.03,0.0,0.0,Credit Card,In-Store,Completed
ORD-103114,2023-06-25,East,New Jersey,EA-04,CUST-01017,Consumer,Electronics,Cameras,8,283.75,0.0,4.99,Credit Card,Online,Completed
ORD-104600,2023-06-25,East,New York,EA-01,CUST-01197,Consumer,Electronics,Laptops,3,337.03,0.0,0.0,Credit Card,In-Store,Returned
ORD-100071,2023-06-25,West,Washington,WE-04,CUST-00384,Consumer,Home Goods,Bedding,3,278.39,0.0,7.99,Cash,Online,Completed
ORD-101336,2023-06-25,South,Florida,SO-02,CUST-00159,Consumer,Apparel,Accessories,5,93.97,0.05,0.0,PayPal,In-Store,Completed
ORD-105445,2023-06-25,South,Florida,SO-01,CUST-00773,Consumer,Apparel,Men's Wear,2,104.62,0.15,4.99,PayPal,Online,Completed
ORD-103030,2023-06-25,West,Washington,WE-02,CUST-01508,Home Office,Sporting Goods,Team Sports,3,431.78,0.15,0.0,Credit Card,Online,Completed
ORD-101256,2023-06-26,East,New York,EA-01,CUST-00244,Consumer,Home Goods,Storage,3,319.67,0.15,0.0,Cash,In-Store,Completed
ORD-103134,2023-06-26,West,California,WE-01,CUST-00085,Consumer,Apparel,Accessories,4,73.43,0.0,0.0,Credit Card,Online,Completed
ORD-101295,2023-06-26,East,New Jersey,EA-05,CUST-01688,Consumer,Electronics,Headphones,5,1200.0,0.0,0.0,Credit Card,Online,Completed
ORD-102504,2023-06-26,East,Massachusetts,EA-03,CUST-00021,Home Office,Electronics,Laptops,4,238.17,0.25,0.0,Credit Card,Online,Completed
ORD-100026,2023-06-26,Central,Missouri,CE-05,CUST-00881,Consumer,Apparel,Women's Wear,3,136.9,0.0,0.0,Debit Card,In-Store,Returned
ORD-105151,2023-06-27,Central,Illinois,CE-02,CUST-01195,Corporate,Books,Children's,4,16.9,0.15,0.0,Cash,In-Store,Completed
ORD-104049,2023-06-27,West,Oregon,WE-02,CUST-01562,Corporate,Apparel,Men's Wear,3,31.76,0.0,0.0,PayPal,In-Store,Completed
ORD-102465,2023-06-27,South,Georgia,SO-04,CUST-01583,Home Office,Electronics,Smart Home,5,908.44,0.0,12.99,Credit Card,Online,Cancelled
ORD-101438,2023-06-27,North,North Dakota,NO-05,CUST-01526,Corporate,Books,Non-Fiction,6,32.23,0.15,0.0,Credit Card,Online,Completed
ORD-101626,2023-06-27,East,New York,EA-03,CUST-00047,Corporate,Electronics,Smart Home,2,469.67,0.0,0.0,Credit Card,In-Store,Completed
ORD-105971,2023-06-27,North,North Dakota,NO-04,CUST-01128,Consumer,Home Goods,Furniture,4,261.67,0.1,0.0,Credit Card,In-Store,Completed
ORD-102066,2023-06-27,South,Georgia,SO-02,CUST-01681,Corporate,Apparel,Accessories,5,28.84,0.2,7.99,Gift Card,Online,Completed
ORD-100728,2023-06-27,South,Georgia,SO-02,CUST-01222,Consumer,Electronics,Smartphones,4,331.74,0.05,0.0,PayPal,Online,Completed
ORD-103347,2023-06-28,South,Georgia,SO-03,CUST-01231,Consumer,Sporting Goods,Team Sports,6,309.62,0.0,0.0,Gift Card,In-Store,Completed
ORD-101905,2023-06-28,North,Minnesota,NO-01,CUST-01482,Consumer,Sporting Goods,Outdoor Gear,3,147.78,0.0,0.0,Credit Card,In-Store,Completed
ORD-102111,2023-06-28,Central,Missouri,CE-05,CUST-01740,Consumer,Apparel,Women's Wear,2,84.52,0.2,0.0,Credit Card,Online,Completed
ORD-103082,2023-06-28,South,Texas,SO-05,CUST-00730,Corporate,Apparel,Men's Wear,5,47.81,0.0,4.99,Credit Card,Online,Completed
ORD-104370,2023-06-28,South,Texas,SO-05,CUST-01398,Corporate,Home Goods,Furniture,8,617.4,0.0,4.99,Debit Card,Online,Completed
ORD-105260,2023-06-29,South,Florida,SO-02,CUST-01754,Consumer,Apparel,Women's Wear,1,37.47,0.0,0.0,Credit Card,In-Store,Completed
ORD-105168,2023-06-29,East,Massachusetts,EA-03,CUST-00871,Consumer,Sporting Goods,Cycling,4,117.48,0.05,0.0,Debit Card,In-Store,Completed
ORD-102491,2023-06-29,West,California,WE-04,CUST-01656,Consumer,Apparel,Women's Wear,4,150.0,0.1,7.99,Debit Card,Online,Completed
ORD-104961,2023-06-29,West,California,WE-04,CUST-00394,Corporate,Electronics,Headphones,2,318.25,0.0,0.0,Credit Card,In-Store,Completed
ORD-101893,2023-06-29,Central,Illinois,CE-02,CUST-01396,Consumer,Beauty & Health,Haircare,3,38.39,0.05,0.0,Credit Card,Online,Completed
ORD-103260,2023-06-29,South,Florida,SO-03,CUST-00292,Consumer,Books,Children's,2,10.32,0.1,0.0,Gift Card,Online,Completed
ORD-104880,2023-06-29,East,New Jersey,EA-02,CUST-01514,Consumer,Electronics,Smart Home,2,235.27,0.0,0.0,Debit Card,Online,Completed
ORD-103289,2023-06-29,South,Florida,SO-02,CUST-00929,Consumer,Electronics,Smart Home,4,878.92,0.1,4.99,Credit Card,Online,Completed
ORD-105880,2023-06-29,Central,Ohio,CE-02,CUST-00017,Consumer,Electronics,Cameras,4,337.25,0.15,0.0,PayPal,In-Store,Completed
ORD-104722,2023-06-29,South,Florida,SO-02,CUST-00268,Consumer,Home Goods,Furniture,4,279.98,0.0,0.0,Debit Card,In-Store,Completed
ORD-102092,2023-06-29,East,New York,EA-05,CUST-01500,Corporate,Apparel,Kids' Wear,6,17.15,0.0,4.99,Credit Card,Online,Completed
ORD-102877,2023-06-30,West,California,WE-01,CUST-00813,Consumer,Home Goods,Bedding,3,136.25,0.05,0.0,Credit Card,Online,Completed
ORD-102072,2023-06-30,Central,Ohio,CE-05,CUST-01769,Home Office,Electronics,Smart Home,1,645.91,0.05,4.99,Credit Card,Online,Completed
ORD-100895,2023-06-30,West,Washington,WE-02,CUST-01336,Corporate,Apparel,Men's Wear,5,57.85,0.15,0.0,PayPal,In-Store,Completed
ORD-105194,2023-06-30,Central,Illinois,CE-01,CUST-00546,Home Office,Electronics,Headphones,3,360.8,0.0,0.0,Credit Card,In-Store,Completed
ORD-103655,2023-06-30,East,New York,EA-05,CUST-01701,Corporate,Home Goods,Kitchenware,4,137.48,0.0,0.0,Debit Card,Online,Completed
ORD-100854,2023-06-30,North,North Dakota,NO-03,CUST-00314,Consumer,Sporting Goods,Cycling,6,78.73,0.1,0.0,Credit Card,In-Store,Completed
ORD-103050,2023-06-30,West,California,WE-03,CUST-00238,Consumer,Home Goods,Kitchenware,1,110.06,0.0,4.99,Cash,Online,Completed
ORD-100606,2023-07-01,North,Minnesota,NO-04,CUST-00830,Corporate,Beauty & Health,Makeup,3,31.71,0.0,4.99,Debit Card,Online,Completed
ORD-100944,2023-07-01,West,California,WE-02,CUST-00526,Corporate,Home Goods,Bedding,4,257.7,0.0,0.0,PayPal,Online,Completed
ORD-104591,2023-07-01,South,Georgia,SO-02,CUST-00871,Corporate,Apparel,Women's Wear,3,18.44,0.25,0.0,Credit Card,Online,Completed
ORD-103257,2023-07-01,East,New York,EA-04,CUST-01080,Corporate,Beauty & Health,Wellness,3,99.25,0.05,4.99,PayPal,Online,Completed
ORD-105652,2023-07-01,West,California,WE-04,CUST-01396,Consumer,Apparel,Footwear,4,39.38,0.0,4.99,Debit Card,Online,Completed
ORD-104907,2023-07-01,Central,Ohio,CE-04,CUST-01239,Consumer,Apparel,Men's Wear,4,51.63,0.15,0.0,Credit Card,In-Store,Returned
ORD-102292,2023-07-01,West,California,WE-05,CUST-01789,Home Office,Books,Educational,4,25.94,0.0,0.0,Debit Card,In-Store,Completed
ORD-101820,2023-07-01,West,California,WE-04,CUST-00113,Consumer,Apparel,Men's Wear,3,30.97,0.0,7.99,Credit Card,Online,Completed
ORD-104977,2023-07-01,Central,Illinois,CE-04,CUST-00150,Consumer,Sporting Goods,Fitness Equipment,3,146.63,0.1,0.0,Debit Card,In-Store,Completed
ORD-101410,2023-07-01,North,Wisconsin,NO-02,CUST-00724,Consumer,Beauty & Health,Makeup,2,65.23,0.0,7.99,PayPal,Online,Completed
ORD-104472,2023-07-02,West,Oregon,WE-01,CUST-00065,Consumer,Books,Educational,2,35.21,0.0,4.99,Credit Card,Online,Completed
ORD-103639,2023-07-02,West,Washington,WE-02,CUST-01693,Consumer,Books,Children's,4,12.48,0.0,7.99,Credit Card,Online,Completed
ORD-102882,2023-07-02,East,New York,EA-05,CUST-01617,Consumer,Electronics,Smart Home,1,345.62,0.05,0.0,Debit Card,In-Store,Completed
ORD-101666,2023-07-02,West,California,WE-03,CUST-00681,Corporate,Books,Fiction,3,22.41,0.0,0.0,Credit Card,In-Store,Completed
ORD-100900,2023-07-02,Central,Missouri,CE-04,CUST-01514,Corporate,Home Goods,Kitchenware,2,800.0,0.1,0.0,PayPal,In-Store,Completed
ORD-104577,2023-07-03,East,New Jersey,EA-01,CUST-00425,Consumer,Electronics,Smartphones,1,386.82,0.1,0.0,Credit Card,In-Store,Completed
ORD-102650,2023-07-03,Central,Ohio,CE-04,CUST-01569,Consumer,Books,Non-Fiction,2,23.27,0.0,0.0,Debit Card,In-Store,Completed
ORD-104282,2023-07-03,East,Massachusetts,EA-04,CUST-01176,Home Office,Electronics,Headphones,3,168.49,0.0,4.99,PayPal,Online,Completed
ORD-102779,2023-07-03,West,Washington,WE-02,CUST-00847,Home Office,Books,Children's,4,14.37,0.0,0.0,PayPal,Online,Completed
ORD-100621,2023-07-03,East,New York,EA-04,CUST-00062,Consumer,Electronics,Smart Home,4,453.58,0.15,7.99,Credit Card,Online,Completed
ORD-103824,2023-07-03,East,New Jersey,EA-01,CUST-00215,Corporate,Apparel,Women's Wear,2,55.18,0.0,0.0,PayPal,Online,Completed
ORD-105166,2023-07-03,Central,Ohio,CE-01,CUST-01473,Consumer,Apparel,Kids' Wear,5,68.32,0.05,7.99,Gift Card,Online,Completed
ORD-102526,2023-07-04,South,Texas,SO-02,CUST-00707,Corporate,Apparel,Men's Wear,2,47.58,0.05,0.0,Cash,Online,Completed
ORD-103540,2023-07-04,Central,Illinois,CE-04,CUST-00001,Corporate,Electronics,Smartphones,3,416.3,0.0,0.0,PayPal,In-Store,Completed
ORD-105870,2023-07-04,North,Minnesota,NO-02,CUST-01337,Consumer,Apparel,Women's Wear,2,39.89,0.05,0.0,Credit Card,In-Store,Completed
ORD-104484,2023-07-04,South,Florida,SO-04,CUST-01357,Consumer,Books,Children's,4,20.17,0.25,0.0,Credit Card,In-Store,Completed
ORD-103519,2023-07-04,South,Texas,SO-05,CUST-00894,Consumer,Apparel,Footwear,5,62.51,0.0,0.0,Credit Card,In-Store,Completed
ORD-100852,2023-07-04,South,Florida,SO-03,CUST-00119,Corporate,Sporting Goods,Fitness Equipment,4,168.88,0.2,0.0,Credit Card,In-Store,Completed
ORD-101361,2023-07-04,South,Florida,SO-03,CUST-00946,Consumer,Beauty & Health,Personal Care,2,57.54,0.05,0.0,PayPal,Online,Returned
ORD-104061,2023-07-04,East,New York,EA-02,CUST-00341,Consumer,Books,Children's,4,12.83,0.0,0.0,PayPal,Online,Completed
ORD-105015,2023-07-05,West,California,WE-05,CUST-00396,Consumer,Apparel,Women's Wear,4,41.72,0.0,0.0,Credit Card,In-Store,Completed
ORD-105436,2023-07-05,Central,Ohio,CE-04,CUST-01785,Consumer,Beauty & Health,Makeup,3,21.07,0.0,0.0,Debit Card,In-Store,Completed
ORD-100642,2023-07-05,South,Texas,SO-02,CUST-01472,Consumer,Books,Comics,3,18.05,0.0,0.0,Debit Card,Online,Returned
ORD-102658,2023-07-05,West,Washington,WE-01,CUST-01406,Consumer,Home Goods,Furniture,2,231.63,0.0,0.0,Credit Card,In-Store,Returned
ORD-103495,2023-07-05,West,Oregon,WE-02,CUST-00506,Consumer,Apparel,Kids' Wear,3,58.49,0.1,4.99,Debit Card,Online,Completed
ORD-105683,2023-07-05,West,Washington,WE-02,CUST-01101,Home Office,Home Goods,Bedding,3,88.09,0.0,0.0,Credit Card,Online,Returned
ORD-101555,2023-07-05,North,Wisconsin,NO-02,CUST-00319,Corporate,Sporting Goods,Cycling,2,129.79,0.0,0.0,Credit Card,Online,Completed
ORD-103442,2023-07-05,South,Texas,SO-02,CUST-00822,Corporate,Home Goods,Bedding,5,116.89,0.15,0.0,Credit Card,Online,Completed
ORD-103991,2023-07-05,West,Oregon,WE-01,CUST-00650,Consumer,Apparel,Women's Wear,3,53.36,0.0,0.0,Credit Card,In-Store,Completed
ORD-105789,2023-07-05,South,Georgia,SO-05,CUST-01276,Consumer,Electronics,Headphones,5,514.2,0.0,12.99,Debit Card,Online,Completed
ORD-105937,2023-07-05,East,New Jersey,EA-05,CUST-01481,Corporate,Apparel,Men's Wear,4,39.09,0.0,0.0,Credit Card,In-Store,Completed
ORD-105846,2023-07-05,West,California,WE-03,CUST-00833,Consumer,Electronics,Laptops,5,209.01,0.0,0.0,Credit Card,In-Store,Completed
ORD-102181,2023-07-06,East,Massachusetts,EA-04,CUST-00395,Consumer,Apparel,Women's Wear,1,32.2,0.0,0.0,Credit Card,In-Store,Completed
ORD-100013,2023-07-06,West,Washington,WE-01,CUST-00274,Consumer,Books,Children's,1,31.87,0.0,0.0,Credit Card,Online,Cancelled
ORD-103745,2023-07-06,West,Washington,WE-02,CUST-00930,Consumer,Apparel,Women's Wear,3,19.31,0.0,0.0,Debit Card,In-Store,Completed
ORD-100561,2023-07-06,East,New Jersey,EA-02,CUST-01527,Consumer,Home Goods,Bedding,3,724.43,0.05,0.0,Debit Card,Online,Completed
ORD-101232,2023-07-06,West,California,WE-02,CUST-00728,Consumer,Apparel,Kids' Wear,3,69.75,0.1,0.0,Cash,Online,Completed
ORD-104542,2023-07-07,East,New Jersey,EA-01,CUST-01733,Home Office,Electronics,Cameras,4,356.25,0.15,0.0,PayPal,In-Store,Completed
ORD-103119,2023-07-07,West,Washington,WE-03,CUST-01197,Corporate,Beauty & Health,Makeup,3,42.66,0.0,0.0,Debit Card,In-Store,Completed
ORD-101871,2023-07-07,North,Minnesota,NO-01,CUST-01463,Corporate,Home Goods,Bedding,5,401.41,0.0,0.0,Credit Card,In-Store,Completed
ORD-105452,2023-07-07,South,Georgia,SO-03,CUST-00300,Home Office,Sporting Goods,Fitness Equipment,6,500.0,0.0,0.0,Credit Card,In-Store,Completed
ORD-100297,2023-07-08,West,Washington,WE-04,CUST-00598,Consumer,Books,Fiction,4,13.85,0.25,7.99,Debit Card,Online,Completed
ORD-100973,2023-07-08,North,North Dakota,NO-04,CUST-00818,Consumer,Apparel,Footwear,3,29.35,0.15,0.0,Gift Card,In-Store,Completed
ORD-102662,2023-07-08,North,Minnesota,NO-02,CUST-01454,Consumer,Electronics,Cameras,5,466.72,0.0,0.0,Debit Card,In-Store,Completed
ORD-101751,2023-07-08,Central,Missouri,CE-05,CUST-00796,Corporate,Home Goods,Decor,5,203.23,0.2,4.99,PayPal,Online,Completed
ORD-103350,2023-07-08,South,Texas,SO-05,CUST-00583,Consumer,Electronics,Laptops,2,346.99,0.15,0.0,Credit Card,Online,Completed
ORD-103790,2023-07-08,South,Florida,SO-02,CUST-01423,Consumer,Apparel,Accessories,3,98.72,0.05,0.0,Cash,In-Store,Completed
ORD-101458,2023-07-08,South,Texas,SO-05,CUST-00377,Corporate,Electronics,Headphones,4,512.7,0.05,0.0,Debit Card,Online,Completed
ORD-101707,2023-07-09,East,Massachusetts,EA-02,CUST-01246,Home Office,Apparel,Kids' Wear,2,54.74,0.25,0.0,PayPal,In-Store,Returned
ORD-104339,2023-07-09,West,Oregon,WE-05,CUST-00342,Home Office,Apparel,Kids' Wear,3,74.45,0.0,0.0,Debit Card,In-Store,Completed
ORD-105455,2023-07-09,South,Texas,SO-01,CUST-00783,Home Office,Books,Children's,1,15.69,0.0,0.0,Cash,In-Store,Completed
ORD-101574,2023-07-09,Central,Illinois,CE-03,CUST-01052,Corporate,Beauty & Health,Personal Care,4,77.58,0.0,0.0,Debit Card,Online,Completed
ORD-104965,2023-07-09,South,Georgia,SO-02,CUST-01686,Consumer,Home Goods,Kitchenware,2,241.31,0.0,0.0,PayPal,In-Store,Completed
ORD-103314,2023-07-10,East,New York,EA-01,CUST-01337,Corporate,Books,Educational,2,9.86,0.2,0.0,Credit Card,Online,Completed
ORD-101078,2023-07-10,West,Oregon,WE-05,CUST-01523,Consumer,Home Goods,Decor,5,376.72,0.1,4.99,Gift Card,Online,Completed
ORD-105441,2023-07-10,Central,Illinois,CE-05,CUST-01527,Consumer,Beauty & Health,Makeup,1,33.47,0.0,4.99,Cash,Online,Completed
ORD-103622,2023-07-10,West,Washington,WE-03,CUST-01470,Consumer,Electronics,Smart Home,4,467.3,0.0,0.0,Credit Card,Online,Completed
ORD-104131,2023-07-10,West,Washington,WE-02,CUST-00025,Consumer,Beauty & Health,Personal Care,7,98.38,0.15,0.0,Credit Card,In-Store,Completed
ORD-102407,2023-07-10,North,Wisconsin,NO-04,CUST-01248,Consumer,Electronics,Laptops,1,351.77,0.05,4.99,PayPal,Online,Completed
ORD-103370,2023-07-11,South,Florida,SO-02,CUST-00541,Consumer,Apparel,Accessories,4,150.0,0.0,0.0,Credit Card,In-Store,Completed
ORD-104084,2023-07-11,South,Florida,SO-01,CUST-00959,Consumer,Electronics,Smartphones,6,227.53,0.0,4.99,Cash,Online,Completed
ORD-103236,2023-07-11,West,California,WE-02,CUST-00775,Corporate,Apparel,Kids' Wear,5,32.9,0.0,0.0,Cash,In-Store,Completed
ORD-103604,2023-07-11,North,Minnesota,NO-04,CUST-01317,Corporate,Home Goods,Storage,2,435.27,0.1,0.0,Gift Card,Online,Completed
ORD-104724,2023-07-11,Central,Ohio,CE-01,CUST-01086,Corporate,Sporting Goods,Outdoor Gear,2,167.02,0.0,4.99,Credit Card,Online,Completed
ORD-102296,2023-07-11,Central,Ohio,CE-04,CUST-00419,Corporate,Apparel,Kids' Wear,5,20.95,0.0,0.0,Credit Card,In-Store,Completed
ORD-101323,2023-07-11,East,New York,EA-02,CUST-00768,Consumer,Sporting Goods,Team Sports,4,196.25,0.0,0.0,Debit Card,Online,Completed
ORD-105211,2023-07-11,East,Massachusetts,EA-03,CUST-00466,Consumer,Electronics,Laptops,3,491.38,0.0,0.0,Cash,In-Store,Completed
ORD-103883,2023-07-12,Central,Illinois,CE-02,CUST-00664,Consumer,Electronics,Smart Home,5,533.09,0.1,0.0,Debit Card,In-Store,Completed
ORD-101096,2023-07-12,South,Texas,SO-05,CUST-01787,Consumer,Electronics,Smart Home,1,596.79,0.0,0.0,Debit Card,In-Store,Completed
ORD-104356,2023-07-12,East,New Jersey,EA-04,CUST-01308,Home Office,Home Goods,Storage,2,153.13,0.0,0.0,Debit Card,Online,Completed
ORD-101133,2023-07-12,South,Georgia,SO-03,CUST-00134,Corporate,Beauty & Health,Skincare,6,25.0,0.2,7.99,Credit Card,Online,Completed
ORD-101951,2023-07-12,North,Minnesota,NO-03,CUST-01278,Consumer,Apparel,Kids' Wear,2,24.2,0.25,0.0,PayPal,Online,Completed
ORD-103621,2023-07-12,North,Minnesota,NO-04,CUST-01473,Consumer,Beauty & Health,Personal Care,3,23.08,0.05,0.0,Debit Card,In-Store,Completed
ORD-103304,2023-07-12,East,New Jersey,EA-01,CUST-01216,Consumer,Books,Educational,8,7.77,0.0,0.0,Gift Card,In-Store,Completed
ORD-101215,2023-07-12,Central,Ohio,CE-01,CUST-00293,Corporate,Books,Non-Fiction,2,18.58,0.15,0.0,Credit Card,In-Store,Completed
ORD-104567,2023-07-12,East,New York,EA-02,CUST-01210,Consumer,Electronics,Laptops,4,591.1,0.1,4.99,Credit Card,Online,Completed
ORD-105908,2023-07-12,South,Florida,SO-05,CUST-00013,Home Office,Books,Educational,2,20.13,0.05,0.0,Credit Card,Online,Completed
ORD-102856,2023-07-12,Central,Missouri,CE-05,CUST-01227,Consumer,Apparel,Women's Wear,5,22.06,0.0,0.0,PayPal,In-Store,Completed
ORD-101010,2023-07-13,Central,Illinois,CE-04,CUST-01291,Home Office,Home Goods,Furniture,6,374.07,0.0,0.0,Credit Card,Online,Completed
ORD-102823,2023-07-13,West,Washington,WE-02,CUST-00970,Consumer,Electronics,Laptops,5,233.77,0.25,0.0,Gift Card,In-Store,Completed
ORD-103829,2023-07-13,South,Georgia,SO-02,CUST-00067,Consumer,Home Goods,Decor,2,156.33,0.0,7.99,Credit Card,Online,Completed
ORD-100879,2023-07-13,North,Wisconsin,NO-04,CUST-00366,Home Office,Apparel,Accessories,4,96.24,0.05,4.99,Debit Card,Online,Completed
ORD-100131,2023-07-13,North,Minnesota,NO-04,CUST-00839,Corporate,Electronics,Headphones,7,562.97,0.0,0.0,PayPal,In-Store,Returned
ORD-103229,2023-07-14,West,Washington,WE-02,CUST-01135,Consumer,Books,Comics,3,12.31,0.0,0.0,Debit Card,In-Store,Completed
ORD-103933,2023-07-14,West,Oregon,WE-05,CUST-00937,Consumer,Apparel,Footwear,6,35.0,0.05,0.0,Credit Card,In-Store,Completed
ORD-101839,2023-07-15,West,Washington,WE-04,CUST-01035,Consumer,Electronics,Smartphones,2,410.26,0.0,0.0,Credit Card,In-Store,Completed
ORD-100468,2023-07-15,East,New Jersey,EA-03,CUST-00205,Consumer,Apparel,Accessories,2,32.37,0.1,7.99,Debit Card,Online,Completed
ORD-101111,2023-07-15,West,California,WE-04,CUST-01333,Corporate,Beauty & Health,Personal Care,5,56.91,0.0,4.99,PayPal,Online,Completed
ORD-101112,2023-07-15,South,Florida,SO-05,CUST-01185,Corporate,Home Goods,Storage,1,277.22,0.2,0.0,Debit Card,In-Store,Completed
ORD-103982,2023-07-15,East,New York,EA-01,CUST-01675,Home Office,Apparel,Men's Wear,6,41.51,0.0,0.0,Debit Card,In-Store,Returned
ORD-100830,2023-07-15,East,Massachusetts,EA-02,CUST-00083,Consumer,Electronics,Laptops,5,474.62,0.0,0.0,PayPal,In-Store,Completed
ORD-105380,2023-07-15,Central,Ohio,CE-05,CUST-01208,Home Office,Sporting Goods,Cycling,3,156.0,0.25,0.0,PayPal,In-Store,Completed
ORD-104442,2023-07-15,East,Massachusetts,EA-02,CUST-00705,Consumer,Apparel,Kids' Wear,2,85.49,0.0,7.99,Credit Card,Online,Completed
ORD-100213,2023-07-15,West,Washington,WE-01,CUST-01724,Consumer,Electronics,Headphones,4,621.86,0.0,0.0,Credit Card,Online,Returned
ORD-102914,2023-07-15,East,New Jersey,EA-04,CUST-01571,Consumer,Beauty & Health,Skincare,5,21.12,0.05,0.0,Gift Card,In-Store,Completed
ORD-105486,2023-07-16,Central,Ohio,CE-01,CUST-00772,Consumer,Electronics,Smart Home,6,374.0,0.0,12.99,Debit Card,Online,Completed
ORD-103983,2023-07-16,North,Minnesota,NO-01,CUST-00958,Home Office,Apparel,Footwear,3,99.51,0.0,0.0,Cash,In-Store,Completed
ORD-102574,2023-07-16,East,Massachusetts,EA-05,CUST-00833,Consumer,Books,Fiction,4,24.55,0.0,0.0,Credit Card,Online,Completed
ORD-102907,2023-07-16,South,Florida,SO-03,CUST-00286,Consumer,Beauty & Health,Makeup,4,39.5,0.0,4.99,Credit Card,Online,Completed
ORD-102038,2023-07-16,West,California,WE-02,CUST-00250,Corporate,Electronics,Smart Home,2,287.71,0.1,0.0,Credit Card,In-Store,Completed
ORD-102741,2023-07-16,Central,Missouri,CE-05,CUST-01774,Consumer,Electronics,Smart Home,4,279.9,0.05,0.0,Gift Card,Online,Completed
ORD-104079,2023-07-16,West,California,WE-02,CUST-00710,Corporate,Apparel,Women's Wear,4,110.2,0.0,0.0,Debit Card,In-Store,Completed
ORD-105159,2023-07-16,East,New Jersey,EA-05,CUST-01423,Consumer,Books,Fiction,3,12.5,0.0,12.99,PayPal,Online,Completed
ORD-105275,2023-07-17,West,Oregon,WE-04,CUST-00512,Consumer,Apparel,Kids' Wear,2,82.44,0.25,0.0,Credit Card,Online,Completed
ORD-102174,2023-07-17,Central,Ohio,CE-01,CUST-00861,Home Office,Apparel,Footwear,1,39.66,0.05,7.99,PayPal,Online,Completed
ORD-103812,2023-07-17,Central,Ohio,CE-05,CUST-00815,Consumer,Apparel,Footwear,2,41.08,0.0,0.0,Gift Card,Online,Completed
ORD-101602,2023-07-17,East,Massachusetts,EA-02,CUST-00093,Corporate,Sporting Goods,Footwear,3,138.64,0.0,0.0,Credit Card,In-Store,Completed
ORD-101492,2023-07-17,West,Oregon,WE-04,CUST-01604,Home Office,Electronics,Laptops,3,297.56,0.05,0.0,Credit Card,In-Store,Completed
ORD-104927,2023-07-17,West,California,WE-02,CUST-01686,Consumer,Electronics,Smartphones,3,547.18,0.05,4.99,Credit Card,Online,Completed
ORD-100173,2023-07-17,North,Minnesota,NO-05,CUST-01593,Corporate,Electronics,Smartphones,2,392.11,0.05,0.0,Credit Card,In-Store,Returned
ORD-104364,2023-07-17,North,North Dakota,NO-02,CUST-00472,Consumer,Home Goods,Furniture,3,415.81,0.0,0.0,Credit Card,In-Store,Completed
ORD-105361,2023-07-17,Central,Ohio,CE-03,CUST-01497,Consumer,Home Goods,Decor,2,100.62,0.05,0.0,Debit Card,In-Store,Completed
ORD-100124,2023-07-18,North,Wisconsin,NO-03,CUST-00677,Consumer,Sporting Goods,Team Sports,6,118.65,0.0,0.0,PayPal,In-Store,Completed
ORD-105218,2023-07-18,South,Georgia,SO-04,CUST-01547,Home Office,Beauty & Health,Skincare,2,32.4,0.15,0.0,Credit Card,In-Store,Completed
ORD-102821,2023-07-18,West,Washington,WE-01,CUST-01139,Corporate,Electronics,Smart Home,4,597.68,0.1,0.0,PayPal,In-Store,Completed
ORD-101554,2023-07-18,North,North Dakota,NO-05,CUST-00928,Consumer,Sporting Goods,Cycling,4,66.26,0.0,0.0,PayPal,In-Store,Completed
ORD-100542,2023-07-18,Central,Illinois,CE-01,CUST-01264,Consumer,Apparel,Kids' Wear,2,42.04,0.0,0.0,Debit Card,Online,Completed
ORD-101332,2023-07-18,East,New Jersey,EA-03,CUST-00732,Consumer,Apparel,Footwear,4,85.11,0.15,0.0,Credit Card,In-Store,Completed
ORD-102727,2023-07-18,Central,Illinois,CE-04,CUST-00732,Consumer,Home Goods,Bedding,3,211.49,0.0,0.0,PayPal,In-Store,Cancelled
ORD-100108,2023-07-18,Central,Missouri,CE-03,CUST-00345,Consumer,Sporting Goods,Outdoor Gear,6,191.9,0.15,12.99,Debit Card,Online,Completed
ORD-102470,2023-07-18,East,Massachusetts,EA-05,CUST-00059,Consumer,Home Goods,Furniture,3,148.4,0.15,7.99,Credit Card,Online,Completed
ORD-103596,2023-07-19,West,Oregon,WE-01,CUST-01018,Consumer,Books,Children's,3,17.49,0.1,4.99,Debit Card,Online,Completed
ORD-100776,2023-07-19,South,Georgia,SO-01,CUST-00241,Home Office,Home Goods,Kitchenware,4,254.03,0.25,0.0,PayPal,In-Store,Completed
ORD-103214,2023-07-19,North,Wisconsin,NO-04,CUST-00357,Consumer,Apparel,Kids' Wear,3,47.29,0.0,4.99,PayPal,Online,Returned
ORD-101231,2023-07-19,West,California,WE-02,CUST-00388,Corporate,Beauty & Health,Makeup,4,31.91,0.0,0.0,PayPal,In-Store,Completed
ORD-103436,2023-07-19,East,Massachusetts,EA-01,CUST-00323,Consumer,Electronics,Cameras,3,483.82,0.0,0.0,Credit Card,In-Store,Completed
ORD-103520,2023-07-19,West,California,WE-04,CUST-01760,Corporate,Home Goods,Furniture,4,606.79,0.0,7.99,Debit Card,Online,Completed
ORD-104019,2023-07-20,Central,Illinois,CE-03,CUST-00809,Consumer,Apparel,Kids' Wear,2,78.29,0.15,0.0,PayPal,In-Store,Completed
ORD-104564,2023-07-20,North,Wisconsin,NO-02,CUST-01405,Home Office,Apparel,Footwear,3,42.75,0.05,0.0,Credit Card,In-Store,Completed
ORD-102910,2023-07-20,West,Washington,WE-01,CUST-00315,Home Office,Home Goods,Decor,2,396.5,0.0,0.0,PayPal,In-Store,Completed
ORD-101032,2023-07-20,North,Minnesota,NO-05,CUST-00163,Home Office,Electronics,Laptops,5,202.1,0.05,0.0,Cash,Online,Returned
ORD-101094,2023-07-20,North,North Dakota,NO-04,CUST-00748,Consumer,Home Goods,Furniture,2,543.95,0.0,0.0,Debit Card,In-Store,Completed
ORD-100880,2023-07-20,South,Texas,SO-02,CUST-01330,Consumer,Electronics,Cameras,5,312.53,0.0,4.99,PayPal,Online,Completed
ORD-101580,2023-07-21,West,Washington,WE-01,CUST-00366,Consumer,Electronics,Smart Home,4,1200.0,0.0,0.0,Cash,In-Store,Completed
ORD-103954,2023-07-21,South,Georgia,SO-05,CUST-01555,Home Office,Apparel,Men's Wear,3,19.55,0.0,0.0,Credit Card,In-Store,Returned
ORD-101089,2023-07-21,North,North Dakota,NO-04,CUST-00198,Corporate,Apparel,Accessories,3,39.64,0.0,7.99,Credit Card,Online,Completed
ORD-103418,2023-07-21,South,Texas,SO-03,CUST-00738,Corporate,Books,Children's,4,16.76,0.0,0.0,PayPal,In-Store,Completed
ORD-104597,2023-07-21,South,Georgia,SO-03,CUST-00164,Consumer,Apparel,Men's Wear,3,67.88,0.1,0.0,Credit Card,In-Store,Completed
ORD-100744,2023-07-21,West,Washington,WE-01,CUST-00248,Consumer,Apparel,Kids' Wear,5,60.73,0.1,0.0,Credit Card,In-Store,Completed
ORD-103879,2023-07-21,South,Florida,SO-05,CUST-01151,Consumer,Apparel,Accessories,2,56.26,0.0,12.99,Debit Card,Online,Completed
ORD-104213,2023-07-22,South,Texas,SO-03,CUST-01618,Consumer,Electronics,Headphones,3,272.98,0.05,0.0,Debit Card,In-Store,Completed
ORD-105690,2023-07-22,North,North Dakota,NO-02,CUST-01203,Corporate,Books,Educational,4,25.02,0.0,7.99,Credit Card,Online,Completed
ORD-103949,2023-07-22,East,Massachusetts,EA-01,CUST-00813,Corporate,Apparel,Footwear,2,115.79,0.0,0.0,PayPal,In-Store,Returned
ORD-104779,2023-07-22,West,Washington,WE-02,CUST-01276,Consumer,Apparel,Men's Wear,1,85.68,0.1,0.0,Credit Card,In-Store,Completed
ORD-102566,2023-07-22,Central,Missouri,CE-05,CUST-01727,Consumer,Books,Non-Fiction,4,30.01,0.0,12.99,PayPal,Online,Completed
ORD-104744,2023-07-22,West,Washington,WE-05,CUST-01639,Corporate,Sporting Goods,Footwear,2,68.23,0.0,0.0,PayPal,Online,Completed
ORD-104081,2023-07-22,North,Wisconsin,NO-05,CUST-00043,Consumer,Electronics,Headphones,2,349.45,0.1,4.99,Debit Card,Online,Completed
ORD-101071,2023-07-22,East,New York,EA-04,CUST-01466,Home Office,Beauty & Health,Skincare,3,49.74,0.2,0.0,Credit Card,In-Store,Completed
ORD-103534,2023-07-22,North,Wisconsin,NO-03,CUST-00021,Consumer,Sporting Goods,Team Sports,2,135.45,0.25,0.0,Credit Card,In-Store,Completed
ORD-101608,2023-07-22,South,Georgia,SO-01,CUST-00431,Consumer,Electronics,Laptops,2,589.49,0.0,4.99,Credit Card,Online,Completed
ORD-105502,2023-07-22,East,Massachusetts,EA-02,CUST-00903,Home Office,Electronics,Smart Home,3,364.08,0.0,4.99,Debit Card,Online,Completed
ORD-105867,2023-07-22,South,Texas,SO-01,CUST-01151,Consumer,Apparel,Accessories,4,40.99,0.05,0.0,Cash,Online,Completed
ORD-101046,2023-07-22,North,Wisconsin,NO-01,CUST-00314,Corporate,Books,Non-Fiction,3,28.72,0.2,7.99,Credit Card,Online,Completed
ORD-102981,2023-07-23,North,Minnesota,NO-05,CUST-01456,Consumer,Home Goods,Furniture,2,587.24,0.0,0.0,PayPal,Online,Completed
ORD-105941,2023-07-23,Central,Illinois,CE-04,CUST-01269,Consumer,Books,Educational,4,36.12,0.0,0.0,Debit Card,In-Store,Completed
ORD-105779,2023-07-23,West,Oregon,WE-03,CUST-01633,Home Office,Sporting Goods,Team Sports,2,413.35,0.0,12.99,Credit Card,Online,Completed
ORD-103693,2023-07-23,South,Florida,SO-03,CUST-00637,Home Office,Home Goods,Storage,4,331.14,0.15,0.0,Cash,In-Store,Completed
ORD-101635,2023-07-23,North,North Dakota,NO-01,CUST-01642,Consumer,Sporting Goods,Footwear,2,313.48,0.1,0.0,Cash,Online,Completed
ORD-103235,2023-07-23,South,Florida,SO-03,CUST-00258,Consumer,Apparel,Women's Wear,3,28.86,0.0,0.0,Credit Card,Online,Completed
ORD-104772,2023-07-23,South,Florida,SO-05,CUST-00792,Corporate,Home Goods,Bedding,5,755.66,0.0,0.0,Debit Card,Online,Completed
ORD-101390,2023-07-24,East,New Jersey,EA-04,CUST-00096,Corporate,Sporting Goods,Team Sports,4,285.78,0.05,4.99,Debit Card,Online,Returned
ORD-105845,2023-07-24,South,Florida,SO-03,CUST-00513,Consumer,Electronics,Smartphones,3,458.89,0.05,0.0,Debit Card,Online,Completed
ORD-105680,2023-07-24,North,North Dakota,NO-05,CUST-01406,Consumer,Electronics,Smart Home,4,457.64,0.15,0.0,Debit Card,In-Store,Returned
ORD-100663,2023-07-25,Central,Missouri,CE-03,CUST-00638,Consumer,Beauty & Health,Wellness,1,24.61,0.0,0.0,Credit Card,In-Store,Completed
ORD-103670,2023-07-25,West,Washington,WE-01,CUST-01627,Corporate,Home Goods,Kitchenware,2,363.26,0.0,0.0,Debit Card,In-Store,Cancelled
ORD-104873,2023-07-25,South,Texas,SO-02,CUST-00761,Corporate,Beauty & Health,Makeup,2,32.04,0.0,0.0,Credit Card,Online,Completed
ORD-104426,2023-07-25,West,Washington,WE-05,CUST-00031,Consumer,Home Goods,Furniture,2,148.56,0.05,0.0,PayPal,Online,Completed
ORD-100215,2023-07-25,Central,Missouri,CE-01,CUST-00512,Corporate,Apparel,Men's Wear,2,36.2,0.1,0.0,Credit Card,In-Store,Returned
ORD-101561,2023-07-25,Central,Missouri,CE-04,CUST-00139,Corporate,Electronics,Smart Home,2,446.87,0.1,0.0,Credit Card,In-Store,Completed
ORD-102268,2023-07-25,East,New Jersey,EA-03,CUST-01501,Home Office,Books,Non-Fiction,9,15.91,0.0,0.0,Credit Card,Online,Completed
ORD-101369,2023-07-25,Central,Illinois,CE-05,CUST-00197,Consumer,Electronics,Smart Home,3,362.38,0.05,0.0,Debit Card,Online,Returned
ORD-101490,2023-07-25,East,Massachusetts,EA-02,CUST-00268,Consumer,Books,Comics,2,18.24,0.05,4.99,Credit Card,Online,Completed
ORD-100158,2023-07-25,Central,Illinois,CE-04,CUST-00584,Consumer,Home Goods,Storage,5,384.77,0.0,0.0,PayPal,In-Store,Completed
ORD-103683,2023-07-25,West,California,WE-01,CUST-01645,Consumer,Electronics,Smart Home,6,600.43,0.0,0.0,Debit Card,In-Store,Completed
ORD-105077,2023-07-25,North,Minnesota,NO-01,CUST-01671,Home Office,Home Goods,Storage,2,239.91,0.0,12.99,Debit Card,Online,Completed
ORD-105871,2023-07-25,East,Massachusetts,EA-04,CUST-01507,Consumer,Apparel,Men's Wear,1,112.19,0.0,7.99,PayPal,Online,Completed
ORD-100887,2023-07-26,Central,Missouri,CE-01,CUST-01772,Consumer,Apparel,Kids' Wear,3,44.0,0.15,7.99,Credit Card,Online,Completed
ORD-102076,2023-07-26,East,New York,EA-04,CUST-01449,Corporate,Sporting Goods,Outdoor Gear,3,82.07,0.0,0.0,Credit Card,In-Store,Completed
ORD-105379,2023-07-26,Central,Missouri,CE-04,CUST-00540,Corporate,Home Goods,Kitchenware,5,249.27,0.0,0.0,Credit Card,In-Store,Completed
ORD-105451,2023-07-26,South,Florida,SO-03,CUST-00747,Corporate,Home Goods,Storage,3,272.61,0.0,0.0,Credit Card,In-Store,Completed
ORD-103640,2023-07-26,West,California,WE-03,CUST-01558,Home Office,Apparel,Men's Wear,5,91.26,0.2,0.0,Credit Card,In-Store,Completed
ORD-101066,2023-07-26,East,New Jersey,EA-05,CUST-00429,Consumer,Electronics,Laptops,3,594.32,0.0,4.99,Credit Card,Online,Completed
ORD-102239,2023-07-27,North,North Dakota,NO-02,CUST-00267,Home Office,Home Goods,Furniture,3,362.49,0.0,0.0,Credit Card,In-Store,Completed
ORD-104572,2023-07-27,North,Wisconsin,NO-01,CUST-01377,Home Office,Home Goods,Storage,5,159.82,0.05,4.99,Credit Card,Online,Completed
ORD-100151,2023-07-27,West,Oregon,WE-03,CUST-00593,Consumer,Apparel,Men's Wear,2,72.57,0.0,0.0,Credit Card,In-Store,Completed
ORD-102155,2023-07-27,East,Massachusetts,EA-02,CUST-00492,Corporate,Electronics,Smart Home,4,299.16,0.2,12.99,PayPal,Online,Completed
ORD-105938,2023-07-27,East,New Jersey,EA-05,CUST-00351,Home Office,Apparel,Women's Wear,3,40.87,0.0,0.0,Gift Card,In-Store,Returned
ORD-105083,2023-07-27,East,New Jersey,EA-02,CUST-00801,Consumer,Apparel,Footwear,7,46.28,0.15,0.0,Gift Card,In-Store,Cancelled
ORD-101719,2023-07-27,West,Oregon,WE-04,CUST-00301,Consumer,Apparel,Footwear,3,37.35,0.15,4.99,Credit Card,Online,Completed
ORD-104021,2023-07-28,East,New Jersey,EA-05,CUST-00896,Consumer,Books,Educational,2,27.36,0.0,4.99,Credit Card,Online,Completed
ORD-102851,2023-07-28,West,Oregon,WE-03,CUST-01516,Consumer,Home Goods,Storage,1,141.59,0.0,0.0,PayPal,Online,Completed
ORD-101753,2023-07-28,North,Minnesota,NO-03,CUST-00841,Corporate,Apparel,Men's Wear,4,81.77,0.0,12.99,PayPal,Online,Completed
ORD-104166,2023-07-28,South,Florida,SO-05,CUST-01320,Consumer,Books,Educational,4,9.78,0.0,7.99,PayPal,Online,Completed
ORD-104439,2023-07-28,Central,Missouri,CE-02,CUST-00186,Consumer,Beauty & Health,Skincare,3,14.34,0.0,0.0,Debit Card,In-Store,Completed
ORD-104893,2023-07-28,East,Massachusetts,EA-04,CUST-00456,Consumer,Apparel,Men's Wear,3,36.53,0.2,7.99,Debit Card,Online,Completed
ORD-101845,2023-07-28,South,Georgia,SO-02,CUST-01064,Consumer,Beauty & Health,Haircare,2,30.75,0.0,0.0,PayPal,In-Store,Completed
ORD-100585,2023-07-28,South,Texas,SO-03,CUST-00344,Corporate,Books,Non-Fiction,2,45.0,0.05,4.99,Credit Card,Online,Completed
ORD-104778,2023-07-28,East,New Jersey,EA-05,CUST-00483,Consumer,Home Goods,Kitchenware,2,464.92,0.25,4.99,Gift Card,Online,Completed
ORD-100155,2023-07-29,East,New York,EA-02,CUST-01642,Corporate,Apparel,Women's Wear,6,150.0,0.0,0.0,Cash,In-Store,Completed
ORD-100693,2023-07-29,East,New Jersey,EA-05,CUST-01227,Home Office,Home Goods,Bedding,3,303.67,0.1,0.0,PayPal,In-Store,Completed
ORD-103226,2023-07-29,South,Georgia,SO-05,CUST-00969,Consumer,Electronics,Smartphones,1,280.53,0.0,7.99,Credit Card,Online,Completed
ORD-104981,2023-07-29,South,Texas,SO-05,CUST-00228,Consumer,Home Goods,Decor,3,329.82,0.0,0.0,Gift Card,Online,Completed
ORD-103408,2023-07-29,West,Oregon,WE-01,CUST-00215,Home Office,Electronics,Cameras,2,138.63,0.0,0.0,Credit Card,In-Store,Completed
ORD-100189,2023-07-29,North,Wisconsin,NO-02,CUST-00374,Consumer,Home Goods,Decor,2,209.15,0.0,0.0,PayPal,Online,Completed
ORD-102785,2023-07-29,Central,Ohio,CE-02,CUST-01316,Consumer,Apparel,Accessories,3,35.0,0.05,7.99,Debit Card,Online,Completed
ORD-103111,2023-07-29,Central,Missouri,CE-01,CUST-01540,Corporate,Beauty & Health,Makeup,5,26.82,0.15,4.99,Gift Card,Online,Completed
ORD-105461,2023-07-29,North,North Dakota,NO-02,CUST-00512,Consumer,Home Goods,Decor,5,222.58,0.1,0.0,PayPal,In-Store,Cancelled
ORD-101276,2023-07-29,South,Georgia,SO-05,CUST-01228,Consumer,Home Goods,Furniture,5,254.43,0.0,0.0,Debit Card,In-Store,Completed
ORD-100637,2023-07-29,North,Wisconsin,NO-05,CUST-00144,Consumer,Home Goods,Kitchenware,2,235.2,0.05,0.0,PayPal,Online,Completed
ORD-102588,2023-07-29,South,Florida,SO-03,CUST-00776,Consumer,Books,Fiction,2,17.21,0.0,4.99,Debit Card,Online,Completed
ORD-103349,2023-07-29,West,California,WE-04,CUST-01734,Corporate,Apparel,Men's Wear,2,48.75,0.0,0.0,Gift Card,Online,Completed
ORD-105427,2023-07-29,South,Georgia,SO-04,CUST-00354,Consumer,Apparel,Accessories,2,31.26,0.05,0.0,Gift Card,In-Store,Completed
ORD-102767,2023-07-29,West,Washington,WE-03,CUST-00987,Corporate,Electronics,Laptops,5,1020.16,0.0,12.99,Gift Card,Online,Completed
ORD-102223,2023-07-29,South,Texas,SO-02,CUST-01583,Consumer,Apparel,Women's Wear,4,107.93,0.15,0.0,Credit Card,In-Store,Completed
ORD-103386,2023-07-30,North,Wisconsin,NO-03,CUST-01515,Consumer,Books,Non-Fiction,2,16.71,0.0,0.0,Credit Card,In-Store,Completed
ORD-101518,2023-07-30,West,California,WE-03,CUST-00637,Consumer,Books,Comics,5,30.13,0.1,0.0,PayPal,In-Store,Completed
ORD-105750,2023-07-30,Central,Missouri,CE-04,CUST-00607,Consumer,Sporting Goods,Footwear,2,84.07,0.0,0.0,Credit Card,In-Store,Completed
ORD-105617,2023-07-30,West,California,WE-04,CUST-00170,Consumer,Electronics,Smart Home,2,157.44,0.25,4.99,Credit Card,Online,Completed
ORD-105400,2023-07-30,West,Washington,WE-01,CUST-00004,Consumer,Books,Fiction,5,11.4,0.05,0.0,Credit Card,In-Store,Completed
ORD-100225,2023-07-30,South,Georgia,SO-01,CUST-01161,Home Office,Sporting Goods,Fitness Equipment,4,167.58,0.05,4.99,Debit Card,Online,Completed
ORD-100889,2023-07-30,East,Massachusetts,EA-05,CUST-01559,Home Office,Apparel,Women's Wear,1,52.76,0.15,0.0,Debit Card,In-Store,Completed
ORD-105613,2023-07-31,West,California,WE-05,CUST-01375,Home Office,Beauty & Health,Wellness,2,31.82,0.0,0.0,PayPal,In-Store,Completed
ORD-103232,2023-07-31,East,Massachusetts,EA-01,CUST-00050,Consumer,Home Goods,Bedding,7,195.53,0.0,0.0,Debit Card,In-Store,Completed
ORD-105924,2023-07-31,Central,Ohio,CE-01,CUST-01015,Consumer,Electronics,Smartphones,1,277.23,0.25,0.0,Debit Card,In-Store,Completed
ORD-100962,2023-07-31,South,Florida,SO-04,CUST-00628,Consumer,Home Goods,Kitchenware,3,134.54,0.05,7.99,Debit Card,Online,Returned
ORD-101887,2023-08-01,Central,Missouri,CE-03,CUST-01415,Home Office,Books,Fiction,5,40.1,0.0,0.0,Debit Card,Online,Completed
ORD-100988,2023-08-01,South,Georgia,SO-01,CUST-00357,Consumer,Electronics,Smart Home,5,830.09,0.0,0.0,Debit Card,In-Store,Completed
ORD-104402,2023-08-01,Central,Ohio,CE-01,CUST-01373,Corporate,Books,Non-Fiction,3,15.02,0.0,0.0,Cash,In-Store,Completed
ORD-105895,2023-08-01,Central,Missouri,CE-02,CUST-00131,Consumer,Home Goods,Decor,4,318.83,0.0,7.99,Credit Card,Online,Returned
ORD-102728,2023-08-01,East,Massachusetts,EA-01,CUST-01450,Consumer,Books,Fiction,4,20.37,0.25,7.99,Credit Card,Online,Completed
ORD-103734,2023-08-01,Central,Ohio,CE-01,CUST-00008,Consumer,Home Goods,Furniture,3,177.09,0.1,0.0,Credit Card,In-Store,Cancelled
ORD-100666,2023-08-01,North,Minnesota,NO-03,CUST-01454,Consumer,Apparel,Men's Wear,2,41.66,0.0,0.0,Credit Card,Online,Completed
ORD-101374,2023-08-02,East,New Jersey,EA-01,CUST-00813,Consumer,Apparel,Men's Wear,4,47.03,0.2,0.0,Credit Card,In-Store,Completed
ORD-102810,2023-08-02,South,Florida,SO-01,CUST-00018,Corporate,Apparel,Kids' Wear,3,122.37,0.25,0.0,Cash,In-Store,Completed
ORD-101320,2023-08-02,West,Washington,WE-05,CUST-00599,Consumer,Home Goods,Decor,3,103.39,0.15,0.0,Credit Card,Online,Completed
ORD-103121,2023-08-02,South,Florida,SO-03,CUST-00492,Consumer,Beauty & Health,Makeup,3,120.0,0.15,7.99,PayPal,Online,Completed
ORD-102612,2023-08-02,South,Texas,SO-05,CUST-01273,Corporate,Electronics,Headphones,3,303.71,0.0,0.0,Gift Card,In-Store,Completed
ORD-102001,2023-08-02,North,North Dakota,NO-04,CUST-01529,Consumer,Home Goods,Furniture,3,534.72,0.0,0.0,Debit Card,Online,Completed
ORD-100329,2023-08-02,Central,Missouri,CE-01,CUST-01738,Consumer,Books,Comics,3,13.75,0.15,0.0,Credit Card,In-Store,Completed
ORD-104532,2023-08-02,West,California,WE-05,CUST-00305,Consumer,Home Goods,Bedding,4,334.49,0.0,0.0,Credit Card,Online,Completed
ORD-104808,2023-08-02,West,Washington,WE-03,CUST-01516,Consumer,Electronics,Smart Home,2,380.24,0.2,4.99,Debit Card,Online,Completed
ORD-105403,2023-08-02,Central,Illinois,CE-02,CUST-00234,Consumer,Apparel,Footwear,6,122.12,0.0,0.0,Debit Card,In-Store,Completed
ORD-100537,2023-08-02,East,Massachusetts,EA-04,CUST-00665,Corporate,Beauty & Health,Personal Care,2,37.12,0.2,0.0,Credit Card,Online,Completed
ORD-104614,2023-08-03,South,Georgia,SO-03,CUST-01149,Home Office,Home Goods,Furniture,2,620.78,0.0,7.99,Gift Card,Online,Completed
ORD-103151,2023-08-03,Central,Missouri,CE-05,CUST-00347,Consumer,Apparel,Men's Wear,5,84.45,0.25,0.0,Credit Card,In-Store,Completed
ORD-100762,2023-08-03,Central,Ohio,CE-02,CUST-00008,Home Office,Electronics,Smartphones,5,982.67,0.05,4.99,Credit Card,Online,Completed
ORD-100105,2023-08-03,Central,Illinois,CE-04,CUST-00342,Consumer,Home Goods,Bedding,6,558.21,0.1,0.0,Gift Card,In-Store,Completed
ORD-104681,2023-08-03,East,New York,EA-01,CUST-00644,Consumer,Apparel,Accessories,3,148.55,0.0,0.0,Gift Card,Online,Completed
ORD-103118,2023-08-03,Central,Ohio,CE-05,CUST-01774,Home Office,Apparel,Kids' Wear,4,59.97,0.0,4.99,Credit Card,Online,Completed
ORD-104763,2023-08-03,South,Georgia,SO-04,CUST-00261,Consumer,Electronics,Cameras,2,324.78,0.0,4.99,Gift Card,Online,Completed
ORD-103398,2023-08-03,West,California,WE-03,CUST-01144,Home Office,Books,Fiction,1,11.13,0.0,4.99,Credit Card,Online,Completed
ORD-105932,2023-08-03,West,California,WE-01,CUST-00141,Consumer,Home Goods,Decor,3,146.47,0.0,0.0,Cash,In-Store,Completed
ORD-101397,2023-08-03,East,New Jersey,EA-01,CUST-01473,Consumer,Apparel,Accessories,2,34.74,0.0,4.99,Debit Card,Online,Completed
ORD-103183,2023-08-04,North,Minnesota,NO-05,CUST-01092,Corporate,Books,Non-Fiction,5,36.49,0.0,0.0,PayPal,Online,Completed
ORD-105127,2023-08-04,North,Minnesota,NO-05,CUST-01417,Consumer,Electronics,Smartphones,2,995.06,0.0,0.0,PayPal,In-Store,Completed
ORD-100319,2023-08-04,North,Wisconsin,NO-02,CUST-01213,Home Office,Home Goods,Bedding,4,299.48,0.0,0.0,Credit Card,Online,Returned
ORD-104700,2023-08-04,West,Oregon,WE-02,CUST-01421,Corporate,Electronics,Headphones,2,391.39,0.0,0.0,Credit Card,In-Store,Completed
ORD-103002,2023-08-04,East,New Jersey,EA-05,CUST-01432,Consumer,Electronics,Smartphones,2,401.02,0.0,7.99,Cash,Online,Completed
ORD-101008,2023-08-04,Central,Missouri,CE-01,CUST-01146,Consumer,Sporting Goods,Fitness Equipment,3,173.55,0.05,0.0,Debit Card,In-Store,Completed
ORD-103624,2023-08-04,West,California,WE-04,CUST-01156,Home Office,Books,Non-Fiction,2,25.61,0.05,7.99,Debit Card,Online,Completed
ORD-102003,2023-08-04,South,Florida,SO-04,CUST-00119,Consumer,Home Goods,Furniture,5,177.5,0.0,12.99,Credit Card,Online,Completed
ORD-104246,2023-08-05,South,Florida,SO-04,CUST-00261,Consumer,Electronics,Smartphones,4,237.96,0.05,12.99,Gift Card,Online,Returned
ORD-103068,2023-08-05,North,Minnesota,NO-01,CUST-00222,Consumer,Apparel,Women's Wear,4,38.64,0.0,12.99,Credit Card,Online,Completed
ORD-100782,2023-08-05,East,New York,EA-03,CUST-00624,Corporate,Apparel,Men's Wear,4,44.03,0.05,0.0,Cash,Online,Returned
ORD-103903,2023-08-05,East,New York,EA-05,CUST-01347,Consumer,Electronics,Laptops,3,430.21,0.0,4.99,Credit Card,Online,Completed
ORD-104974,2023-08-05,South,Georgia,SO-03,CUST-00138,Consumer,Apparel,Accessories,3,24.96,0.0,0.0,Credit Card,In-Store,Completed
ORD-102039,2023-08-05,South,Texas,SO-01,CUST-01209,Consumer,Electronics,Smartphones,4,288.57,0.15,12.99,Cash,Online,Completed
ORD-102847,2023-08-05,West,California,WE-02,CUST-00052,Consumer,Electronics,Laptops,3,801.14,0.0,0.0,Debit Card,In-Store,Completed
ORD-100141,2023-08-05,West,Oregon,WE-02,CUST-01661,Consumer,Beauty & Health,Haircare,2,31.24,0.0,12.99,Credit Card,Online,Completed
ORD-101855,2023-08-05,Central,Missouri,CE-05,CUST-00841,Consumer,Apparel,Women's Wear,3,85.72,0.0,0.0,Cash,Online,Completed
ORD-104219,2023-08-06,North,Minnesota,NO-03,CUST-01638,Home Office,Home Goods,Bedding,3,208.9,0.0,4.99,Debit Card,Online,Completed
ORD-103270,2023-08-06,West,Oregon,WE-05,CUST-00585,Consumer,Electronics,Headphones,5,239.66,0.0,0.0,Credit Card,Online,Completed
ORD-104063,2023-08-06,Central,Missouri,CE-02,CUST-01660,Corporate,Apparel,Kids' Wear,5,58.85,0.2,0.0,Cash,In-Store,Completed
ORD-100629,2023-08-06,North,Minnesota,NO-02,CUST-01166,Consumer,Home Goods,Furniture,4,114.41,0.0,0.0,Credit Card,Online,Completed
ORD-105703,2023-08-06,North,Minnesota,NO-02,CUST-00367,Consumer,Apparel,Kids' Wear,7,85.37,0.0,4.99,Credit Card,Online,Completed
ORD-103089,2023-08-06,West,Washington,WE-01,CUST-01500,Corporate,Apparel,Footwear,4,39.15,0.0,0.0,PayPal,Online,Returned
ORD-103814,2023-08-06,Central,Illinois,CE-04,CUST-00168,Consumer,Home Goods,Bedding,3,206.16,0.0,7.99,PayPal,Online,Completed
ORD-104647,2023-08-06,Central,Illinois,CE-04,CUST-00193,Home Office,Electronics,Laptops,4,304.77,0.15,0.0,Debit Card,In-Store,Completed
ORD-105766,2023-08-06,East,New Jersey,EA-05,CUST-01346,Consumer,Apparel,Accessories,2,140.16,0.0,0.0,Credit Card,Online,Returned
ORD-101778,2023-08-07,North,Wisconsin,NO-04,CUST-01483,Consumer,Sporting Goods,Team Sports,2,221.62,0.1,7.99,Debit Card,Online,Completed
ORD-100708,2023-08-07,South,Florida,SO-04,CUST-00118,Consumer,Apparel,Kids' Wear,1,48.67,0.2,0.0,Debit Card,In-Store,Completed
ORD-104154,2023-08-07,East,New York,EA-01,CUST-00280,Consumer,Home Goods,Decor,2,118.78,0.0,0.0,Debit Card,In-Store,Completed
ORD-102280,2023-08-07,South,Texas,SO-02,CUST-00608,Consumer,Home Goods,Furniture,4,402.75,0.0,0.0,Credit Card,Online,Completed
ORD-104566,2023-08-08,South,Georgia,SO-01,CUST-00479,Corporate,Apparel,Men's Wear,3,73.35,0.0,0.0,Credit Card,In-Store,Completed
ORD-103536,2023-08-08,South,Georgia,SO-02,CUST-01324,Corporate,Home Goods,Bedding,4,207.96,0.0,0.0,Credit Card,Online,Completed
ORD-103863,2023-08-08,East,Massachusetts,EA-03,CUST-00276,Home Office,Electronics,Headphones,1,174.56,0.0,0.0,Gift Card,Online,Completed
ORD-102028,2023-08-09,West,Washington,WE-04,CUST-00763,Home Office,Home Goods,Decor,2,308.55,0.05,0.0,Credit Card,Online,Completed
ORD-105772,2023-08-09,East,Massachusetts,EA-01,CUST-00973,Corporate,Sporting Goods,Fitness Equipment,3,277.67,0.15,0.0,Credit Card,Online,Completed
ORD-101525,2023-08-09,East,New York,EA-01,CUST-00152,Consumer,Apparel,Men's Wear,7,71.35,0.15,0.0,Gift Card,In-Store,Completed
ORD-101340,2023-08-09,East,New Jersey,EA-03,CUST-00966,Consumer,Apparel,Accessories,3,31.16,0.25,0.0,Credit Card,In-Store,Completed
ORD-105347,2023-08-09,Central,Missouri,CE-03,CUST-00579,Corporate,Books,Educational,3,22.88,0.0,0.0,Debit Card,In-Store,Completed
ORD-101543,2023-08-09,Central,Ohio,CE-01,CUST-01217,Consumer,Sporting Goods,Cycling,6,235.25,0.0,0.0,Credit Card,In-Store,Completed
ORD-104712,2023-08-09,South,Texas,SO-03,CUST-00540,Consumer,Electronics,Laptops,4,436.97,0.15,0.0,PayPal,Online,Completed
ORD-105548,2023-08-09,West,Oregon,WE-05,CUST-01241,Consumer,Books,Comics,6,30.25,0.0,0.0,Credit Card,Online,Completed
ORD-104925,2023-08-09,East,New York,EA-03,CUST-01342,Corporate,Electronics,Cameras,3,416.04,0.05,0.0,Credit Card,In-Store,Completed
ORD-102330,2023-08-09,Central,Illinois,CE-05,CUST-00256,Corporate,Sporting Goods,Outdoor Gear,3,235.04,0.15,0.0,Gift Card,In-Store,Completed
ORD-104098,2023-08-10,Central,Missouri,CE-05,CUST-01492,Consumer,Home Goods,Decor,5,363.06,0.0,12.99,Debit Card,Online,Completed
ORD-102067,2023-08-10,North,Minnesota,NO-04,CUST-00055,Corporate,Home Goods,Decor,3,275.72,0.05,4.99,Credit Card,Online,Completed
ORD-100184,2023-08-10,Central,Ohio,CE-04,CUST-01688,Consumer,Home Goods,Kitchenware,7,179.77,0.1,4.99,Gift Card,Online,Completed
ORD-100681,2023-08-10,West,Washington,WE-01,CUST-00029,Consumer,Books,Children's,4,11.7,0.0,0.0,Debit Card,In-Store,Completed
ORD-100929,2023-08-10,East,Massachusetts,EA-02,CUST-00641,Consumer,Electronics,Headphones,4,139.63,0.0,7.99,Gift Card,Online,Returned
ORD-105875,2023-08-10,Central,Ohio,CE-01,CUST-01567,Corporate,Books,Comics,3,12.49,0.0,0.0,PayPal,In-Store,Completed
ORD-105330,2023-08-10,West,Oregon,WE-02,CUST-01006,Corporate,Electronics,Cameras,2,666.62,0.0,4.99,Credit Card,Online,Completed
ORD-100579,2023-08-10,North,Minnesota,NO-02,CUST-01141,Consumer,Apparel,Footwear,5,25.07,0.0,0.0,Credit Card,Online,Completed
ORD-100044,2023-08-10,West,California,WE-04,CUST-00396,Consumer,Electronics,Cameras,2,190.29,0.0,7.99,Credit Card,Online,Completed
ORD-103104,2023-08-10,North,Wisconsin,NO-05,CUST-01690,Corporate,Sporting Goods,Cycling,2,196.22,0.15,0.0,Debit Card,In-Store,Completed
ORD-105026,2023-08-10,Central,Missouri,CE-02,CUST-01393,Consumer,Home Goods,Storage,4,438.21,0.0,0.0,Credit Card,In-Store,Completed
ORD-101383,2023-08-10,East,New York,EA-03,CUST-00016,Consumer,Electronics,Cameras,4,269.98,0.05,4.99,Debit Card,Online,Completed
ORD-105508,2023-08-10,West,California,WE-04,CUST-01759,Corporate,Apparel,Accessories,1,34.24,0.0,0.0,Debit Card,Online,Completed
ORD-102793,2023-08-11,Central,Illinois,CE-01,CUST-00315,Consumer,Home Goods,Furniture,5,181.87,0.05,0.0,Credit Card,In-Store,Completed
ORD-102752,2023-08-11,West,Oregon,WE-02,CUST-00157,Consumer,Electronics,Laptops,4,710.27,0.0,0.0,Debit Card,In-Store,Completed
ORD-101747,2023-08-11,Central,Missouri,CE-03,CUST-01130,Consumer,Home Goods,Bedding,7,126.55,0.05,0.0,Credit Card,In-Store,Completed
ORD-105550,2023-08-11,Central,Missouri,CE-03,CUST-00774,Corporate,Apparel,Footwear,1,64.23,0.0,4.99,Credit Card,Online,Completed
ORD-100908,2023-08-11,East,New York,EA-03,CUST-01674,Consumer,Electronics,Cameras,1,1126.23,0.0,4.99,Credit Card,Online,Completed
ORD-102190,2023-08-11,North,North Dakota,NO-01,CUST-00753,Consumer,Electronics,Laptops,3,438.58,0.1,0.0,Debit Card,Online,Returned
ORD-104015,2023-08-11,West,Oregon,WE-03,CUST-01068,Corporate,Books,Non-Fiction,3,18.33,0.15,4.99,PayPal,Online,Completed
ORD-101173,2023-08-11,West,Oregon,WE-05,CUST-00743,Corporate,Sporting Goods,Footwear,4,117.55,0.0,12.99,Debit Card,Online,Completed
ORD-102025,2023-08-11,South,Georgia,SO-02,CUST-01118,Corporate,Home Goods,Bedding,3,107.37,0.1,0.0,Credit Card,In-Store,Returned
ORD-103171,2023-08-11,Central,Missouri,CE-02,CUST-00652,Consumer,Electronics,Cameras,5,360.82,0.0,0.0,Credit Card,Online,Completed
ORD-102446,2023-08-11,East,New Jersey,EA-05,CUST-00203,Corporate,Electronics,Laptops,4,351.79,0.0,4.99,Credit Card,Online,Completed
ORD-101129,2023-08-11,Central,Illinois,CE-02,CUST-00016,Consumer,Beauty & Health,Skincare,6,50.01,0.0,0.0,Credit Card,In-Store,Completed
ORD-101976,2023-08-11,South,Florida,SO-04,CUST-00550,Home Office,Home Goods,Furniture,6,275.48,0.0,4.99,Credit Card,Online,Completed
ORD-103804,2023-08-11,North,North Dakota,NO-03,CUST-00018,Consumer,Beauty & Health,Skincare,4,25.15,0.15,0.0,Debit Card,In-Store,Completed
ORD-103383,2023-08-11,North,North Dakota,NO-02,CUST-01063,Corporate,Books,Comics,4,21.57,0.25,7.99,PayPal,Online,Completed
ORD-102000,2023-08-12,West,California,WE-01,CUST-01052,Consumer,Books,Non-Fiction,2,15.75,0.0,0.0,Debit Card,In-Store,Completed
ORD-105382,2023-08-12,West,California,WE-05,CUST-01258,Corporate,Sporting Goods,Fitness Equipment,6,192.8,0.05,0.0,Credit Card,Online,Completed
ORD-104498,2023-08-12,North,Minnesota,NO-01,CUST-00069,Corporate,Books,Comics,7,11.03,0.0,12.99,Credit Card,Online,Completed
ORD-104490,2023-08-12,South,Texas,SO-04,CUST-01636,Home Office,Electronics,Cameras,5,178.26,0.05,0.0,Debit Card,In-Store,Completed
ORD-103719,2023-08-12,Central,Illinois,CE-04,CUST-00029,Consumer,Electronics,Cameras,2,522.63,0.1,0.0,Debit Card,Online,Completed
ORD-103625,2023-08-13,South,Florida,SO-03,CUST-01511,Consumer,Electronics,Cameras,3,115.14,0.0,0.0,Debit Card,In-Store,Completed
ORD-100975,2023-08-13,North,Minnesota,NO-04,CUST-00514,Corporate,Electronics,Smartphones,2,540.91,0.0,0.0,Credit Card,In-Store,Completed
ORD-101652,2023-08-13,North,Wisconsin,NO-03,CUST-01244,Corporate,Electronics,Smartphones,1,375.57,0.15,12.99,Cash,Online,Completed
ORD-105562,2023-08-13,East,Massachusetts,EA-04,CUST-00880,Consumer,Electronics,Smartphones,2,338.09,0.0,4.99,Credit Card,Online,Completed
ORD-105097,2023-08-13,West,Oregon,WE-04,CUST-01259,Corporate,Home Goods,Furniture,2,192.28,0.15,0.0,Gift Card,In-Store,Completed
ORD-103363,2023-08-14,Central,Ohio,CE-05,CUST-01248,Corporate,Home Goods,Storage,2,107.34,0.0,0.0,Credit Card,In-Store,Completed
ORD-103049,2023-08-14,South,Georgia,SO-05,CUST-00127,Home Office,Apparel,Footwear,2,54.36,0.05,0.0,Debit Card,In-Store,Cancelled
ORD-103372,2023-08-14,Central,Illinois,CE-02,CUST-00385,Consumer,Sporting Goods,Team Sports,1,164.95,0.0,0.0,Cash,Online,Completed
ORD-105737,2023-08-15,South,Texas,SO-01,CUST-00880,Consumer,Apparel,Footwear,4,67.68,0.0,7.99,Cash,Online,Completed
ORD-103699,2023-08-15,North,North Dakota,NO-03,CUST-01610,Consumer,Books,Fiction,5,13.65,0.0,0.0,Credit Card,In-Store,Completed
ORD-105705,2023-08-15,West,California,WE-04,CUST-01508,Corporate,Apparel,Accessories,2,28.47,0.0,0.0,Debit Card,In-Store,Completed
ORD-102940,2023-08-15,West,Washington,WE-04,CUST-01706,Consumer,Sporting Goods,Footwear,4,342.57,0.0,4.99,Cash,Online,Returned
ORD-101118,2023-08-15,East,Massachusetts,EA-02,CUST-01741,Corporate,Apparel,Accessories,3,29.47,0.15,7.99,Debit Card,Online,Completed
ORD-103923,2023-08-15,West,California,WE-04,CUST-01317,Corporate,Beauty & Health,Skincare,4,38.65,0.05,4.99,Credit Card,Online,Completed
ORD-100224,2023-08-15,North,Wisconsin,NO-03,CUST-00263,Consumer,Home Goods,Storage,3,573.72,0.05,0.0,Debit Card,In-Store,Completed
ORD-102707,2023-08-15,Central,Missouri,CE-02,CUST-00427,Consumer,Apparel,Kids' Wear,4,59.55,0.0,0.0,Credit Card,In-Store,Completed
ORD-105790,2023-08-15,East,New York,EA-05,CUST-01423,Consumer,Apparel,Men's Wear,2,29.09,0.15,4.99,Debit Card,Online,Completed
ORD-101812,2023-08-15,West,Washington,WE-03,CUST-01187,Consumer,Sporting Goods,Footwear,5,326.71,0.05,0.0,PayPal,In-Store,Completed
ORD-103065,2023-08-16,South,Georgia,SO-01,CUST-01257,Consumer,Apparel,Kids' Wear,6,42.27,0.0,0.0,Credit Card,In-Store,Returned
ORD-101144,2023-08-16,East,New Jersey,EA-05,CUST-00542,Consumer,Books,Children's,2,8.31,0.0,0.0,Credit Card,In-Store,Completed
ORD-105464,2023-08-16,East,New Jersey,EA-04,CUST-00130,Consumer,Electronics,Smart Home,4,218.16,0.0,0.0,Debit Card,In-Store,Completed
ORD-102680,2023-08-17,East,Massachusetts,EA-04,CUST-00261,Corporate,Books,Fiction,2,19.19,0.15,0.0,Debit Card,Online,Completed
ORD-104005,2023-08-17,South,Florida,SO-03,CUST-00795,Consumer,Sporting Goods,Footwear,5,173.51,0.0,0.0,PayPal,Online,Completed
ORD-100911,2023-08-17,East,Massachusetts,EA-01,CUST-01134,Home Office,Sporting Goods,Cycling,3,208.73,0.0,7.99,Debit Card,Online,Completed
ORD-103522,2023-08-17,West,Washington,WE-03,CUST-01571,Corporate,Sporting Goods,Fitness Equipment,3,224.73,0.0,0.0,PayPal,In-Store,Completed
ORD-103052,2023-08-17,East,Massachusetts,EA-04,CUST-00027,Consumer,Home Goods,Kitchenware,6,146.41,0.0,4.99,Credit Card,Online,Completed
ORD-105600,2023-08-17,West,California,WE-01,CUST-00957,Home Office,Books,Non-Fiction,2,24.33,0.0,4.99,Credit Card,Online,Completed
ORD-105768,2023-08-17,East,New Jersey,EA-01,CUST-00413,Consumer,Beauty & Health,Wellness,6,13.36,0.05,0.0,PayPal,In-Store,Completed
ORD-100926,2023-08-17,West,Washington,WE-04,CUST-00417,Corporate,Home Goods,Furniture,3,302.17,0.0,0.0,Credit Card,Online,Completed
ORD-105786,2023-08-18,Central,Missouri,CE-02,CUST-00213,Consumer,Beauty & Health,Haircare,4,42.2,0.1,4.99,Credit Card,Online,Completed
ORD-100638,2023-08-18,South,Florida,SO-04,CUST-00476,Consumer,Apparel,Men's Wear,1,75.97,0.1,7.99,Debit Card,Online,Completed
ORD-101412,2023-08-18,North,Wisconsin,NO-03,CUST-01237,Consumer,Sporting Goods,Team Sports,7,229.83,0.0,0.0,Debit Card,In-Store,Completed
ORD-103144,2023-08-18,North,Wisconsin,NO-01,CUST-01733,Consumer,Electronics,Cameras,3,290.23,0.0,0.0,Debit Card,Online,Cancelled
ORD-101260,2023-08-18,South,Florida,SO-01,CUST-01495,Home Office,Books,Non-Fiction,4,9.6,0.0,4.99,Credit Card,Online,Completed
ORD-101936,2023-08-18,West,Oregon,WE-02,CUST-01734,Consumer,Electronics,Cameras,2,252.56,0.0,4.99,Credit Card,Online,Completed
ORD-104599,2023-08-18,East,New Jersey,EA-03,CUST-01423,Corporate,Electronics,Headphones,5,959.27,0.1,4.99,Credit Card,Online,Completed
ORD-104530,2023-08-18,North,North Dakota,NO-05,CUST-01619,Corporate,Apparel,Men's Wear,2,59.93,0.2,4.99,Debit Card,Online,Completed
ORD-103367,2023-08-18,South,Texas,SO-02,CUST-00556,Consumer,Apparel,Men's Wear,3,120.63,0.05,12.99,Gift Card,Online,Completed
ORD-104680,2023-08-19,West,Washington,WE-03,CUST-00864,Consumer,Sporting Goods,Cycling,4,88.39,0.0,0.0,Debit Card,In-Store,Completed
ORD-103073,2023-08-19,South,Georgia,SO-02,CUST-01394,Consumer,Sporting Goods,Footwear,4,139.54,0.0,0.0,Debit Card,Online,Completed
ORD-100309,2023-08-19,East,New Jersey,EA-05,CUST-00544,Home Office,Sporting Goods,Cycling,3,111.52,0.0,4.99,Cash,Online,Completed
ORD-100871,2023-08-19,Central,Illinois,CE-02,CUST-00604,Corporate,Electronics,Cameras,4,1200.0,0.05,7.99,Gift Card,Online,Completed
ORD-102450,2023-08-19,North,Wisconsin,NO-04,CUST-00623,Consumer,Electronics,Smart Home,3,614.34,0.0,0.0,Debit Card,Online,Completed
ORD-100061,2023-08-19,East,Massachusetts,EA-05,CUST-01097,Corporate,Home Goods,Bedding,4,220.03,0.15,4.99,Gift Card,Online,Completed
ORD-103120,2023-08-19,West,California,WE-01,CUST-01035,Consumer,Apparel,Kids' Wear,3,19.73,0.0,0.0,Credit Card,Online,Returned
ORD-103754,2023-08-19,Central,Illinois,CE-04,CUST-01283,Consumer,Electronics,Smartphones,4,840.1,0.0,0.0,Cash,In-Store,Completed
ORD-103346,2023-08-19,North,Minnesota,NO-03,CUST-01455,Corporate,Home Goods,Bedding,5,87.29,0.15,0.0,Gift Card,Online,Cancelled
ORD-102617,2023-08-19,West,California,WE-04,CUST-01386,Consumer,Electronics,Cameras,3,197.47,0.0,0.0,Gift Card,In-Store,Completed
ORD-103974,2023-08-19,North,Minnesota,NO-05,CUST-00712,Corporate,Sporting Goods,Cycling,1,89.32,0.0,0.0,PayPal,In-Store,Completed
ORD-104031,2023-08-19,West,Washington,WE-02,CUST-00287,Consumer,Electronics,Smartphones,1,689.95,0.15,7.99,Credit Card,Online,Completed
ORD-102596,2023-08-19,North,North Dakota,NO-01,CUST-00153,Home Office,Home Goods,Storage,3,369.46,0.0,4.99,Credit Card,Online,Completed
ORD-104130,2023-08-20,East,Massachusetts,EA-03,CUST-01385,Consumer,Sporting Goods,Team Sports,2,360.58,0.1,0.0,Debit Card,Online,Returned
ORD-103361,2023-08-20,Central,Ohio,CE-05,CUST-01102,Home Office,Apparel,Accessories,3,32.85,0.15,12.99,Cash,Online,Completed
ORD-102004,2023-08-20,Central,Ohio,CE-05,CUST-01445,Consumer,Apparel,Women's Wear,3,36.15,0.15,0.0,Debit Card,In-Store,Cancelled
ORD-101972,2023-08-20,Central,Ohio,CE-01,CUST-01122,Consumer,Home Goods,Furniture,4,255.71,0.0,0.0,PayPal,In-Store,Completed
ORD-103911,2023-08-20,South,Georgia,SO-01,CUST-00174,Consumer,Home Goods,Furniture,3,173.06,0.0,0.0,PayPal,In-Store,Completed
ORD-101533,2023-08-20,West,California,WE-04,CUST-01625,Consumer,Home Goods,Furniture,5,787.42,0.15,4.99,Credit Card,Online,Completed
ORD-100992,2023-08-20,East,New York,EA-01,CUST-00870,Corporate,Books,Non-Fiction,2,22.05,0.1,0.0,Debit Card,Online,Completed
ORD-105802,2023-08-20,Central,Missouri,CE-01,CUST-01394,Home Office,Electronics,Smartphones,3,767.16,0.0,4.99,Debit Card,Online,Completed
ORD-101219,2023-08-20,Central,Missouri,CE-05,CUST-00026,Consumer,Apparel,Accessories,2,48.15,0.0,0.0,Credit Card,In-Store,Completed
ORD-100935,2023-08-20,South,Florida,SO-02,CUST-00912,Consumer,Home Goods,Bedding,2,117.95,0.0,0.0,Credit Card,In-Store,Completed
ORD-101596,2023-08-21,Central,Illinois,CE-04,CUST-00203,Corporate,Electronics,Headphones,2,386.21,0.15,0.0,Credit Card,In-Store,Completed
ORD-103556,2023-08-21,East,New York,EA-03,CUST-00360,Consumer,Home Goods,Storage,1,129.99,0.25,0.0,Debit Card,In-Store,Completed
ORD-100940,2023-08-21,South,Georgia,SO-04,CUST-01257,Consumer,Electronics,Laptops,6,232.01,0.0,0.0,Debit Card,In-Store,Completed
ORD-100527,2023-08-21,West,Washington,WE-02,CUST-00284,Corporate,Apparel,Accessories,2,80.86,0.0,4.99,Credit Card,Online,Completed
ORD-105411,2023-08-21,East,Massachusetts,EA-03,CUST-00552,Corporate,Books,Educational,3,19.17,0.0,12.99,Debit Card,Online,Returned
ORD-102958,2023-08-21,North,Wisconsin,NO-03,CUST-00810,Consumer,Books,Fiction,1,15.94,0.05,12.99,Credit Card,Online,Cancelled
ORD-101227,2023-08-21,Central,Missouri,CE-05,CUST-00793,Home Office,Books,Non-Fiction,2,17.46,0.0,7.99,PayPal,Online,Completed
ORD-104839,2023-08-21,Central,Ohio,CE-02,CUST-01603,Consumer,Books,Non-Fiction,4,32.28,0.0,0.0,Credit Card,In-Store,Completed
ORD-105645,2023-08-21,South,Texas,SO-03,CUST-00405,Consumer,Sporting Goods,Team Sports,3,259.21,0.05,0.0,Credit Card,In-Store,Completed
ORD-101208,2023-08-21,West,California,WE-02,CUST-00492,Consumer,Home Goods,Decor,3,220.71,0.2,4.99,Credit Card,Online,Completed
ORD-105493,2023-08-22,West,California,WE-02,CUST-00546,Home Office,Electronics,Smart Home,6,297.84,0.1,0.0,PayPal,In-Store,Completed
ORD-103972,2023-08-22,North,North Dakota,NO-03,CUST-01094,Consumer,Sporting Goods,Cycling,2,181.94,0.05,0.0,Debit Card,In-Store,Cancelled
ORD-105189,2023-08-22,Central,Illinois,CE-05,CUST-00142,Consumer,Beauty & Health,Wellness,1,42.25,0.0,0.0,Credit Card,In-Store,Returned
ORD-102480,2023-08-22,North,North Dakota,NO-04,CUST-00711,Consumer,Electronics,Cameras,5,401.04,0.0,0.0,PayPal,In-Store,Completed
ORD-102771,2023-08-22,South,Florida,SO-04,CUST-00488,Corporate,Home Goods,Bedding,6,281.83,0.0,0.0,PayPal,Online,Completed
ORD-105558,2023-08-22,West,California,WE-02,CUST-00169,Consumer,Electronics,Smartphones,2,627.77,0.0,0.0,Debit Card,Online,Completed
ORD-102375,2023-08-22,South,Texas,SO-01,CUST-01791,Consumer,Apparel,Accessories,2,36.19,0.0,0.0,PayPal,In-Store,Completed
ORD-101563,2023-08-22,South,Georgia,SO-04,CUST-01273,Consumer,Home Goods,Bedding,3,111.19,0.1,0.0,Credit Card,In-Store,Completed
ORD-103460,2023-08-22,South,Texas,SO-01,CUST-00477,Consumer,Apparel,Men's Wear,3,74.24,0.1,0.0,Debit Card,In-Store,Completed
ORD-102316,2023-08-22,East,New York,EA-01,CUST-00432,Consumer,Home Goods,Bedding,4,269.43,0.0,0.0,Credit Card,In-Store,Completed
ORD-101358,2023-08-23,West,Oregon,WE-04,CUST-01199,Consumer,Electronics,Laptops,11,399.2,0.0,4.99,Debit Card,Online,Returned
ORD-104077,2023-08-23,North,Wisconsin,NO-03,CUST-00067,Home Office,Home Goods,Bedding,7,98.3,0.0,0.0,Debit Card,Online,Completed
ORD-103482,2023-08-23,East,New York,EA-03,CUST-01429,Consumer,Sporting Goods,Fitness Equipment,6,394.8,0.25,0.0,Gift Card,Online,Completed
ORD-100617,2023-08-23,Central,Ohio,CE-05,CUST-00557,Consumer,Home Goods,Kitchenware,4,175.46,0.0,4.99,Credit Card,Online,Completed
ORD-102285,2023-08-23,West,Oregon,WE-04,CUST-00189,Consumer,Electronics,Cameras,5,313.34,0.25,7.99,PayPal,Online,Completed
ORD-103035,2023-08-23,Central,Illinois,CE-04,CUST-00558,Corporate,Sporting Goods,Outdoor Gear,5,237.0,0.0,7.99,Debit Card,Online,Completed
ORD-102607,2023-08-23,Central,Missouri,CE-05,CUST-01459,Corporate,Books,Children's,1,34.68,0.15,0.0,Gift Card,In-Store,Completed
ORD-102108,2023-08-23,North,Wisconsin,NO-05,CUST-01373,Consumer,Home Goods,Bedding,4,322.56,0.15,0.0,PayPal,Online,Completed
ORD-104310,2023-08-23,North,Minnesota,NO-03,CUST-00830,Consumer,Electronics,Cameras,3,1039.22,0.05,0.0,Cash,In-Store,Returned
ORD-105057,2023-08-23,South,Georgia,SO-03,CUST-01744,Consumer,Apparel,Men's Wear,3,22.8,0.2,0.0,PayPal,In-Store,Completed
ORD-103530,2023-08-24,South,Texas,SO-01,CUST-01524,Consumer,Apparel,Footwear,4,38.1,0.0,4.99,PayPal,Online,Completed
ORD-103034,2023-08-24,North,Minnesota,NO-03,CUST-00609,Corporate,Beauty & Health,Skincare,7,75.78,0.0,7.99,Credit Card,Online,Completed
ORD-100492,2023-08-24,Central,Illinois,CE-05,CUST-00124,Consumer,Apparel,Women's Wear,4,54.34,0.05,0.0,Cash,In-Store,Completed
ORD-103707,2023-08-24,South,Texas,SO-01,CUST-00809,Consumer,Sporting Goods,Team Sports,6,127.33,0.15,0.0,Credit Card,In-Store,Completed
ORD-100601,2023-08-25,Central,Ohio,CE-05,CUST-01415,Consumer,Apparel,Women's Wear,3,22.11,0.1,0.0,Debit Card,In-Store,Completed
ORD-100149,2023-08-25,East,Massachusetts,EA-05,CUST-00413,Consumer,Beauty & Health,Personal Care,3,60.19,0.0,7.99,Credit Card,Online,Completed
ORD-105321,2023-08-25,North,Minnesota,NO-03,CUST-00713,Consumer,Home Goods,Furniture,5,224.64,0.15,7.99,Credit Card,Online,Completed
ORD-103603,2023-08-25,Central,Ohio,CE-05,CUST-00992,Consumer,Books,Comics,3,7.19,0.0,4.99,Debit Card,Online,Returned
ORD-105316,2023-08-25,North,North Dakota,NO-03,CUST-01160,Consumer,Electronics,Cameras,4,209.33,0.25,0.0,PayPal,In-Store,Completed
ORD-102176,2023-08-25,South,Georgia,SO-02,CUST-01754,Home Office,Books,Non-Fiction,2,7.04,0.0,0.0,PayPal,In-Store,Completed
ORD-105563,2023-08-25,South,Georgia,SO-04,CUST-01306,Corporate,Electronics,Smart Home,2,200.17,0.0,4.99,Credit Card,Online,Completed
ORD-102525,2023-08-25,North,Minnesota,NO-03,CUST-01527,Corporate,Beauty & Health,Wellness,1,18.49,0.0,0.0,PayPal,In-Store,Completed
ORD-103675,2023-08-26,East,New Jersey,EA-01,CUST-00125,Consumer,Apparel,Men's Wear,2,43.49,0.0,0.0,Credit Card,In-Store,Cancelled
ORD-105939,2023-08-26,West,Washington,WE-03,CUST-00395,Corporate,Beauty & Health,Haircare,5,10.28,0.0,0.0,Credit Card,Online,Completed
ORD-100323,2023-08-26,South,Florida,SO-02,CUST-00064,Consumer,Beauty & Health,Personal Care,2,53.54,0.0,0.0,PayPal,Online,Completed
ORD-102567,2023-08-26,West,Oregon,WE-03,CUST-00344,Consumer,Electronics,Smart Home,5,405.92,0.0,4.99,PayPal,Online,Completed
ORD-104330,2023-08-26,South,Texas,SO-02,CUST-00249,Consumer,Sporting Goods,Team Sports,3,138.5,0.1,0.0,Credit Card,Online,Returned
ORD-100064,2023-08-26,East,Massachusetts,EA-04,CUST-00746,Consumer,Apparel,Footwear,7,72.7,0.0,0.0,Credit Card,In-Store,Completed
ORD-102291,2023-08-26,North,Minnesota,NO-02,CUST-00182,Consumer,Electronics,Cameras,5,574.84,0.0,4.99,Gift Card,Online,Completed
ORD-100236,2023-08-26,West,California,WE-02,CUST-00566,Consumer,Apparel,Footwear,3,50.13,0.0,0.0,Credit Card,In-Store,Completed
ORD-100687,2023-08-26,North,Wisconsin,NO-03,CUST-00125,Consumer,Apparel,Women's Wear,3,52.94,0.05,0.0,PayPal,In-Store,Completed
ORD-104435,2023-08-26,North,Minnesota,NO-05,CUST-00694,Corporate,Apparel,Kids' Wear,3,28.21,0.05,0.0,Debit Card,Online,Completed
ORD-100487,2023-08-26,West,Washington,WE-01,CUST-00701,Home Office,Home Goods,Kitchenware,2,202.53,0.05,12.99,PayPal,Online,Cancelled
ORD-102206,2023-08-26,North,Wisconsin,NO-04,CUST-00260,Consumer,Apparel,Kids' Wear,3,48.33,0.0,4.99,PayPal,Online,Cancelled
ORD-105320,2023-08-27,South,Georgia,SO-02,CUST-00035,Home Office,Electronics,Cameras,3,1055.53,0.05,4.99,PayPal,Online,Completed
ORD-105813,2023-08-27,North,Wisconsin,NO-03,CUST-01543,Corporate,Sporting Goods,Team Sports,6,129.93,0.25,4.99,Cash,Online,Completed
ORD-105290,2023-08-27,North,Wisconsin,NO-03,CUST-00948,Home Office,Beauty & Health,Haircare,3,36.53,0.0,0.0,Credit Card,Online,Completed
ORD-102868,2023-08-27,East,New York,EA-03,CUST-00289,Home Office,Home Goods,Bedding,4,180.63,0.0,0.0,PayPal,In-Store,Completed
ORD-103708,2023-08-27,West,Washington,WE-02,CUST-01070,Corporate,Home Goods,Decor,1,196.71,0.0,0.0,PayPal,Online,Completed
ORD-100379,2023-08-27,West,Oregon,WE-03,CUST-00598,Consumer,Home Goods,Furniture,4,492.83,0.0,0.0,Gift Card,In-Store,Completed
ORD-100386,2023-08-27,East,Massachusetts,EA-02,CUST-00624,Consumer,Electronics,Cameras,4,484.52,0.05,4.99,Credit Card,Online,Completed
ORD-105119,2023-08-27,East,New York,EA-01,CUST-00947,Consumer,Electronics,Smartphones,6,196.65,0.2,4.99,Credit Card,Online,Completed
ORD-102897,2023-08-27,North,Minnesota,NO-01,CUST-00747,Consumer,Sporting Goods,Fitness Equipment,2,191.79,0.0,0.0,Debit Card,In-Store,Completed
ORD-102217,2023-08-27,South,Florida,SO-01,CUST-01664,Corporate,Books,Children's,3,13.22,0.1,4.99,Cash,Online,Completed
ORD-105199,2023-08-27,West,Washington,WE-05,CUST-00917,Consumer,Apparel,Accessories,2,83.19,0.0,0.0,Credit Card,In-Store,Completed
ORD-101999,2023-08-27,East,Massachusetts,EA-04,CUST-00689,Consumer,Apparel,Women's Wear,1,44.55,0.0,4.99,Credit Card,Online,Completed
ORD-102861,2023-08-27,Central,Missouri,CE-01,CUST-00040,Consumer,Beauty & Health,Personal Care,1,49.48,0.0,0.0,Gift Card,In-Store,Completed
ORD-104820,2023-08-28,East,New York,EA-03,CUST-00998,Consumer,Sporting Goods,Outdoor Gear,5,164.64,0.0,0.0,Credit Card,In-Store,Completed
ORD-102598,2023-08-28,North,Minnesota,NO-03,CUST-00150,Consumer,Apparel,Footwear,4,59.06,0.0,0.0,Debit Card,In-Store,Completed
ORD-104543,2023-08-28,West,Washington,WE-02,CUST-00591,Consumer,Books,Comics,2,30.56,0.0,0.0,Credit Card,Online,Completed
ORD-100656,2023-08-28,West,Washington,WE-05,CUST-00539,Home Office,Electronics,Laptops,2,1200.0,0.1,7.99,Credit Card,Online,Completed
ORD-105918,2023-08-29,South,Texas,SO-04,CUST-00278,Consumer,Books,Fiction,3,17.85,0.0,0.0,PayPal,Online,Completed
ORD-105114,2023-08-29,West,Oregon,WE-02,CUST-00992,Consumer,Home Goods,Furniture,6,371.64,0.0,0.0,Cash,Online,Completed
ORD-101526,2023-08-29,North,Wisconsin,NO-04,CUST-00014,Consumer,Apparel,Women's Wear,2,71.21,0.0,0.0,Credit Card,In-Store,Completed
ORD-100669,2023-08-29,Central,Illinois,CE-03,CUST-01036,Consumer,Apparel,Accessories,1,71.5,0.15,0.0,Credit Card,In-Store,Completed
ORD-104197,2023-08-29,North,Minnesota,NO-02,CUST-00432,Corporate,Sporting Goods,Cycling,4,192.01,0.05,0.0,PayPal,In-Store,Completed
ORD-100144,2023-08-29,South,Texas,SO-05,CUST-01770,Consumer,Sporting Goods,Team Sports,4,500.0,0.0,0.0,Credit Card,In-Store,Completed
ORD-105671,2023-08-30,North,North Dakota,NO-05,CUST-00665,Consumer,Apparel,Men's Wear,3,50.36,0.0,4.99,Cash,Online,Completed
ORD-100466,2023-08-30,South,Texas,SO-03,CUST-00619,Consumer,Sporting Goods,Footwear,4,181.99,0.0,0.0,Credit Card,In-Store,Completed
ORD-100288,2023-08-30,East,New York,EA-03,CUST-00442,Home Office,Home Goods,Furniture,1,330.3,0.25,4.99,Credit Card,Online,Completed
ORD-102490,2023-08-30,West,California,WE-04,CUST-01469,Corporate,Apparel,Men's Wear,2,57.59,0.15,0.0,Cash,In-Store,Returned
ORD-101850,2023-08-30,East,Massachusetts,EA-02,CUST-01617,Home Office,Books,Non-Fiction,5,12.09,0.1,4.99,PayPal,Online,Cancelled
ORD-103500,2023-08-30,Central,Illinois,CE-01,CUST-00758,Corporate,Apparel,Men's Wear,7,26.34,0.05,12.99,Credit Card,Online,Returned
ORD-103020,2023-08-30,East,Massachusetts,EA-05,CUST-00149,Consumer,Apparel,Men's Wear,4,35.92,0.0,0.0,Gift Card,Online,Completed
ORD-104505,2023-08-30,Central,Missouri,CE-03,CUST-00432,Home Office,Apparel,Men's Wear,6,85.13,0.0,0.0,Debit Card,In-Store,Completed
ORD-103607,2023-08-30,South,Florida,SO-03,CUST-00822,Consumer,Sporting Goods,Team Sports,3,140.11,0.05,0.0,Credit Card,In-Store,Completed
ORD-105352,2023-08-31,West,California,WE-02,CUST-01660,Corporate,Books,Educational,1,22.63,0.15,4.99,Credit Card,Online,Completed
ORD-103053,2023-08-31,East,New Jersey,EA-04,CUST-01015,Consumer,Home Goods,Storage,2,315.98,0.05,0.0,Gift Card,In-Store,Completed
ORD-103763,2023-08-31,East,New York,EA-01,CUST-00382,Consumer,Home Goods,Furniture,1,164.41,0.0,0.0,Credit Card,Online,Completed
ORD-102675,2023-08-31,North,North Dakota,NO-01,CUST-01335,Consumer,Home Goods,Kitchenware,1,157.85,0.0,4.99,PayPal,Online,Completed
ORD-103011,2023-08-31,Central,Illinois,CE-04,CUST-01620,Corporate,Apparel,Women's Wear,3,48.1,0.0,0.0,Credit Card,Online,Completed
ORD-101069,2023-08-31,East,New Jersey,EA-05,CUST-00883,Consumer,Home Goods,Furniture,3,153.76,0.0,0.0,Cash,In-Store,Completed
ORD-101169,2023-08-31,South,Florida,SO-02,CUST-00965,Consumer,Books,Educational,6,18.15,0.0,0.0,PayPal,In-Store,Completed
ORD-102094,2023-08-31,West,Washington,WE-03,CUST-00875,Corporate,Books,Educational,4,14.52,0.1,7.99,Debit Card,Online,Completed
ORD-104561,2023-08-31,Central,Missouri,CE-03,CUST-00174,Consumer,Sporting Goods,Footwear,3,312.62,0.0,0.0,Debit Card,In-Store,Completed
ORD-104502,2023-09-01,East,New Jersey,EA-02,CUST-01584,Consumer,Apparel,Women's Wear,2,39.24,0.2,0.0,Credit Card,In-Store,Completed
ORD-102433,2023-09-01,Central,Missouri,CE-05,CUST-01708,Corporate,Home Goods,Furniture,5,329.52,0.25,4.99,Debit Card,Online,Completed
ORD-100964,2023-09-01,West,Washington,WE-03,CUST-00256,Consumer,Apparel,Women's Wear,2,49.48,0.0,0.0,Gift Card,In-Store,Completed
ORD-102424,2023-09-01,South,Texas,SO-02,CUST-01709,Consumer,Electronics,Headphones,3,336.05,0.0,0.0,Gift Card,Online,Completed
ORD-100696,2023-09-01,North,North Dakota,NO-02,CUST-00221,Home Office,Sporting Goods,Team Sports,4,118.66,0.05,0.0,Cash,In-Store,Completed
ORD-104821,2023-09-01,Central,Missouri,CE-04,CUST-01480,Consumer,Apparel,Footwear,1,53.17,0.1,0.0,Credit Card,In-Store,Completed
ORD-102833,2023-09-01,South,Georgia,SO-02,CUST-01522,Consumer,Apparel,Women's Wear,4,51.89,0.1,0.0,PayPal,Online,Completed
ORD-105974,2023-09-01,North,North Dakota,NO-03,CUST-01629,Consumer,Electronics,Laptops,6,563.29,0.05,7.99,Credit Card,Online,Completed
ORD-103181,2023-09-01,Central,Ohio,CE-04,CUST-00274,Corporate,Books,Fiction,5,7.56,0.2,4.99,Debit Card,Online,Completed
ORD-105450,2023-09-02,West,Washington,WE-04,CUST-00720,Consumer,Electronics,Cameras,4,201.86,0.05,0.0,Gift Card,In-Store,Completed
ORD-100110,2023-09-02,South,Texas,SO-02,CUST-00757,Corporate,Electronics,Laptops,3,399.54,0.0,4.99,Credit Card,Online,Completed
ORD-102998,2023-09-02,North,Wisconsin,NO-02,CUST-01349,Consumer,Books,Comics,2,11.53,0.05,12.99,Debit Card,Online,Completed
ORD-102755,2023-09-02,North,North Dakota,NO-04,CUST-00542,Consumer,Electronics,Smartphones,3,385.53,0.15,0.0,Credit Card,In-Store,Completed
ORD-105266,2023-09-02,South,Georgia,SO-04,CUST-00937,Consumer,Home Goods,Furniture,4,704.09,0.05,0.0,Credit Card,Online,Completed
ORD-104041,2023-09-02,South,Georgia,SO-01,CUST-00919,Consumer,Sporting Goods,Cycling,5,191.23,0.0,4.99,Cash,Online,Completed
ORD-101269,2023-09-03,East,Massachusetts,EA-02,CUST-00480,Consumer,Apparel,Footwear,5,49.66,0.05,0.0,Debit Card,Online,Completed
ORD-104783,2023-09-03,South,Georgia,SO-01,CUST-01576,Consumer,Apparel,Women's Wear,5,49.25,0.0,0.0,Debit Card,In-Store,Completed
ORD-103638,2023-09-03,West,California,WE-05,CUST-01341,Consumer,Sporting Goods,Cycling,2,97.81,0.0,0.0,Credit Card,Online,Completed
ORD-100022,2023-09-03,East,Massachusetts,EA-03,CUST-00845,Consumer,Apparel,Men's Wear,2,25.73,0.0,0.0,Gift Card,In-Store,Completed
ORD-100019,2023-09-03,Central,Illinois,CE-02,CUST-01305,Corporate,Apparel,Men's Wear,1,82.85,0.0,0.0,PayPal,In-Store,Cancelled
ORD-103159,2023-09-03,West,Oregon,WE-02,CUST-01180,Consumer,Home Goods,Bedding,2,278.95,0.0,4.99,Credit Card,Online,Completed
ORD-105699,2023-09-03,South,Georgia,SO-04,CUST-00956,Consumer,Electronics,Cameras,2,225.73,0.0,0.0,Credit Card,In-Store,Completed
ORD-104962,2023-09-03,East,New Jersey,EA-01,CUST-01720,Consumer,Home Goods,Storage,4,237.72,0.25,0.0,Debit Card,Online,Completed
ORD-102208,2023-09-03,South,Georgia,SO-03,CUST-01731,Consumer,Books,Non-Fiction,3,10.7,0.1,4.99,PayPal,Online,Completed
ORD-105529,2023-09-03,South,Florida,SO-04,CUST-01116,Consumer,Sporting Goods,Fitness Equipment,3,235.81,0.0,0.0,Credit Card,Online,Completed
ORD-104120,2023-09-04,East,New York,EA-01,CUST-01145,Consumer,Sporting Goods,Footwear,5,108.48,0.0,4.99,Debit Card,Online,Completed
ORD-100269,2023-09-04,East,New Jersey,EA-01,CUST-00419,Home Office,Sporting Goods,Team Sports,3,361.57,0.2,0.0,Credit Card,Online,Completed
ORD-100416,2023-09-04,East,New York,EA-05,CUST-01268,Consumer,Apparel,Women's Wear,2,48.65,0.05,7.99,Credit Card,Online,Completed
ORD-102303,2023-09-04,West,Washington,WE-03,CUST-01345,Consumer,Apparel,Kids' Wear,5,57.02,0.0,0.0,Cash,In-Store,Completed
ORD-100896,2023-09-04,West,Oregon,WE-04,CUST-01243,Corporate,Home Goods,Storage,6,248.99,0.0,0.0,PayPal,In-Store,Completed
ORD-101829,2023-09-04,Central,Illinois,CE-04,CUST-00418,Home Office,Apparel,Footwear,1,57.08,0.05,0.0,Credit Card,In-Store,Completed
ORD-105481,2023-09-04,North,Minnesota,NO-05,CUST-01548,Consumer,Electronics,Laptops,2,372.86,0.15,0.0,Credit Card,Online,Completed
ORD-102709,2023-09-04,South,Georgia,SO-02,CUST-01203,Consumer,Apparel,Men's Wear,4,36.47,0.0,7.99,Credit Card,Online,Completed
ORD-100250,2023-09-05,East,Massachusetts,EA-03,CUST-00548,Corporate,Home Goods,Furniture,8,275.81,0.0,0.0,Credit Card,Online,Completed
ORD-102362,2023-09-05,East,Massachusetts,EA-01,CUST-01203,Consumer,Electronics,Smartphones,4,703.2,0.15,4.99,Credit Card,Online,Completed
ORD-104060,2023-09-05,South,Texas,SO-05,CUST-01792,Home Office,Sporting Goods,Outdoor Gear,1,157.6,0.0,7.99,Credit Card,Online,Returned
ORD-100916,2023-09-05,South,Texas,SO-01,CUST-00821,Consumer,Apparel,Footwear,5,27.09,0.05,0.0,Credit Card,Online,Completed
ORD-102532,2023-09-05,South,Georgia,SO-04,CUST-01216,Corporate,Home Goods,Decor,1,294.34,0.0,7.99,PayPal,Online,Completed
ORD-105700,2023-09-05,North,Minnesota,NO-03,CUST-00201,Home Office,Sporting Goods,Fitness Equipment,2,306.77,0.05,0.0,Debit Card,In-Store,Completed
ORD-102565,2023-09-05,Central,Missouri,CE-05,CUST-00726,Consumer,Sporting Goods,Outdoor Gear,3,109.06,0.0,0.0,Credit Card,In-Store,Completed
ORD-101816,2023-09-06,East,Massachusetts,EA-04,CUST-00084,Consumer,Electronics,Smartphones,4,583.15,0.05,0.0,Debit Card,Online,Completed
ORD-102942,2023-09-06,North,North Dakota,NO-02,CUST-00994,Consumer,Apparel,Accessories,3,53.22,0.0,12.99,PayPal,Online,Completed
ORD-101803,2023-09-06,South,Georgia,SO-04,CUST-00324,Consumer,Electronics,Laptops,2,1094.5,0.2,12.99,Credit Card,Online,Completed
ORD-104295,2023-09-06,Central,Missouri,CE-05,CUST-00014,Consumer,Electronics,Headphones,3,596.86,0.0,0.0,Credit Card,Online,Completed
ORD-102665,2023-09-06,Central,Ohio,CE-04,CUST-01421,Consumer,Apparel,Women's Wear,1,41.15,0.0,0.0,Debit Card,In-Store,Completed
ORD-101070,2023-09-06,West,Washington,WE-04,CUST-00705,Corporate,Books,Fiction,2,12.14,0.0,7.99,Credit Card,Online,Completed
ORD-104104,2023-09-06,West,Washington,WE-04,CUST-01405,Corporate,Home Goods,Decor,6,800.0,0.0,0.0,Credit Card,In-Store,Completed
ORD-104128,2023-09-06,Central,Illinois,CE-03,CUST-01096,Consumer,Sporting Goods,Cycling,4,111.3,0.05,4.99,Credit Card,Online,Completed
ORD-103800,2023-09-06,Central,Missouri,CE-04,CUST-00027,Corporate,Apparel,Accessories,4,77.26,0.0,0.0,Debit Card,In-Store,Returned
ORD-103060,2023-09-07,Central,Illinois,CE-02,CUST-00076,Consumer,Electronics,Smart Home,5,780.43,0.0,12.99,PayPal,Online,Returned
ORD-104793,2023-09-07,Central,Ohio,CE-01,CUST-01607,Corporate,Home Goods,Furniture,3,349.01,0.05,0.0,Debit Card,In-Store,Completed
ORD-102228,2023-09-07,Central,Illinois,CE-04,CUST-01482,Consumer,Sporting Goods,Outdoor Gear,6,239.28,0.0,0.0,Cash,In-Store,Completed
ORD-101878,2023-09-07,South,Georgia,SO-05,CUST-01270,Consumer,Home Goods,Storage,3,550.35,0.0,12.99,Gift Card,Online,Completed
ORD-101021,2023-09-07,South,Georgia,SO-03,CUST-01361,Consumer,Apparel,Accessories,1,35.23,0.0,0.0,Credit Card,In-Store,Completed
ORD-104018,2023-09-07,Central,Ohio,CE-03,CUST-00854,Consumer,Home Goods,Bedding,5,331.55,0.0,4.99,Debit Card,Online,Completed
ORD-104396,2023-09-07,North,North Dakota,NO-01,CUST-00483,Consumer,Apparel,Footwear,5,41.07,0.0,0.0,Debit Card,In-Store,Completed
ORD-100967,2023-09-07,West,Washington,WE-03,CUST-00249,Consumer,Books,Children's,3,13.74,0.0,0.0,Credit Card,In-Store,Completed
ORD-104794,2023-09-08,West,Washington,WE-04,CUST-00913,Consumer,Apparel,Kids' Wear,6,78.57,0.0,0.0,Credit Card,In-Store,Completed
ORD-102640,2023-09-08,South,Florida,SO-04,CUST-00660,Consumer,Electronics,Smart Home,3,697.89,0.0,4.99,Cash,Online,Returned
ORD-104683,2023-09-08,West,Washington,WE-03,CUST-00055,Consumer,Beauty & Health,Personal Care,2,69.25,0.0,7.99,PayPal,Online,Completed
ORD-104897,2023-09-08,North,Wisconsin,NO-01,CUST-00233,Home Office,Electronics,Headphones,6,265.74,0.0,0.0,Debit Card,In-Store,Completed
ORD-101974,2023-09-08,East,New Jersey,EA-03,CUST-01116,Consumer,Books,Fiction,4,15.88,0.0,7.99,PayPal,Online,Completed
ORD-105272,2023-09-08,West,Oregon,WE-05,CUST-00577,Home Office,Home Goods,Decor,1,453.2,0.15,0.0,Debit Card,In-Store,Completed
ORD-103533,2023-09-09,South,Texas,SO-03,CUST-00992,Corporate,Sporting Goods,Footwear,3,142.02,0.1,7.99,Credit Card,Online,Completed
ORD-104874,2023-09-09,North,North Dakota,NO-02,CUST-00358,Consumer,Home Goods,Bedding,3,250.84,0.0,0.0,Gift Card,In-Store,Completed
ORD-102715,2023-09-09,East,New Jersey,EA-05,CUST-00424,Consumer,Electronics,Smart Home,2,175.15,0.0,0.0,Debit Card,In-Store,Cancelled
ORD-102557,2023-09-09,North,Minnesota,NO-01,CUST-01439,Home Office,Home Goods,Decor,2,604.31,0.15,12.99,Credit Card,Online,Completed
ORD-105800,2023-09-09,Central,Illinois,CE-05,CUST-01651,Home Office,Sporting Goods,Cycling,5,137.44,0.1,0.0,PayPal,In-Store,Completed
ORD-102522,2023-09-09,South,Florida,SO-05,CUST-01215,Corporate,Sporting Goods,Team Sports,3,218.28,0.2,7.99,Debit Card,Online,Completed
ORD-105220,2023-09-09,North,North Dakota,NO-02,CUST-00935,Consumer,Home Goods,Kitchenware,3,295.21,0.05,0.0,Debit Card,Online,Completed
ORD-102229,2023-09-09,South,Florida,SO-02,CUST-00428,Corporate,Electronics,Headphones,3,370.28,0.0,0.0,PayPal,Online,Completed
ORD-103765,2023-09-09,Central,Missouri,CE-03,CUST-00411,Corporate,Home Goods,Decor,1,349.74,0.05,0.0,Gift Card,In-Store,Cancelled
ORD-101188,2023-09-10,Central,Missouri,CE-01,CUST-01753,Corporate,Apparel,Kids' Wear,4,15.3,0.05,4.99,Cash,Online,Completed
ORD-105715,2023-09-10,West,California,WE-04,CUST-01045,Consumer,Apparel,Men's Wear,5,52.03,0.0,0.0,Credit Card,In-Store,Completed
ORD-102445,2023-09-10,Central,Missouri,CE-04,CUST-01675,Consumer,Electronics,Smart Home,4,563.15,0.05,0.0,Credit Card,Online,Completed
ORD-103548,2023-09-10,Central,Ohio,CE-03,CUST-00538,Consumer,Apparel,Women's Wear,3,40.27,0.0,0.0,PayPal,In-Store,Completed
ORD-102226,2023-09-10,North,North Dakota,NO-03,CUST-00525,Consumer,Books,Fiction,4,10.73,0.05,0.0,Credit Card,In-Store,Completed
ORD-100143,2023-09-10,South,Florida,SO-05,CUST-00635,Consumer,Apparel,Kids' Wear,3,50.06,0.05,0.0,Credit Card,In-Store,Completed
ORD-105155,2023-09-10,South,Texas,SO-04,CUST-01102,Corporate,Apparel,Kids' Wear,2,31.08,0.0,0.0,Credit Card,Online,Cancelled
ORD-100741,2023-09-10,North,Minnesota,NO-02,CUST-00143,Corporate,Electronics,Laptops,2,332.12,0.0,0.0,Cash,In-Store,Completed
ORD-103162,2023-09-10,South,Texas,SO-01,CUST-00842,Consumer,Apparel,Footwear,3,72.89,0.0,0.0,PayPal,In-Store,Completed
ORD-105333,2023-09-11,West,California,WE-05,CUST-00990,Corporate,Electronics,Smartphones,4,456.48,0.1,0.0,Credit Card,In-Store,Completed
ORD-101651,2023-09-11,East,Massachusetts,EA-03,CUST-01766,Consumer,Electronics,Smartphones,2,762.05,0.05,0.0,Gift Card,Online,Completed
ORD-102919,2023-09-11,West,Oregon,WE-04,CUST-00966,Consumer,Books,Children's,3,34.03,0.05,7.99,Debit Card,Online,Completed
ORD-105030,2023-09-11,West,Oregon,WE-04,CUST-00628,Consumer,Home Goods,Furniture,2,242.29,0.0,0.0,PayPal,In-Store,Completed
ORD-102725,2023-09-11,North,Wisconsin,NO-05,CUST-01616,Home Office,Home Goods,Kitchenware,2,434.0,0.0,0.0,Credit Card,In-Store,Completed
ORD-104581,2023-09-11,North,Wisconsin,NO-03,CUST-01433,Home Office,Beauty & Health,Haircare,2,44.63,0.0,0.0,Debit Card,In-Store,Completed
ORD-103835,2023-09-11,West,Washington,WE-02,CUST-00029,Consumer,Books,Educational,2,10.6,0.2,0.0,Credit Card,In-Store,Completed
ORD-101722,2023-09-11,Central,Ohio,CE-04,CUST-00823,Home Office,Sporting Goods,Team Sports,1,117.54,0.0,0.0,Credit Card,Online,Completed
ORD-104618,2023-09-11,East,Massachusetts,EA-05,CUST-01773,Consumer,Sporting Goods,Cycling,3,279.9,0.05,0.0,Credit Card,In-Store,Completed
ORD-105200,2023-09-12,North,North Dakota,NO-03,CUST-01501,Home Office,Home Goods,Storage,3,98.8,0.15,0.0,Credit Card,In-Store,Completed
ORD-105479,2023-09-12,Central,Illinois,CE-02,CUST-01425,Consumer,Electronics,Smartphones,2,654.65,0.25,7.99,Cash,Online,Completed
ORD-105717,2023-09-12,South,Texas,SO-05,CUST-00889,Consumer,Electronics,Headphones,3,628.91,0.15,4.99,Credit Card,Online,Completed
ORD-102183,2023-09-12,Central,Illinois,CE-05,CUST-01430,Consumer,Books,Children's,3,45.0,0.0,0.0,Debit Card,Online,Returned
ORD-102908,2023-09-12,West,Washington,WE-01,CUST-01627,Consumer,Sporting Goods,Fitness Equipment,7,85.46,0.0,0.0,Gift Card,In-Store,Completed
ORD-100036,2023-09-12,East,New Jersey,EA-03,CUST-01798,Home Office,Electronics,Headphones,4,608.57,0.15,4.99,Debit Card,Online,Completed
ORD-101675,2023-09-12,West,California,WE-05,CUST-01412,Consumer,Apparel,Footwear,3,34.74,0.0,0.0,Debit Card,In-Store,Completed
ORD-102215,2023-09-12,North,Wisconsin,NO-05,CUST-00404,Consumer,Electronics,Smart Home,3,742.11,0.0,7.99,Debit Card,Online,Returned
ORD-100016,2023-09-12,North,North Dakota,NO-02,CUST-00793,Corporate,Apparel,Accessories,8,28.24,0.0,0.0,Debit Card,In-Store,Completed
ORD-102909,2023-09-12,North,North Dakota,NO-04,CUST-00906,Corporate,Apparel,Women's Wear,4,52.91,0.15,4.99,PayPal,Online,Completed
ORD-105269,2023-09-12,East,New York,EA-05,CUST-01175,Corporate,Books,Comics,2,9.25,0.0,4.99,Credit Card,Online,Completed
ORD-101910,2023-09-13,East,New Jersey,EA-03,CUST-00686,Consumer,Electronics,Smartphones,3,712.87,0.0,7.99,Credit Card,Online,Completed
ORD-102180,2023-09-13,West,Oregon,WE-05,CUST-00582,Corporate,Home Goods,Furniture,3,199.98,0.0,0.0,PayPal,In-Store,Returned
ORD-101730,2023-09-13,Central,Ohio,CE-02,CUST-00762,Consumer,Home Goods,Decor,6,196.7,0.0,7.99,Credit Card,Online,Completed
ORD-101657,2023-09-13,East,New Jersey,EA-03,CUST-00601,Consumer,Apparel,Men's Wear,2,96.94,0.2,0.0,PayPal,In-Store,Completed
ORD-104179,2023-09-13,North,Minnesota,NO-05,CUST-00536,Consumer,Apparel,Footwear,2,31.96,0.0,12.99,PayPal,Online,Cancelled
ORD-103934,2023-09-14,North,Minnesota,NO-02,CUST-01252,Consumer,Books,Children's,3,23.94,0.1,0.0,PayPal,In-Store,Completed
ORD-101527,2023-09-14,West,Washington,WE-04,CUST-00972,Corporate,Electronics,Smartphones,4,273.85,0.0,0.0,Credit Card,Online,Completed
ORD-103966,2023-09-14,Central,Ohio,CE-05,CUST-00970,Corporate,Sporting Goods,Fitness Equipment,6,247.75,0.0,0.0,PayPal,Online,Completed
ORD-102376,2023-09-14,North,Minnesota,NO-03,CUST-00206,Consumer,Books,Non-Fiction,6,21.38,0.1,0.0,Debit Card,In-Store,Completed
ORD-103560,2023-09-14,West,Oregon,WE-04,CUST-01420,Corporate,Apparel,Women's Wear,3,61.4,0.05,0.0,PayPal,In-Store,Completed
ORD-103012,2023-09-14,East,Massachusetts,EA-01,CUST-01393,Home Office,Sporting Goods,Outdoor Gear,4,79.34,0.1,0.0,Credit Card,In-Store,Completed
ORD-104533,2023-09-14,South,Florida,SO-01,CUST-00468,Corporate,Electronics,Laptops,4,542.53,0.2,0.0,Debit Card,Online,Completed
ORD-104220,2023-09-15,North,North Dakota,NO-04,CUST-01054,Corporate,Apparel,Footwear,4,56.28,0.0,0.0,Credit Card,Online,Returned
ORD-101436,2023-09-15,North,Wisconsin,NO-03,CUST-00543,Corporate,Electronics,Smart Home,3,288.46,0.05,0.0,Credit Card,In-Store,Completed
ORD-103907,2023-09-15,South,Florida,SO-02,CUST-01480,Home Office,Books,Educational,2,23.62,0.0,4.99,Credit Card,Online,Completed
ORD-103190,2023-09-15,East,New Jersey,EA-05,CUST-01197,Consumer,Apparel,Men's Wear,4,100.7,0.0,0.0,Debit Card,In-Store,Completed
ORD-104777,2023-09-15,West,California,WE-03,CUST-01291,Consumer,Home Goods,Kitchenware,4,369.49,0.0,7.99,Debit Card,Online,Completed
ORD-104903,2023-09-15,West,Washington,WE-03,CUST-01389,Consumer,Beauty & Health,Wellness,4,22.7,0.2,0.0,Credit Card,Online,Completed
ORD-100502,2023-09-16,South,Georgia,SO-02,CUST-00949,Corporate,Sporting Goods,Fitness Equipment,2,361.15,0.0,0.0,PayPal,In-Store,Completed
ORD-105504,2023-09-16,East,Massachusetts,EA-04,CUST-01357,Consumer,Apparel,Accessories,2,42.78,0.15,0.0,Debit Card,In-Store,Completed
ORD-105759,2023-09-16,Central,Missouri,CE-04,CUST-00265,Consumer,Apparel,Footwear,4,47.93,0.0,0.0,Credit Card,Online,Completed
ORD-105956,2023-09-16,East,New Jersey,EA-04,CUST-01017,Consumer,Electronics,Headphones,4,506.68,0.0,0.0,Debit Card,In-Store,Completed
ORD-103182,2023-09-16,South,Georgia,SO-01,CUST-00212,Corporate,Apparel,Men's Wear,4,52.86,0.0,0.0,Debit Card,In-Store,Returned
ORD-104828,2023-09-16,South,Texas,SO-05,CUST-00785,Consumer,Beauty & Health,Skincare,2,94.97,0.05,0.0,Debit Card,In-Store,Completed
ORD-105421,2023-09-16,West,Washington,WE-01,CUST-01694,Corporate,Home Goods,Bedding,7,146.16,0.1,0.0,Credit Card,In-Store,Completed
ORD-101262,2023-09-16,Central,Ohio,CE-05,CUST-01533,Consumer,Home Goods,Furniture,4,197.08,0.0,7.99,PayPal,Online,Completed
ORD-102997,2023-09-16,Central,Ohio,CE-02,CUST-00076,Corporate,Home Goods,Furniture,2,232.74,0.0,0.0,PayPal,In-Store,Completed
ORD-105150,2023-09-16,West,Oregon,WE-02,CUST-00570,Consumer,Sporting Goods,Outdoor Gear,2,89.9,0.15,12.99,Gift Card,Online,Completed
ORD-105695,2023-09-16,West,Oregon,WE-04,CUST-00051,Consumer,Home Goods,Kitchenware,1,253.97,0.1,0.0,Credit Card,In-Store,Completed
ORD-102323,2023-09-16,South,Georgia,SO-03,CUST-00242,Consumer,Apparel,Women's Wear,3,42.14,0.0,0.0,Credit Card,Online,Completed
ORD-100046,2023-09-17,North,Minnesota,NO-02,CUST-01440,Consumer,Books,Children's,1,29.66,0.0,0.0,Credit Card,Online,Completed
ORD-102697,2023-09-17,South,Georgia,SO-03,CUST-01690,Consumer,Electronics,Smart Home,4,897.67,0.1,0.0,Credit Card,In-Store,Completed
ORD-100761,2023-09-17,South,Georgia,SO-04,CUST-00298,Consumer,Sporting Goods,Footwear,3,89.18,0.15,7.99,Debit Card,Online,Completed
ORD-101530,2023-09-17,East,Massachusetts,EA-05,CUST-01151,Consumer,Books,Children's,2,21.14,0.05,4.99,Credit Card,Online,Completed
ORD-103715,2023-09-17,North,North Dakota,NO-02,CUST-00740,Consumer,Books,Children's,2,25.01,0.0,0.0,Credit Card,Online,Completed
ORD-105590,2023-09-17,North,Minnesota,NO-01,CUST-00135,Consumer,Home Goods,Decor,5,138.89,0.0,4.99,Debit Card,Online,Completed
ORD-102403,2023-09-17,East,New Jersey,EA-02,CUST-00601,Consumer,Apparel,Kids' Wear,1,24.65,0.1,0.0,Credit Card,In-Store,Completed
ORD-101702,2023-09-17,Central,Missouri,CE-04,CUST-00181,Home Office,Books,Fiction,6,7.26,0.0,0.0,Debit Card,In-Store,Completed
ORD-104631,2023-09-17,Central,Illinois,CE-03,CUST-01667,Consumer,Electronics,Smart Home,3,548.73,0.05,4.99,Credit Card,Online,Completed
ORD-100084,2023-09-17,South,Florida,SO-02,CUST-00560,Consumer,Home Goods,Decor,4,447.29,0.0,0.0,Gift Card,Online,Completed
ORD-103072,2023-09-18,East,New York,EA-02,CUST-00089,Consumer,Apparel,Women's Wear,4,31.44,0.0,4.99,Credit Card,Online,Completed
ORD-102619,2023-09-18,North,Minnesota,NO-03,CUST-00355,Consumer,Sporting Goods,Cycling,3,209.76,0.15,0.0,Credit Card,Online,Completed
ORD-104593,2023-09-18,South,Texas,SO-04,CUST-01782,Consumer,Sporting Goods,Footwear,5,251.81,0.0,7.99,PayPal,Online,Completed
ORD-104575,2023-09-18,North,Wisconsin,NO-03,CUST-00283,Consumer,Electronics,Smartphones,6,232.18,0.0,0.0,Credit Card,In-Store,Completed
ORD-105471,2023-09-18,Central,Ohio,CE-03,CUST-01503,Corporate,Books,Fiction,3,11.38,0.0,0.0,PayPal,In-Store,Completed
ORD-104641,2023-09-18,Central,Illinois,CE-02,CUST-01359,Consumer,Apparel,Women's Wear,3,65.4,0.1,7.99,Gift Card,Online,Completed
ORD-103416,2023-09-18,Central,Missouri,CE-02,CUST-00975,Consumer,Home Goods,Kitchenware,5,504.73,0.2,4.99,Debit Card,Online,Completed
ORD-103570,2023-09-19,West,Washington,WE-02,CUST-01332,Corporate,Beauty & Health,Wellness,3,57.02,0.0,12.99,Debit Card,Online,Completed
ORD-102143,2023-09-19,West,Washington,WE-05,CUST-01776,Consumer,Electronics,Smartphones,4,437.08,0.0,12.99,Debit Card,Online,Completed
ORD-100102,2023-09-19,South,Georgia,SO-01,CUST-01778,Consumer,Apparel,Women's Wear,1,77.45,0.0,4.99,PayPal,Online,Completed
ORD-103752,2023-09-19,North,Wisconsin,NO-03,CUST-00882,Corporate,Apparel,Accessories,6,57.9,0.0,0.0,Credit Card,Online,Completed
ORD-105673,2023-09-19,North,Wisconsin,NO-02,CUST-00623,Corporate,Beauty & Health,Haircare,2,20.03,0.1,4.99,Cash,Online,Completed
ORD-102428,2023-09-19,North,North Dakota,NO-01,CUST-00598,Corporate,Electronics,Laptops,4,528.7,0.0,0.0,Debit Card,In-Store,Completed
ORD-103348,2023-09-19,Central,Ohio,CE-03,CUST-00869,Consumer,Apparel,Accessories,3,100.09,0.0,0.0,Debit Card,In-Store,Completed
ORD-104864,2023-09-19,South,Florida,SO-01,CUST-01111,Corporate,Sporting Goods,Fitness Equipment,2,101.07,0.0,0.0,PayPal,In-Store,Completed
ORD-104183,2023-09-20,North,Minnesota,NO-05,CUST-00222,Consumer,Apparel,Women's Wear,1,26.35,0.15,4.99,Debit Card,Online,Completed
ORD-105417,2023-09-20,West,Washington,WE-05,CUST-00458,Consumer,Beauty & Health,Haircare,1,37.99,0.05,0.0,Debit Card,In-Store,Cancelled
ORD-105104,2023-09-20,West,Oregon,WE-01,CUST-00212,Corporate,Electronics,Headphones,3,683.51,0.25,0.0,PayPal,In-Store,Completed
ORD-105601,2023-09-20,West,California,WE-05,CUST-01296,Consumer,Apparel,Accessories,2,91.4,0.1,0.0,Cash,Online,Completed
ORD-104168,2023-09-20,West,Oregon,WE-05,CUST-00321,Consumer,Sporting Goods,Fitness Equipment,1,265.74,0.2,0.0,Credit Card,In-Store,Completed
ORD-104235,2023-09-20,Central,Illinois,CE-03,CUST-00691,Corporate,Apparel,Kids' Wear,3,56.9,0.15,0.0,PayPal,In-Store,Completed
ORD-101039,2023-09-20,West,Washington,WE-02,CUST-00737,Consumer,Books,Non-Fiction,6,15.13,0.2,7.99,PayPal,Online,Completed
ORD-101775,2023-09-20,Central,Missouri,CE-04,CUST-00631,Home Office,Apparel,Men's Wear,8,57.01,0.15,4.99,Debit Card,Online,Completed
ORD-102669,2023-09-20,North,Minnesota,NO-01,CUST-00224,Consumer,Apparel,Women's Wear,5,36.63,0.0,4.99,Gift Card,Online,Returned
ORD-104424,2023-09-20,East,New York,EA-05,CUST-00300,Corporate,Home Goods,Bedding,3,198.47,0.0,0.0,Gift Card,Online,Returned
ORD-101420,2023-09-21,East,New Jersey,EA-05,CUST-00072,Consumer,Apparel,Footwear,1,49.86,0.0,0.0,Debit Card,In-Store,Completed
ORD-104615,2023-09-21,South,Georgia,SO-03,CUST-01597,Consumer,Apparel,Men's Wear,9,39.62,0.05,0.0,Debit Card,In-Store,Completed
ORD-100253,2023-09-21,Central,Illinois,CE-01,CUST-01676,Consumer,Beauty & Health,Personal Care,6,65.43,0.0,0.0,Cash,In-Store,Completed
ORD-102105,2023-09-21,North,North Dakota,NO-01,CUST-00811,Consumer,Home Goods,Furniture,4,577.32,0.0,0.0,PayPal,Online,Completed
ORD-104890,2023-09-21,South,Texas,SO-01,CUST-00626,Home Office,Books,Fiction,2,10.51,0.2,4.99,Credit Card,Online,Returned
ORD-105463,2023-09-21,West,Washington,WE-01,CUST-01644,Corporate,Apparel,Kids' Wear,5,50.76,0.2,0.0,Credit Card,Online,Completed
ORD-102614,2023-09-21,East,New York,EA-03,CUST-00346,Consumer,Electronics,Cameras,2,732.25,0.05,0.0,Debit Card,In-Store,Completed
ORD-102258,2023-09-21,West,Oregon,WE-03,CUST-00574,Corporate,Beauty & Health,Personal Care,2,33.5,0.0,0.0,PayPal,In-Store,Completed
ORD-105331,2023-09-21,East,Massachusetts,EA-01,CUST-01295,Consumer,Electronics,Headphones,3,435.61,0.0,0.0,Cash,In-Store,Returned
ORD-103702,2023-09-22,East,New York,EA-01,CUST-01217,Corporate,Home Goods,Furniture,2,361.56,0.25,0.0,PayPal,Online,Completed
ORD-102603,2023-09-22,North,Minnesota,NO-05,CUST-00296,Corporate,Home Goods,Storage,3,354.14,0.0,0.0,PayPal,Online,Completed
ORD-100122,2023-09-22,North,Minnesota,NO-04,CUST-00547,Home Office,Apparel,Accessories,2,130.71,0.05,7.99,PayPal,Online,Completed
ORD-105120,2023-09-22,South,Georgia,SO-01,CUST-01227,Consumer,Electronics,Headphones,2,654.91,0.0,0.0,Debit Card,In-Store,Completed
ORD-100375,2023-09-23,Central,Missouri,CE-05,CUST-01363,Consumer,Sporting Goods,Cycling,4,117.82,0.0,4.99,Debit Card,Online,Completed
ORD-101028,2023-09-23,West,Washington,WE-05,CUST-01658,Home Office,Apparel,Men's Wear,4,90.81,0.05,7.99,Credit Card,Online,Completed
ORD-101042,2023-09-23,East,New York,EA-02,CUST-00039,Corporate,Sporting Goods,Outdoor Gear,4,500.0,0.15,0.0,Gift Card,In-Store,Completed
ORD-100404,2023-09-23,North,Wisconsin,NO-03,CUST-00969,Consumer,Apparel,Men's Wear,5,31.32,0.0,4.99,Credit Card,Online,Completed
ORD-105848,2023-09-23,South,Georgia,SO-03,CUST-01207,Corporate,Books,Non-Fiction,4,8.07,0.0,4.99,Credit Card,Online,Completed
ORD-102384,2023-09-23,North,Minnesota,NO-04,CUST-00968,Consumer,Home Goods,Storage,3,171.14,0.05,4.99,Credit Card,Online,Completed
ORD-100410,2023-09-23,East,Massachusetts,EA-01,CUST-01064,Consumer,Electronics,Laptops,3,333.7,0.25,0.0,Credit Card,In-Store,Completed
ORD-102572,2023-09-24,East,New York,EA-05,CUST-01043,Corporate,Beauty & Health,Haircare,7,22.31,0.0,0.0,Credit Card,Online,Completed
ORD-100166,2023-09-24,North,Wisconsin,NO-05,CUST-00215,Home Office,Beauty & Health,Skincare,2,57.93,0.0,12.99,Debit Card,Online,Completed
ORD-102824,2023-09-24,North,North Dakota,NO-01,CUST-00460,Consumer,Apparel,Kids' Wear,2,85.88,0.0,0.0,PayPal,In-Store,Completed
ORD-105419,2023-09-24,South,Georgia,SO-05,CUST-00724,Home Office,Home Goods,Bedding,4,230.0,0.2,0.0,Credit Card,In-Store,Returned
ORD-103303,2023-09-24,South,Florida,SO-03,CUST-00844,Consumer,Electronics,Smartphones,4,614.57,0.0,0.0,Credit Card,Online,Returned
ORD-104795,2023-09-24,West,California,WE-05,CUST-01591,Consumer,Electronics,Cameras,4,385.45,0.05,0.0,Gift Card,In-Store,Completed
ORD-104715,2023-09-24,South,Texas,SO-02,CUST-01406,Consumer,Apparel,Accessories,2,43.83,0.15,12.99,Credit Card,Online,Completed
ORD-105408,2023-09-24,Central,Ohio,CE-02,CUST-00371,Corporate,Apparel,Footwear,4,39.02,0.0,4.99,PayPal,Online,Completed
ORD-100706,2023-09-25,West,Oregon,WE-04,CUST-01574,Consumer,Books,Educational,3,11.62,0.15,0.0,Debit Card,In-Store,Returned
ORD-103390,2023-09-25,South,Texas,SO-04,CUST-00073,Consumer,Sporting Goods,Fitness Equipment,1,376.66,0.05,4.99,Credit Card,Online,Completed
ORD-100307,2023-09-25,East,New Jersey,EA-01,CUST-01523,Corporate,Electronics,Smart Home,2,276.08,0.05,0.0,Credit Card,Online,Completed
ORD-105017,2023-09-25,West,Oregon,WE-04,CUST-00848,Consumer,Sporting Goods,Team Sports,7,158.81,0.0,0.0,Credit Card,In-Store,Completed
ORD-100641,2023-09-25,South,Texas,SO-04,CUST-01032,Consumer,Sporting Goods,Outdoor Gear,4,118.55,0.0,0.0,Credit Card,In-Store,Completed
ORD-105507,2023-09-25,Central,Illinois,CE-03,CUST-01308,Corporate,Apparel,Accessories,5,39.04,0.1,0.0,PayPal,Online,Completed
ORD-104070,2023-09-26,West,California,WE-03,CUST-00068,Consumer,Books,Fiction,3,11.25,0.0,7.99,Debit Card,Online,Cancelled
ORD-104137,2023-09-26,North,North Dakota,NO-02,CUST-00593,Consumer,Home Goods,Decor,2,244.2,0.05,0.0,PayPal,In-Store,Completed
ORD-101203,2023-09-26,East,Massachusetts,EA-05,CUST-00105,Consumer,Electronics,Smartphones,2,186.51,0.0,0.0,Debit Card,Online,Completed
ORD-100135,2023-09-26,Central,Illinois,CE-01,CUST-01677,Consumer,Beauty & Health,Skincare,2,23.63,0.15,0.0,Credit Card,In-Store,Completed
ORD-101613,2023-09-26,South,Florida,SO-05,CUST-01344,Corporate,Apparel,Accessories,2,48.21,0.0,7.99,Credit Card,Online,Completed
ORD-101601,2023-09-26,West,California,WE-01,CUST-00131,Corporate,Home Goods,Bedding,4,602.43,0.25,0.0,Credit Card,In-Store,Completed
ORD-100690,2023-09-26,Central,Ohio,CE-04,CUST-01276,Consumer,Home Goods,Furniture,4,199.58,0.15,7.99,PayPal,Online,Completed
ORD-101484,2023-09-27,Central,Missouri,CE-03,CUST-01396,Consumer,Books,Children's,1,16.58,0.0,0.0,Debit Card,In-Store,Completed
ORD-101765,2023-09-27,East,Massachusetts,EA-05,CUST-00221,Consumer,Sporting Goods,Footwear,6,141.81,0.0,0.0,PayPal,In-Store,Cancelled
ORD-100059,2023-09-27,Central,Illinois,CE-02,CUST-01334,Consumer,Electronics,Smartphones,5,236.54,0.0,12.99,Debit Card,Online,Returned
ORD-103393,2023-09-27,North,Wisconsin,NO-02,CUST-00396,Consumer,Electronics,Laptops,7,455.71,0.0,0.0,Credit Card,In-Store,Completed
ORD-100216,2023-09-27,West,Oregon,WE-03,CUST-01393,Consumer,Beauty & Health,Makeup,3,20.16,0.0,0.0,Credit Card,In-Store,Completed
ORD-103909,2023-09-27,West,California,WE-01,CUST-01075,Home Office,Apparel,Accessories,6,87.64,0.0,7.99,Cash,Online,Completed
ORD-100085,2023-09-27,South,Georgia,SO-01,CUST-01457,Consumer,Home Goods,Storage,2,206.55,0.05,0.0,Credit Card,Online,Completed
ORD-102169,2023-09-27,North,Wisconsin,NO-01,CUST-01721,Consumer,Home Goods,Furniture,7,309.14,0.2,0.0,Debit Card,In-Store,Completed
ORD-102920,2023-09-27,East,New York,EA-03,CUST-01799,Consumer,Sporting Goods,Footwear,4,141.13,0.1,0.0,PayPal,Online,Completed
ORD-103366,2023-09-27,Central,Missouri,CE-01,CUST-00205,Corporate,Electronics,Laptops,2,435.19,0.0,0.0,Credit Card,Online,Completed
ORD-101385,2023-09-27,West,California,WE-05,CUST-01303,Corporate,Books,Children's,2,18.19,0.0,0.0,Gift Card,In-Store,Completed
ORD-105212,2023-09-28,Central,Illinois,CE-01,CUST-00547,Consumer,Sporting Goods,Team Sports,3,216.98,0.0,0.0,Debit Card,In-Store,Completed
ORD-105642,2023-09-28,South,Texas,SO-01,CUST-01222,Consumer,Apparel,Kids' Wear,3,37.14,0.0,0.0,Debit Card,In-Store,Completed
ORD-103403,2023-09-28,South,Texas,SO-04,CUST-00018,Consumer,Apparel,Women's Wear,3,58.73,0.0,12.99,Credit Card,Online,Completed
ORD-101284,2023-09-28,Central,Missouri,CE-05,CUST-00637,Consumer,Electronics,Smartphones,4,1142.88,0.0,4.99,Gift Card,Online,Completed
ORD-101908,2023-09-28,East,New York,EA-04,CUST-00771,Corporate,Apparel,Kids' Wear,1,33.0,0.0,4.99,PayPal,Online,Completed
ORD-103532,2023-09-28,South,Georgia,SO-03,CUST-01131,Consumer,Books,Comics,4,16.85,0.05,7.99,Credit Card,Online,Completed
ORD-103781,2023-09-28,West,Oregon,WE-05,CUST-01420,Home Office,Apparel,Footwear,7,77.79,0.15,7.99,Gift Card,Online,Completed
ORD-104178,2023-09-28,East,New Jersey,EA-04,CUST-01131,Consumer,Electronics,Smart Home,2,359.38,0.0,0.0,Debit Card,Online,Completed
ORD-105162,2023-09-28,West,California,WE-01,CUST-01410,Consumer,Sporting Goods,Fitness Equipment,4,143.1,0.0,4.99,Debit Card,Online,Completed
ORD-103193,2023-09-28,South,Texas,SO-04,CUST-00635,Corporate,Electronics,Cameras,4,428.94,0.05,0.0,Debit Card,In-Store,Completed
ORD-103823,2023-09-29,East,New Jersey,EA-02,CUST-00481,Consumer,Apparel,Kids' Wear,4,24.62,0.0,12.99,Debit Card,Online,Completed
ORD-101948,2023-09-29,South,Florida,SO-04,CUST-01789,Home Office,Beauty & Health,Makeup,4,65.48,0.1,0.0,Credit Card,In-Store,Completed
ORD-101474,2023-09-29,West,Oregon,WE-04,CUST-01442,Corporate,Home Goods,Kitchenware,2,284.45,0.0,0.0,Credit Card,Online,Returned
ORD-104997,2023-09-29,East,New York,EA-03,CUST-01196,Consumer,Electronics,Headphones,4,655.97,0.05,12.99,Credit Card,Online,Completed
ORD-103585,2023-09-29,Central,Illinois,CE-03,CUST-01058,Corporate,Books,Educational,2,13.83,0.0,0.0,PayPal,In-Store,Returned
ORD-105063,2023-09-29,West,Oregon,WE-01,CUST-01131,Corporate,Books,Educational,6,22.01,0.0,0.0,Debit Card,In-Store,Completed
ORD-100643,2023-09-29,West,California,WE-02,CUST-00232,Corporate,Home Goods,Kitchenware,3,492.34,0.1,0.0,Debit Card,In-Store,Completed
ORD-104916,2023-09-29,North,Wisconsin,NO-02,CUST-00789,Consumer,Electronics,Headphones,2,459.44,0.0,0.0,Credit Card,Online,Cancelled
ORD-100417,2023-09-30,North,Wisconsin,NO-02,CUST-00293,Consumer,Apparel,Men's Wear,3,37.27,0.05,4.99,Credit Card,Online,Returned
ORD-104636,2023-09-30,South,Texas,SO-05,CUST-01249,Consumer,Home Goods,Furniture,6,800.0,0.0,4.99,Debit Card,Online,Completed
ORD-100583,2023-09-30,East,New Jersey,EA-04,CUST-01005,Corporate,Books,Comics,6,8.97,0.05,0.0,Credit Card,Online,Completed
ORD-105476,2023-09-30,East,New York,EA-03,CUST-01205,Consumer,Home Goods,Storage,4,330.51,0.05,0.0,PayPal,In-Store,Completed
ORD-104046,2023-10-01,West,California,WE-01,CUST-00932,Consumer,Electronics,Laptops,3,662.69,0.2,0.0,Debit Card,In-Store,Completed
ORD-105931,2023-10-01,North,Wisconsin,NO-01,CUST-00006,Corporate,Apparel,Women's Wear,5,128.46,0.15,12.99,Debit Card,Online,Returned
ORD-104789,2023-10-01,North,North Dakota,NO-05,CUST-01401,Consumer,Electronics,Smart Home,4,502.14,0.0,4.99,Credit Card,Online,Completed
ORD-102069,2023-10-01,Central,Ohio,CE-05,CUST-00143,Home Office,Electronics,Cameras,3,308.84,0.15,7.99,Credit Card,Online,Completed
ORD-100082,2023-10-01,West,California,WE-02,CUST-01241,Consumer,Sporting Goods,Cycling,2,66.29,0.1,0.0,Credit Card,In-Store,Completed
ORD-102880,2023-10-02,North,North Dakota,NO-02,CUST-00665,Consumer,Apparel,Men's Wear,2,31.18,0.05,0.0,PayPal,In-Store,Completed
ORD-102287,2023-10-02,North,Minnesota,NO-02,CUST-00837,Home Office,Home Goods,Kitchenware,3,464.03,0.2,4.99,Credit Card,Online,Completed
ORD-104239,2023-10-02,North,Wisconsin,NO-04,CUST-01612,Consumer,Electronics,Laptops,1,475.11,0.15,0.0,Credit Card,In-Store,Completed
ORD-104626,2023-10-02,East,New Jersey,EA-03,CUST-00455,Corporate,Electronics,Cameras,5,444.61,0.0,0.0,Credit Card,Online,Completed
ORD-105190,2023-10-02,East,New Jersey,EA-04,CUST-00014,Consumer,Beauty & Health,Skincare,2,74.63,0.0,0.0,Credit Card,In-Store,Completed
ORD-102890,2023-10-02,East,Massachusetts,EA-05,CUST-00455,Home Office,Books,Comics,5,15.99,0.0,12.99,Gift Card,Online,Completed
ORD-104094,2023-10-02,South,Georgia,SO-04,CUST-00761,Consumer,Apparel,Men's Wear,5,74.47,0.15,4.99,Credit Card,Online,Completed
ORD-105103,2023-10-03,Central,Illinois,CE-01,CUST-00436,Consumer,Home Goods,Furniture,1,146.98,0.0,4.99,PayPal,Online,Completed
ORD-101614,2023-10-03,East,New York,EA-03,CUST-00166,Consumer,Home Goods,Furniture,3,369.98,0.0,0.0,Gift Card,In-Store,Returned
ORD-105277,2023-10-03,Central,Missouri,CE-04,CUST-01431,Consumer,Home Goods,Bedding,5,167.17,0.15,0.0,Credit Card,In-Store,Completed
ORD-103023,2023-10-03,West,Oregon,WE-04,CUST-00676,Consumer,Electronics,Smart Home,1,313.86,0.0,0.0,Credit Card,In-Store,Completed
ORD-100822,2023-10-04,West,California,WE-05,CUST-01462,Consumer,Apparel,Footwear,2,34.8,0.0,0.0,Credit Card,Online,Completed
ORD-105495,2023-10-04,East,Massachusetts,EA-02,CUST-00149,Consumer,Home Goods,Kitchenware,2,266.31,0.1,4.99,Debit Card,Online,Completed
ORD-103015,2023-10-04,West,California,WE-04,CUST-01200,Consumer,Apparel,Accessories,2,49.23,0.05,4.99,Credit Card,Online,Completed
ORD-100980,2023-10-04,Central,Illinois,CE-05,CUST-00333,Corporate,Apparel,Women's Wear,2,72.53,0.05,7.99,Credit Card,Online,Completed
ORD-101941,2023-10-04,West,Oregon,WE-01,CUST-00547,Consumer,Apparel,Kids' Wear,5,69.06,0.0,0.0,Cash,In-Store,Completed
ORD-104448,2023-10-04,South,Texas,SO-04,CUST-00306,Consumer,Apparel,Footwear,6,73.58,0.0,0.0,Debit Card,Online,Returned
ORD-103278,2023-10-04,West,Oregon,WE-03,CUST-01737,Home Office,Electronics,Smartphones,3,181.99,0.0,0.0,Debit Card,In-Store,Completed
ORD-100819,2023-10-05,Central,Missouri,CE-03,CUST-00314,Consumer,Home Goods,Decor,4,666.58,0.0,4.99,PayPal,Online,Completed
ORD-105048,2023-10-05,West,California,WE-01,CUST-00998,Consumer,Home Goods,Storage,3,800.0,0.0,0.0,Credit Card,Online,Completed
ORD-101968,2023-10-05,North,North Dakota,NO-01,CUST-01162,Home Office,Apparel,Accessories,2,97.8,0.0,0.0,Debit Card,In-Store,Completed
ORD-103510,2023-10-05,West,Oregon,WE-05,CUST-00235,Consumer,Beauty & Health,Personal Care,5,24.21,0.0,0.0,PayPal,Online,Completed
ORD-100753,2023-10-05,East,Massachusetts,EA-02,CUST-01075,Corporate,Books,Children's,4,13.31,0.05,0.0,PayPal,In-Store,Completed
ORD-104863,2023-10-05,East,New York,EA-02,CUST-01538,Consumer,Beauty & Health,Wellness,2,11.73,0.0,0.0,Cash,In-Store,Completed
ORD-102150,2023-10-05,Central,Illinois,CE-04,CUST-00525,Corporate,Apparel,Footwear,6,129.05,0.0,0.0,Debit Card,In-Store,Returned
ORD-103996,2023-10-05,South,Georgia,SO-04,CUST-00490,Consumer,Electronics,Cameras,5,435.62,0.25,0.0,Debit Card,In-Store,Completed
ORD-101162,2023-10-05,East,New York,EA-04,CUST-01250,Corporate,Home Goods,Kitchenware,3,800.0,0.1,0.0,Credit Card,In-Store,Completed
ORD-105336,2023-10-05,West,Oregon,WE-01,CUST-01329,Consumer,Apparel,Footwear,4,33.4,0.25,0.0,Debit Card,In-Store,Completed
ORD-104418,2023-10-06,Central,Illinois,CE-03,CUST-01121,Consumer,Apparel,Accessories,4,59.61,0.0,4.99,Debit Card,Online,Returned
ORD-105310,2023-10-06,East,New York,EA-01,CUST-01106,Consumer,Home Goods,Furniture,3,297.56,0.0,0.0,Credit Card,In-Store,Completed
ORD-102962,2023-10-06,East,New Jersey,EA-02,CUST-00432,Consumer,Sporting Goods,Cycling,3,212.03,0.15,0.0,Cash,In-Store,Completed
ORD-105067,2023-10-06,North,Minnesota,NO-04,CUST-01271,Corporate,Home Goods,Decor,2,223.86,0.05,0.0,PayPal,In-Store,Completed
ORD-105897,2023-10-06,West,Washington,WE-03,CUST-01698,Consumer,Home Goods,Furniture,2,316.96,0.0,4.99,Credit Card,Online,Cancelled
ORD-101325,2023-10-07,South,Florida,SO-04,CUST-00016,Corporate,Beauty & Health,Wellness,7,42.27,0.15,0.0,PayPal,In-Store,Completed
ORD-102684,2023-10-07,West,Oregon,WE-01,CUST-00814,Consumer,Sporting Goods,Cycling,4,202.53,0.0,0.0,Cash,In-Store,Completed
ORD-104774,2023-10-07,Central,Missouri,CE-03,CUST-00852,Corporate,Sporting Goods,Footwear,4,216.05,0.0,0.0,Debit Card,In-Store,Completed
ORD-100133,2023-10-07,South,Florida,SO-03,CUST-00061,Corporate,Sporting Goods,Fitness Equipment,5,140.69,0.0,7.99,Debit Card,Online,Completed
ORD-100702,2023-10-07,Central,Missouri,CE-01,CUST-00399,Consumer,Sporting Goods,Team Sports,5,119.1,0.1,7.99,Cash,Online,Completed
ORD-103988,2023-10-07,Central,Missouri,CE-02,CUST-01218,Home Office,Apparel,Women's Wear,5,75.25,0.0,0.0,Cash,In-Store,Completed
ORD-103254,2023-10-07,West,California,WE-03,CUST-01162,Home Office,Home Goods,Storage,2,389.44,0.2,12.99,Cash,Online,Completed
ORD-101394,2023-10-07,East,New York,EA-05,CUST-00465,Consumer,Apparel,Kids' Wear,2,63.2,0.05,12.99,PayPal,Online,Completed
ORD-101837,2023-10-08,Central,Ohio,CE-01,CUST-01251,Corporate,Sporting Goods,Cycling,2,154.31,0.1,0.0,Credit Card,Online,Completed
ORD-100281,2023-10-08,East,New York,EA-01,CUST-01481,Consumer,Home Goods,Decor,3,498.3,0.05,0.0,Gift Card,Online,Completed
ORD-104919,2023-10-08,West,California,WE-04,CUST-01521,Consumer,Home Goods,Storage,3,285.39,0.25,7.99,Credit Card,Online,Completed
ORD-102299,2023-10-08,East,New York,EA-01,CUST-00823,Consumer,Apparel,Accessories,6,84.49,0.0,0.0,Credit Card,In-Store,Completed
ORD-105946,2023-10-08,East,New York,EA-04,CUST-00681,Consumer,Home Goods,Furniture,2,212.73,0.0,7.99,Cash,Online,Completed
ORD-104277,2023-10-08,North,Minnesota,NO-05,CUST-01091,Home Office,Electronics,Cameras,4,444.62,0.0,0.0,PayPal,Online,Completed
ORD-101036,2023-10-09,Central,Ohio,CE-01,CUST-01693,Consumer,Books,Children's,3,12.84,0.0,0.0,Credit Card,In-Store,Returned
ORD-104610,2023-10-09,Central,Missouri,CE-03,CUST-00915,Consumer,Electronics,Smart Home,5,823.21,0.0,0.0,Credit Card,In-Store,Completed
ORD-100194,2023-10-09,Central,Missouri,CE-05,CUST-00334,Home Office,Electronics,Cameras,3,211.53,0.0,0.0,Credit Card,Online,Completed
ORD-105003,2023-10-09,West,Oregon,WE-05,CUST-01322,Consumer,Books,Educational,5,17.36,0.05,7.99,Credit Card,Online,Completed
ORD-101308,2023-10-09,Central,Illinois,CE-04,CUST-01348,Corporate,Electronics,Smartphones,3,437.23,0.0,0.0,Debit Card,Online,Completed
ORD-103716,2023-10-09,South,Florida,SO-02,CUST-00711,Consumer,Books,Comics,1,7.04,0.0,4.99,Cash,Online,Completed
ORD-104252,2023-10-09,North,Minnesota,NO-05,CUST-01271,Consumer,Electronics,Headphones,5,392.01,0.0,0.0,Gift Card,In-Store,Completed
ORD-103656,2023-10-10,North,Minnesota,NO-03,CUST-00128,Consumer,Sporting Goods,Outdoor Gear,4,189.52,0.2,4.99,PayPal,Online,Completed
ORD-102400,2023-10-10,Central,Ohio,CE-05,CUST-01097,Consumer,Home Goods,Furniture,2,554.08,0.05,7.99,Credit Card,Online,Completed
ORD-100394,2023-10-10,South,Texas,SO-02,CUST-00542,Home Office,Home Goods,Storage,2,328.11,0.05,0.0,PayPal,Online,Completed
ORD-104115,2023-10-10,West,Washington,WE-01,CUST-01448,Consumer,Electronics,Cameras,7,584.98,0.05,0.0,Credit Card,Online,Completed
ORD-105560,2023-10-10,Central,Missouri,CE-04,CUST-00419,Corporate,Beauty & Health,Personal Care,3,50.87,0.05,0.0,Credit Card,Online,Returned
ORD-102437,2023-10-10,North,Wisconsin,NO-05,CUST-01290,Corporate,Home Goods,Storage,4,309.76,0.05,4.99,Debit Card,Online,Completed
ORD-100907,2023-10-11,West,Oregon,WE-03,CUST-01673,Consumer,Books,Educational,4,40.71,0.1,4.99,Gift Card,Online,Completed
ORD-103440,2023-10-11,East,New York,EA-03,CUST-00700,Consumer,Electronics,Smartphones,3,190.45,0.0,0.0,PayPal,In-Store,Completed
ORD-101181,2023-10-11,Central,Ohio,CE-04,CUST-00609,Consumer,Apparel,Footwear,3,150.0,0.0,0.0,Debit Card,Online,Completed
ORD-104091,2023-10-11,East,New Jersey,EA-02,CUST-00820,Consumer,Electronics,Smart Home,4,367.69,0.0,12.99,Credit Card,Online,Completed
ORD-104940,2023-10-11,Central,Illinois,CE-04,CUST-01020,Consumer,Electronics,Cameras,1,508.99,0.05,7.99,Credit Card,Online,Completed
ORD-100180,2023-10-11,South,Georgia,SO-02,CUST-00046,Consumer,Apparel,Footwear,3,26.17,0.0,7.99,Debit Card,Online,Completed
ORD-105945,2023-10-11,West,Washington,WE-03,CUST-00072,Consumer,Books,Comics,3,29.99,0.1,12.99,Credit Card,Online,Completed
ORD-104992,2023-10-11,West,Oregon,WE-05,CUST-00200,Consumer,Home Goods,Furniture,4,137.29,0.15,0.0,Gift Card,In-Store,Completed
ORD-104750,2023-10-11,North,Wisconsin,NO-04,CUST-00920,Consumer,Books,Non-Fiction,5,9.24,0.1,0.0,PayPal,Online,Returned
ORD-101503,2023-10-11,North,Minnesota,NO-01,CUST-00475,Corporate,Books,Educational,1,28.18,0.25,0.0,Credit Card,In-Store,Completed
ORD-105279,2023-10-12,North,North Dakota,NO-05,CUST-00910,Consumer,Apparel,Women's Wear,3,40.17,0.05,0.0,Credit Card,In-Store,Completed
ORD-100768,2023-10-12,North,North Dakota,NO-03,CUST-01712,Consumer,Electronics,Cameras,4,595.33,0.0,0.0,Credit Card,Online,Completed
ORD-102449,2023-10-12,West,California,WE-02,CUST-00506,Home Office,Electronics,Smartphones,5,449.98,0.15,4.99,Credit Card,Online,Completed
ORD-105377,2023-10-12,East,Massachusetts,EA-01,CUST-00846,Corporate,Apparel,Accessories,2,55.35,0.0,7.99,Cash,Online,Completed
ORD-104140,2023-10-12,West,California,WE-01,CUST-00219,Corporate,Apparel,Kids' Wear,2,72.83,0.0,4.99,PayPal,Online,Returned
ORD-103757,2023-10-12,South,Texas,SO-05,CUST-01032,Corporate,Books,Children's,3,11.72,0.0,0.0,Credit Card,Online,Completed
ORD-105806,2023-10-12,Central,Illinois,CE-03,CUST-00147,Consumer,Home Goods,Storage,5,245.47,0.2,0.0,Debit Card,In-Store,Completed
ORD-104931,2023-10-12,Central,Ohio,CE-05,CUST-00197,Home Office,Electronics,Smartphones,3,302.7,0.05,0.0,Debit Card,In-Store,Completed
ORD-104853,2023-10-12,West,Oregon,WE-03,CUST-00069,Corporate,Apparel,Footwear,2,21.81,0.15,0.0,Credit Card,In-Store,Completed
ORD-105627,2023-10-12,East,New Jersey,EA-04,CUST-01100,Corporate,Apparel,Kids' Wear,4,50.92,0.0,4.99,Credit Card,Online,Completed
ORD-104886,2023-10-12,West,California,WE-05,CUST-00568,Consumer,Beauty & Health,Skincare,3,56.56,0.0,12.99,Credit Card,Online,Completed
ORD-103543,2023-10-12,East,New Jersey,EA-04,CUST-00699,Consumer,Electronics,Smart Home,3,901.22,0.05,7.99,Debit Card,Online,Cancelled
ORD-103720,2023-10-13,East,New Jersey,EA-01,CUST-01280,Consumer,Electronics,Smart Home,4,323.22,0.05,0.0,PayPal,In-Store,Completed
ORD-102368,2023-10-13,South,Florida,SO-01,CUST-01226,Corporate,Books,Fiction,2,11.13,0.0,12.99,Debit Card,Online,Completed
ORD-105128,2023-10-13,Central,Ohio,CE-01,CUST-01658,Consumer,Home Goods,Decor,2,401.02,0.0,4.99,Credit Card,Online,Completed
ORD-103772,2023-10-13,West,Washington,WE-01,CUST-01424,Consumer,Beauty & Health,Skincare,3,35.92,0.05,4.99,Cash,Online,Completed
ORD-104692,2023-10-13,South,Georgia,SO-01,CUST-00618,Corporate,Apparel,Footwear,3,43.47,0.1,7.99,PayPal,Online,Completed
ORD-104720,2023-10-14,South,Georgia,SO-02,CUST-00396,Consumer,Apparel,Men's Wear,2,29.5,0.0,0.0,Credit Card,In-Store,Completed
ORD-102309,2023-10-14,West,Washington,WE-01,CUST-00987,Consumer,Apparel,Women's Wear,5,31.09,0.25,4.99,Credit Card,Online,Completed
ORD-103694,2023-10-14,North,North Dakota,NO-05,CUST-01782,Consumer,Sporting Goods,Cycling,7,95.98,0.0,0.0,Cash,In-Store,Completed
ORD-102753,2023-10-14,East,New York,EA-03,CUST-01212,Consumer,Sporting Goods,Team Sports,6,233.3,0.0,0.0,Credit Card,In-Store,Completed
ORD-102961,2023-10-14,South,Georgia,SO-02,CUST-00556,Consumer,Electronics,Cameras,5,618.03,0.0,0.0,Credit Card,In-Store,Completed
ORD-101346,2023-10-15,South,Texas,SO-02,CUST-00155,Consumer,Apparel,Men's Wear,3,55.27,0.05,0.0,Credit Card,Online,Completed
ORD-104769,2023-10-15,North,North Dakota,NO-04,CUST-00945,Home Office,Home Goods,Kitchenware,1,236.45,0.0,0.0,Credit Card,In-Store,Completed
ORD-100783,2023-10-15,North,Wisconsin,NO-03,CUST-01023,Consumer,Books,Non-Fiction,6,16.97,0.0,0.0,Debit Card,Online,Completed
ORD-103047,2023-10-15,Central,Illinois,CE-04,CUST-01574,Consumer,Home Goods,Decor,2,127.29,0.0,12.99,Debit Card,Online,Completed
ORD-101680,2023-10-15,North,North Dakota,NO-04,CUST-00952,Consumer,Books,Comics,7,10.77,0.1,0.0,Cash,Online,Completed
ORD-102395,2023-10-15,North,North Dakota,NO-03,CUST-01270,Consumer,Apparel,Accessories,2,37.24,0.25,12.99,Credit Card,Online,Completed
ORD-100826,2023-10-15,East,New Jersey,EA-01,CUST-01223,Consumer,Sporting Goods,Team Sports,3,313.01,0.05,0.0,Debit Card,Online,Returned
ORD-100593,2023-10-15,North,Minnesota,NO-01,CUST-00827,Consumer,Books,Educational,4,20.06,0.0,0.0,Cash,In-Store,Completed
ORD-104288,2023-10-15,South,Florida,SO-03,CUST-00573,Consumer,Apparel,Men's Wear,4,38.08,0.1,0.0,Credit Card,In-Store,Completed
ORD-103917,2023-10-15,South,Texas,SO-04,CUST-00012,Consumer,Electronics,Headphones,3,311.04,0.1,0.0,Credit Card,Online,Completed
ORD-101192,2023-10-15,East,Massachusetts,EA-04,CUST-00815,Corporate,Sporting Goods,Team Sports,6,150.91,0.0,4.99,Debit Card,Online,Completed
ORD-100827,2023-10-16,East,Massachusetts,EA-04,CUST-00759,Consumer,Home Goods,Kitchenware,2,226.58,0.15,0.0,Debit Card,In-Store,Completed
ORD-102453,2023-10-16,East,New York,EA-02,CUST-00357,Consumer,Apparel,Men's Wear,6,87.71,0.25,4.99,Credit Card,Online,Completed
ORD-105371,2023-10-16,South,Florida,SO-01,CUST-00818,Consumer,Beauty & Health,Wellness,5,69.14,0.25,0.0,Credit Card,In-Store,Completed
ORD-103807,2023-10-16,East,New York,EA-02,CUST-00372,Consumer,Electronics,Smartphones,2,822.07,0.0,12.99,Debit Card,Online,Completed
ORD-102016,2023-10-16,West,California,WE-05,CUST-01380,Corporate,Beauty & Health,Wellness,4,93.59,0.0,0.0,Credit Card,In-Store,Completed
ORD-101631,2023-10-16,East,New York,EA-05,CUST-01702,Consumer,Apparel,Kids' Wear,4,54.9,0.0,0.0,Cash,In-Store,Completed
ORD-105059,2023-10-16,North,Wisconsin,NO-02,CUST-00919,Corporate,Electronics,Laptops,4,346.73,0.2,4.99,Credit Card,Online,Returned
ORD-102712,2023-10-17,East,New Jersey,EA-02,CUST-01243,Consumer,Home Goods,Furniture,3,191.76,0.0,4.99,Credit Card,Online,Completed
ORD-105404,2023-10-17,North,Minnesota,NO-04,CUST-00303,Consumer,Home Goods,Storage,3,326.48,0.05,0.0,PayPal,In-Store,Completed
ORD-100569,2023-10-17,Central,Missouri,CE-04,CUST-00216,Consumer,Home Goods,Storage,5,275.79,0.05,0.0,PayPal,Online,Completed
ORD-101141,2023-10-17,North,North Dakota,NO-01,CUST-00997,Consumer,Home Goods,Bedding,2,322.97,0.0,0.0,PayPal,In-Store,Completed
ORD-105446,2023-10-17,North,Minnesota,NO-03,CUST-00815,Home Office,Apparel,Women's Wear,2,39.53,0.05,4.99,Debit Card,Online,Completed
ORD-102157,2023-10-17,Central,Ohio,CE-04,CUST-00110,Consumer,Electronics,Laptops,6,699.94,0.1,7.99,Gift Card,Online,Completed
ORD-100195,2023-10-18,North,Minnesota,NO-04,CUST-00231,Consumer,Apparel,Men's Wear,4,102.65,0.0,0.0,Credit Card,Online,Completed
ORD-102035,2023-10-18,West,Washington,WE-05,CUST-00068,Consumer,Beauty & Health,Skincare,4,33.15,0.1,0.0,PayPal,Online,Completed
ORD-100714,2023-10-18,South,Florida,SO-03,CUST-00995,Corporate,Apparel,Kids' Wear,5,27.34,0.0,0.0,PayPal,In-Store,Completed
ORD-104737,2023-10-18,Central,Missouri,CE-04,CUST-01702,Consumer,Apparel,Kids' Wear,1,54.26,0.05,0.0,PayPal,In-Store,Completed
ORD-102550,2023-10-18,North,Minnesota,NO-04,CUST-01771,Consumer,Home Goods,Storage,3,84.33,0.2,0.0,Credit Card,Online,Returned
ORD-105643,2023-10-18,Central,Missouri,CE-01,CUST-00486,Consumer,Electronics,Laptops,5,829.23,0.15,7.99,Credit Card,Online,Completed
ORD-101804,2023-10-18,South,Texas,SO-03,CUST-00435,Consumer,Electronics,Smart Home,4,366.24,0.05,7.99,PayPal,Online,Completed
ORD-104436,2023-10-19,West,California,WE-01,CUST-01159,Consumer,Apparel,Accessories,5,37.37,0.0,12.99,Debit Card,Online,Completed
ORD-103305,2023-10-19,South,Texas,SO-02,CUST-00499,Consumer,Home Goods,Kitchenware,4,381.64,0.0,4.99,Credit Card,Online,Completed
ORD-101287,2023-10-19,East,Massachusetts,EA-01,CUST-00498,Consumer,Apparel,Footwear,6,33.73,0.05,7.99,PayPal,Online,Completed
ORD-101099,2023-10-19,North,North Dakota,NO-03,CUST-00771,Consumer,Electronics,Cameras,3,651.15,0.0,7.99,Credit Card,Online,Completed
ORD-100564,2023-10-19,East,New Jersey,EA-03,CUST-00339,Corporate,Books,Fiction,6,16.92,0.05,7.99,Gift Card,Online,Completed
ORD-101055,2023-10-19,East,New York,EA-01,CUST-01044,Consumer,Beauty & Health,Wellness,4,54.24,0.05,7.99,Debit Card,Online,Returned
ORD-103820,2023-10-19,East,New Jersey,EA-03,CUST-00248,Consumer,Electronics,Smartphones,7,324.36,0.0,7.99,Debit Card,Online,Completed
ORD-100428,2023-10-20,East,Massachusetts,EA-02,CUST-01735,Home Office,Beauty & Health,Personal Care,1,27.43,0.0,0.0,Credit Card,In-Store,Completed
ORD-101522,2023-10-20,West,California,WE-03,CUST-01466,Corporate,Apparel,Accessories,1,65.89,0.0,0.0,Gift Card,Online,Completed
ORD-103633,2023-10-20,Central,Illinois,CE-02,CUST-00121,Corporate,Beauty & Health,Wellness,3,53.07,0.0,0.0,Debit Card,In-Store,Completed
ORD-104935,2023-10-20,East,Massachusetts,EA-03,CUST-00655,Consumer,Beauty & Health,Personal Care,6,57.52,0.0,4.99,Gift Card,Online,Completed
ORD-104842,2023-10-21,North,Minnesota,NO-05,CUST-00611,Corporate,Sporting Goods,Fitness Equipment,2,90.51,0.15,7.99,Credit Card,Online,Completed
ORD-105653,2023-10-21,South,Georgia,SO-03,CUST-00670,Consumer,Electronics,Smartphones,4,461.93,0.0,0.0,Credit Card,In-Store,Completed
ORD-102162,2023-10-21,South,Georgia,SO-01,CUST-00982,Consumer,Apparel,Footwear,5,150.0,0.0,0.0,Credit Card,In-Store,Completed
ORD-103013,2023-10-21,East,Massachusetts,EA-05,CUST-00347,Consumer,Apparel,Kids' Wear,5,38.83,0.1,0.0,Debit Card,In-Store,Completed
ORD-104345,2023-10-21,South,Texas,SO-04,CUST-00428,Home Office,Beauty & Health,Personal Care,4,118.37,0.05,7.99,Credit Card,Online,Cancelled
ORD-102869,2023-10-21,North,North Dakota,NO-04,CUST-00573,Consumer,Home Goods,Furniture,5,156.43,0.05,0.0,Debit Card,In-Store,Completed
ORD-103187,2023-10-22,North,Minnesota,NO-04,CUST-00953,Corporate,Sporting Goods,Team Sports,7,164.66,0.0,0.0,Credit Card,In-Store,Completed
ORD-105416,2023-10-22,West,Oregon,WE-04,CUST-01484,Consumer,Apparel,Men's Wear,5,48.03,0.0,0.0,Credit Card,In-Store,Completed
ORD-105731,2023-10-22,East,Massachusetts,EA-05,CUST-00803,Consumer,Home Goods,Storage,2,248.48,0.1,4.99,Debit Card,Online,Completed
ORD-100495,2023-10-22,East,New York,EA-01,CUST-00766,Corporate,Electronics,Headphones,6,219.3,0.0,0.0,Cash,Online,Completed
ORD-103227,2023-10-22,West,California,WE-01,CUST-00965,Home Office,Apparel,Men's Wear,2,60.98,0.0,0.0,Credit Card,In-Store,Completed
ORD-103194,2023-10-22,North,Wisconsin,NO-04,CUST-01442,Consumer,Home Goods,Decor,4,254.98,0.05,4.99,Cash,Online,Completed
ORD-101560,2023-10-22,North,North Dakota,NO-01,CUST-01566,Consumer,Apparel,Footwear,2,47.74,0.0,4.99,PayPal,Online,Completed
ORD-101802,2023-10-22,South,Texas,SO-01,CUST-01359,Consumer,Electronics,Laptops,4,1040.5,0.0,0.0,Credit Card,Online,Completed
ORD-105223,2023-10-23,North,Wisconsin,NO-02,CUST-01277,Corporate,Books,Fiction,5,7.89,0.0,0.0,Debit Card,Online,Completed
ORD-103865,2023-10-23,West,California,WE-04,CUST-00683,Consumer,Home Goods,Bedding,6,139.65,0.05,0.0,PayPal,In-Store,Completed
ORD-103856,2023-10-23,Central,Illinois,CE-05,CUST-00445,Consumer,Sporting Goods,Footwear,2,236.96,0.0,0.0,Credit Card,In-Store,Cancelled
ORD-104258,2023-10-23,East,Massachusetts,EA-05,CUST-00175,Consumer,Home Goods,Kitchenware,3,375.75,0.0,0.0,Credit Card,Online,Completed
ORD-104487,2023-10-23,East,New York,EA-04,CUST-00081,Corporate,Home Goods,Decor,2,800.0,0.15,0.0,Credit Card,In-Store,Completed
ORD-101068,2023-10-23,Central,Missouri,CE-01,CUST-00205,Consumer,Apparel,Footwear,2,23.78,0.05,12.99,Credit Card,Online,Completed
ORD-102343,2023-10-23,West,Washington,WE-03,CUST-01357,Corporate,Electronics,Cameras,4,670.66,0.0,7.99,Credit Card,Online,Completed
ORD-105701,2023-10-23,South,Texas,SO-04,CUST-00962,Consumer,Beauty & Health,Haircare,4,73.84,0.15,0.0,Credit Card,In-Store,Completed
ORD-103537,2023-10-23,West,California,WE-02,CUST-00365,Consumer,Sporting Goods,Cycling,2,291.11,0.1,4.99,Credit Card,Online,Returned
ORD-101603,2023-10-23,Central,Illinois,CE-05,CUST-00917,Consumer,Apparel,Footwear,4,48.15,0.0,0.0,Cash,In-Store,Completed
ORD-105596,2023-10-23,North,North Dakota,NO-03,CUST-00999,Consumer,Beauty & Health,Personal Care,4,22.72,0.0,4.99,Credit Card,Online,Completed
ORD-103486,2023-10-23,West,Oregon,WE-04,CUST-01010,Consumer,Apparel,Kids' Wear,3,26.17,0.1,0.0,Credit Card,In-Store,Completed
ORD-101923,2023-10-23,East,New Jersey,EA-02,CUST-00105,Home Office,Sporting Goods,Outdoor Gear,4,154.41,0.05,0.0,Debit Card,Online,Completed
ORD-101898,2023-10-23,North,Wisconsin,NO-03,CUST-01501,Consumer,Apparel,Kids' Wear,2,83.84,0.15,0.0,PayPal,In-Store,Completed
ORD-104473,2023-10-23,North,North Dakota,NO-05,CUST-01663,Consumer,Electronics,Headphones,3,314.73,0.0,0.0,Credit Card,In-Store,Completed
ORD-100660,2023-10-24,East,New Jersey,EA-03,CUST-00738,Home Office,Apparel,Women's Wear,3,26.46,0.0,0.0,Credit Card,Online,Completed
ORD-104866,2023-10-24,West,California,WE-05,CUST-01267,Home Office,Electronics,Smartphones,4,436.56,0.05,0.0,PayPal,In-Store,Completed
ORD-100965,2023-10-24,East,New Jersey,EA-02,CUST-01748,Corporate,Apparel,Footwear,4,67.8,0.0,12.99,PayPal,Online,Completed
ORD-100330,2023-10-24,West,Oregon,WE-03,CUST-00948,Consumer,Beauty & Health,Wellness,8,55.5,0.15,0.0,Credit Card,In-Store,Completed
ORD-103186,2023-10-25,Central,Illinois,CE-01,CUST-00447,Consumer,Apparel,Women's Wear,4,55.13,0.0,0.0,PayPal,In-Store,Completed
ORD-100063,2023-10-25,North,Wisconsin,NO-01,CUST-01248,Home Office,Home Goods,Decor,1,236.47,0.0,7.99,PayPal,Online,Cancelled
ORD-102819,2023-10-25,West,Washington,WE-01,CUST-01716,Consumer,Electronics,Smart Home,5,279.43,0.0,7.99,Credit Card,Online,Completed
ORD-104956,2023-10-25,South,Florida,SO-03,CUST-00024,Corporate,Books,Non-Fiction,6,23.18,0.0,7.99,Credit Card,Online,Completed
ORD-104691,2023-10-25,Central,Missouri,CE-02,CUST-01064,Corporate,Beauty & Health,Personal Care,6,52.83,0.0,7.99,PayPal,Online,Completed
ORD-104153,2023-10-25,South,Florida,SO-03,CUST-01185,Corporate,Apparel,Accessories,3,54.62,0.0,0.0,Credit Card,Online,Completed
ORD-102845,2023-10-25,West,California,WE-05,CUST-00108,Consumer,Electronics,Headphones,4,133.51,0.0,0.0,PayPal,Online,Completed
ORD-100078,2023-10-26,Central,Illinois,CE-05,CUST-00123,Corporate,Books,Children's,2,33.87,0.25,4.99,Debit Card,Online,Completed
ORD-104403,2023-10-26,West,Oregon,WE-01,CUST-00052,Consumer,Apparel,Women's Wear,5,58.37,0.1,0.0,Credit Card,In-Store,Completed
ORD-100545,2023-10-26,West,Oregon,WE-02,CUST-01745,Consumer,Books,Children's,2,10.09,0.0,4.99,Credit Card,Online,Completed
ORD-102578,2023-10-26,Central,Illinois,CE-01,CUST-01204,Consumer,Electronics,Smart Home,2,324.88,0.0,0.0,Credit Card,Online,Completed
ORD-104232,2023-10-26,Central,Missouri,CE-05,CUST-01111,Consumer,Home Goods,Kitchenware,2,294.93,0.0,0.0,PayPal,Online,Cancelled
ORD-102147,2023-10-26,Central,Illinois,CE-03,CUST-00477,Consumer,Books,Fiction,4,21.45,0.15,4.99,Credit Card,Online,Completed
ORD-104477,2023-10-26,West,Oregon,WE-01,CUST-01324,Consumer,Electronics,Smartphones,3,368.28,0.0,12.99,Gift Card,Online,Cancelled
ORD-102849,2023-10-26,South,Florida,SO-01,CUST-00099,Consumer,Beauty & Health,Skincare,4,17.95,0.15,7.99,Credit Card,Online,Completed
ORD-102523,2023-10-27,South,Georgia,SO-05,CUST-00126,Home Office,Apparel,Footwear,3,34.15,0.1,0.0,Debit Card,In-Store,Completed
ORD-105882,2023-10-27,East,Massachusetts,EA-02,CUST-01205,Corporate,Electronics,Laptops,3,104.74,0.05,0.0,Gift Card,Online,Completed
ORD-101378,2023-10-27,West,Washington,WE-04,CUST-00055,Consumer,Apparel,Accessories,4,69.99,0.1,7.99,Credit Card,Online,Completed
ORD-100268,2023-10-27,North,North Dakota,NO-04,CUST-01378,Consumer,Apparel,Women's Wear,2,73.09,0.0,0.0,Cash,In-Store,Completed
ORD-100734,2023-10-27,West,Oregon,WE-02,CUST-00031,Home Office,Books,Educational,2,36.4,0.05,0.0,Credit Card,In-Store,Completed
ORD-103816,2023-10-27,North,Minnesota,NO-03,CUST-00648,Corporate,Sporting Goods,Cycling,5,200.04,0.05,4.99,Credit Card,Online,Completed
ORD-101653,2023-10-28,West,California,WE-03,CUST-01082,Corporate,Apparel,Footwear,4,56.54,0.0,0.0,Debit Card,In-Store,Completed
ORD-104029,2023-10-28,East,New Jersey,EA-01,CUST-01092,Consumer,Electronics,Smartphones,5,329.55,0.0,0.0,PayPal,In-Store,Completed
ORD-103413,2023-10-28,West,Washington,WE-05,CUST-00335,Consumer,Sporting Goods,Footwear,4,178.09,0.15,0.0,Credit Card,In-Store,Completed
ORD-105594,2023-10-28,North,Minnesota,NO-05,CUST-00981,Consumer,Sporting Goods,Footwear,7,97.35,0.2,0.0,Credit Card,Online,Completed
ORD-102645,2023-10-28,Central,Illinois,CE-05,CUST-00101,Corporate,Books,Fiction,4,12.37,0.1,0.0,Credit Card,Online,Completed
ORD-105469,2023-10-28,South,Texas,SO-04,CUST-00032,Corporate,Apparel,Men's Wear,6,80.67,0.25,0.0,Credit Card,Online,Completed
ORD-100293,2023-10-28,Central,Ohio,CE-01,CUST-00610,Corporate,Home Goods,Decor,3,323.03,0.0,7.99,Debit Card,Online,Completed
ORD-102616,2023-10-28,South,Texas,SO-02,CUST-01104,Consumer,Books,Fiction,2,15.11,0.0,4.99,PayPal,Online,Completed
ORD-101967,2023-10-29,Central,Ohio,CE-02,CUST-01018,Consumer,Home Goods,Furniture,3,708.62,0.05,4.99,Credit Card,Online,Completed
ORD-102347,2023-10-29,Central,Ohio,CE-05,CUST-00370,Consumer,Home Goods,Storage,6,114.24,0.25,4.99,PayPal,Online,Completed
ORD-105581,2023-10-29,East,Massachusetts,EA-01,CUST-01354,Consumer,Electronics,Smart Home,7,448.67,0.05,4.99,Credit Card,Online,Completed
ORD-102281,2023-10-29,Central,Illinois,CE-02,CUST-01778,Consumer,Beauty & Health,Wellness,4,39.87,0.0,12.99,PayPal,Online,Completed
ORD-105825,2023-10-29,Central,Illinois,CE-01,CUST-00687,Consumer,Electronics,Smart Home,3,508.77,0.25,0.0,Cash,In-Store,Completed
ORD-105828,2023-10-29,Central,Illinois,CE-04,CUST-01420,Consumer,Home Goods,Kitchenware,8,647.51,0.0,4.99,Debit Card,Online,Completed
ORD-100994,2023-10-29,West,Washington,WE-05,CUST-01526,Consumer,Beauty & Health,Personal Care,2,61.49,0.05,0.0,PayPal,Online,Completed
ORD-103582,2023-10-29,Central,Ohio,CE-05,CUST-00692,Consumer,Electronics,Laptops,3,299.4,0.0,0.0,Debit Card,In-Store,Completed
ORD-104006,2023-10-29,Central,Ohio,CE-04,CUST-00544,Home Office,Electronics,Headphones,2,436.17,0.0,0.0,Credit Card,Online,Completed
ORD-100657,2023-10-30,Central,Illinois,CE-04,CUST-01724,Consumer,Electronics,Smartphones,2,301.15,0.0,0.0,Cash,In-Store,Completed
ORD-100837,2023-10-30,North,Wisconsin,NO-05,CUST-01180,Consumer,Home Goods,Furniture,4,230.86,0.15,7.99,Debit Card,Online,Completed
ORD-104878,2023-10-30,Central,Ohio,CE-03,CUST-00619,Consumer,Beauty & Health,Makeup,2,10.93,0.05,4.99,PayPal,Online,Completed
ORD-103821,2023-10-30,South,Florida,SO-04,CUST-01260,Consumer,Electronics,Laptops,3,370.15,0.0,0.0,Credit Card,In-Store,Returned
ORD-104670,2023-10-30,South,Georgia,SO-02,CUST-01624,Corporate,Apparel,Women's Wear,4,25.75,0.0,12.99,PayPal,Online,Completed
ORD-104943,2023-10-30,West,Oregon,WE-03,CUST-00446,Corporate,Books,Fiction,3,16.9,0.0,0.0,Credit Card,Online,Completed
ORD-100607,2023-10-31,East,Massachusetts,EA-01,CUST-00535,Consumer,Electronics,Laptops,5,201.31,0.25,7.99,Credit Card,Online,Completed
ORD-105187,2023-10-31,Central,Ohio,CE-04,CUST-01574,Corporate,Apparel,Footwear,4,90.02,0.0,0.0,Credit Card,Online,Completed
ORD-100138,2023-10-31,South,Georgia,SO-05,CUST-01628,Consumer,Sporting Goods,Team Sports,2,107.42,0.15,4.99,Credit Card,Online,Returned
ORD-102406,2023-11-01,Central,Ohio,CE-05,CUST-00593,Consumer,Apparel,Footwear,5,45.91,0.1,7.99,PayPal,Online,Completed
ORD-104226,2023-11-01,West,Washington,WE-04,CUST-01392,Corporate,Beauty & Health,Wellness,1,51.74,0.0,0.0,Cash,Online,Completed
ORD-100023,2023-11-02,West,Oregon,WE-02,CUST-00232,Consumer,Home Goods,Decor,5,190.33,0.25,4.99,Credit Card,Online,Completed
ORD-102740,2023-11-02,East,New York,EA-03,CUST-00550,Corporate,Home Goods,Decor,7,263.86,0.15,4.99,Debit Card,Online,Completed
ORD-103614,2023-11-03,Central,Illinois,CE-02,CUST-01278,Consumer,Home Goods,Storage,3,402.7,0.25,7.99,Credit Card,Online,Completed
ORD-101485,2023-11-03,Central,Ohio,CE-04,CUST-00565,Consumer,Apparel,Women's Wear,1,111.93,0.0,0.0,PayPal,In-Store,Completed
ORD-105456,2023-11-03,West,Oregon,WE-03,CUST-00827,Consumer,Sporting Goods,Fitness Equipment,3,182.23,0.0,0.0,Debit Card,Online,Completed
ORD-105106,2023-11-03,Central,Illinois,CE-01,CUST-00065,Consumer,Apparel,Women's Wear,4,77.84,0.0,0.0,Debit Card,In-Store,Completed
ORD-101235,2023-11-04,Central,Illinois,CE-03,CUST-00157,Corporate,Home Goods,Kitchenware,2,335.73,0.0,0.0,Debit Card,In-Store,Completed
ORD-102651,2023-11-04,West,California,WE-02,CUST-01344,Corporate,Sporting Goods,Footwear,5,208.89,0.0,0.0,Debit Card,In-Store,Completed
ORD-102676,2023-11-04,Central,Illinois,CE-05,CUST-01753,Corporate,Electronics,Smartphones,1,345.26,0.0,0.0,Credit Card,In-Store,Returned
ORD-100160,2023-11-04,West,Washington,WE-02,CUST-00651,Consumer,Home Goods,Furniture,2,351.85,0.0,0.0,Debit Card,In-Store,Completed
ORD-103380,2023-11-04,East,Massachusetts,EA-02,CUST-00453,Consumer,Sporting Goods,Team Sports,3,286.12,0.05,0.0,Credit Card,Online,Completed
ORD-101738,2023-11-04,Central,Illinois,CE-05,CUST-00057,Consumer,Sporting Goods,Cycling,2,195.79,0.0,0.0,Credit Card,Online,Completed
ORD-103145,2023-11-04,North,Minnesota,NO-01,CUST-00868,Consumer,Electronics,Smart Home,4,479.0,0.0,0.0,Gift Card,In-Store,Completed
ORD-101694,2023-11-04,West,Oregon,WE-04,CUST-00610,Home Office,Electronics,Smart Home,4,506.11,0.25,4.99,Gift Card,Online,Completed
ORD-101913,2023-11-04,East,New York,EA-02,CUST-00356,Consumer,Beauty & Health,Makeup,4,45.09,0.05,0.0,Credit Card,In-Store,Completed
ORD-105239,2023-11-04,East,Massachusetts,EA-01,CUST-00854,Home Office,Home Goods,Furniture,2,283.97,0.0,0.0,Gift Card,Online,Completed
ORD-100223,2023-11-04,West,California,WE-03,CUST-00513,Corporate,Apparel,Accessories,4,88.44,0.0,0.0,Credit Card,Online,Completed
ORD-105957,2023-11-04,Central,Missouri,CE-04,CUST-00221,Consumer,Electronics,Smart Home,4,297.85,0.05,0.0,PayPal,In-Store,Completed
ORD-101907,2023-11-04,South,Georgia,SO-02,CUST-00530,Consumer,Home Goods,Decor,4,324.49,0.0,4.99,Debit Card,Online,Completed
ORD-103308,2023-11-05,Central,Ohio,CE-01,CUST-00706,Consumer,Electronics,Cameras,6,618.44,0.0,7.99,Credit Card,Online,Completed
ORD-102652,2023-11-05,Central,Illinois,CE-04,CUST-01335,Home Office,Home Goods,Furniture,3,223.29,0.05,0.0,PayPal,In-Store,Completed
ORD-102337,2023-11-05,East,New York,EA-03,CUST-00320,Consumer,Books,Comics,2,12.44,0.0,0.0,Gift Card,Online,Completed
ORD-104690,2023-11-05,West,Washington,WE-03,CUST-01755,Home Office,Books,Fiction,3,14.86,0.1,0.0,Credit Card,In-Store,Completed
ORD-100625,2023-11-05,East,New Jersey,EA-03,CUST-01451,Consumer,Apparel,Women's Wear,3,69.47,0.05,0.0,Cash,In-Store,Completed
ORD-102948,2023-11-05,East,Massachusetts,EA-02,CUST-01192,Consumer,Beauty & Health,Skincare,4,88.49,0.0,4.99,Debit Card,Online,Completed
ORD-101347,2023-11-06,West,Oregon,WE-04,CUST-00988,Corporate,Beauty & Health,Skincare,4,19.05,0.0,0.0,Credit Card,Online,Completed
ORD-100243,2023-11-06,Central,Ohio,CE-05,CUST-01654,Consumer,Apparel,Women's Wear,3,38.25,0.0,7.99,Credit Card,Online,Completed
ORD-102924,2023-11-06,Central,Illinois,CE-03,CUST-00794,Home Office,Apparel,Kids' Wear,4,78.44,0.0,0.0,Debit Card,In-Store,Completed
ORD-100443,2023-11-06,Central,Illinois,CE-01,CUST-01467,Consumer,Books,Children's,4,27.71,0.2,0.0,PayPal,In-Store,Completed
ORD-105367,2023-11-06,West,Oregon,WE-04,CUST-01284,Consumer,Electronics,Headphones,3,209.89,0.0,4.99,Credit Card,Online,Completed
ORD-100622,2023-11-06,North,North Dakota,NO-05,CUST-00053,Consumer,Beauty & Health,Haircare,4,34.01,0.2,4.99,Debit Card,Online,Completed
ORD-104603,2023-11-06,West,California,WE-03,CUST-01214,Corporate,Apparel,Accessories,5,40.56,0.0,0.0,Credit Card,In-Store,Completed
ORD-105395,2023-11-07,Central,Missouri,CE-04,CUST-01739,Consumer,Books,Educational,6,24.26,0.05,0.0,Credit Card,Online,Completed
ORD-100392,2023-11-07,West,California,WE-02,CUST-00893,Consumer,Electronics,Cameras,4,455.86,0.25,4.99,Gift Card,Online,Completed
ORD-104917,2023-11-07,East,New York,EA-04,CUST-00899,Consumer,Electronics,Headphones,2,364.29,0.0,0.0,Credit Card,Online,Completed
ORD-103575,2023-11-07,South,Florida,SO-01,CUST-00208,Corporate,Electronics,Headphones,4,444.51,0.05,0.0,Credit Card,Online,Completed
ORD-102386,2023-11-07,West,Oregon,WE-01,CUST-01085,Consumer,Apparel,Men's Wear,3,53.15,0.0,0.0,PayPal,Online,Returned
ORD-102839,2023-11-07,South,Florida,SO-03,CUST-00736,Consumer,Beauty & Health,Makeup,5,31.77,0.0,7.99,PayPal,Online,Completed
ORD-103140,2023-11-07,South,Texas,SO-05,CUST-01176,Consumer,Home Goods,Furniture,3,324.95,0.0,0.0,Credit Card,Online,Completed
ORD-102713,2023-11-07,East,Massachusetts,EA-04,CUST-01272,Corporate,Apparel,Kids' Wear,3,43.81,0.05,0.0,Credit Card,In-Store,Completed
ORD-101840,2023-11-08,East,New York,EA-03,CUST-00792,Consumer,Apparel,Footwear,4,30.39,0.15,0.0,Gift Card,In-Store,Returned
ORD-103598,2023-11-08,West,California,WE-02,CUST-00323,Home Office,Sporting Goods,Team Sports,3,160.62,0.1,0.0,PayPal,Online,Completed
ORD-103724,2023-11-08,West,California,WE-04,CUST-00614,Consumer,Sporting Goods,Cycling,4,101.64,0.0,12.99,Debit Card,Online,Completed
ORD-103306,2023-11-08,Central,Ohio,CE-05,CUST-01174,Consumer,Home Goods,Decor,2,293.94,0.05,0.0,PayPal,In-Store,Completed
ORD-101128,2023-11-08,Central,Illinois,CE-02,CUST-00867,Corporate,Home Goods,Furniture,4,458.71,0.0,0.0,PayPal,Online,Completed
ORD-103453,2023-11-08,South,Texas,SO-05,CUST-01617,Consumer,Home Goods,Storage,5,185.44,0.0,12.99,Credit Card,Online,Completed
ORD-103025,2023-11-09,South,Florida,SO-01,CUST-01200,Consumer,Sporting Goods,Cycling,4,153.54,0.15,0.0,PayPal,In-Store,Completed
ORD-100870,2023-11-09,South,Georgia,SO-05,CUST-00104,Consumer,Apparel,Accessories,2,42.08,0.0,0.0,Credit Card,In-Store,Completed
ORD-103862,2023-11-09,North,Wisconsin,NO-04,CUST-00039,Home Office,Home Goods,Storage,3,222.62,0.0,0.0,PayPal,In-Store,Completed
ORD-101491,2023-11-09,East,New York,EA-03,CUST-00119,Consumer,Sporting Goods,Outdoor Gear,1,170.12,0.25,4.99,Credit Card,Online,Completed
ORD-103612,2023-11-10,South,Texas,SO-05,CUST-01186,Consumer,Beauty & Health,Wellness,1,41.73,0.1,0.0,Credit Card,In-Store,Completed
ORD-103976,2023-11-10,Central,Missouri,CE-01,CUST-01428,Consumer,Home Goods,Bedding,4,265.59,0.05,4.99,Credit Card,Online,Completed
ORD-102390,2023-11-10,South,Georgia,SO-01,CUST-01337,Consumer,Apparel,Men's Wear,5,72.76,0.0,0.0,PayPal,In-Store,Completed
ORD-104738,2023-11-10,East,Massachusetts,EA-03,CUST-00747,Consumer,Home Goods,Storage,4,139.47,0.05,0.0,Credit Card,Online,Completed
ORD-100000,2023-11-10,North,Minnesota,NO-03,CUST-00821,Corporate,Electronics,Smart Home,1,522.18,0.05,0.0,Credit Card,In-Store,Completed
ORD-100465,2023-11-10,South,Georgia,SO-05,CUST-01551,Consumer,Books,Children's,4,10.03,0.0,0.0,Credit Card,In-Store,Completed
ORD-100442,2023-11-10,West,Washington,WE-02,CUST-00395,Consumer,Apparel,Accessories,2,38.88,0.1,0.0,Credit Card,Online,Cancelled
ORD-100348,2023-11-10,Central,Missouri,CE-04,CUST-01200,Corporate,Home Goods,Kitchenware,3,369.69,0.0,12.99,PayPal,Online,Completed
ORD-101768,2023-11-11,North,Minnesota,NO-02,CUST-00316,Corporate,Home Goods,Kitchenware,6,131.26,0.0,4.99,Debit Card,Online,Completed
ORD-102489,2023-11-11,North,Minnesota,NO-04,CUST-01639,Consumer,Apparel,Men's Wear,6,33.16,0.0,0.0,Debit Card,In-Store,Cancelled
ORD-100282,2023-11-11,Central,Ohio,CE-01,CUST-01549,Corporate,Apparel,Kids' Wear,4,139.68,0.0,0.0,Gift Card,Online,Completed
ORD-103298,2023-11-11,East,New Jersey,EA-05,CUST-00874,Consumer,Home Goods,Furniture,5,459.38,0.05,7.99,Debit Card,Online,Completed
ORD-105775,2023-11-11,East,New Jersey,EA-02,CUST-00921,Corporate,Electronics,Smartphones,4,946.41,0.0,7.99,Gift Card,Online,Completed
ORD-100516,2023-11-11,Central,Missouri,CE-04,CUST-00560,Consumer,Books,Children's,4,37.02,0.05,0.0,Debit Card,In-Store,Completed
ORD-105903,2023-11-11,South,Georgia,SO-01,CUST-00682,Consumer,Home Goods,Storage,3,385.08,0.0,7.99,Gift Card,Online,Completed
ORD-100448,2023-11-11,Central,Missouri,CE-02,CUST-01184,Home Office,Books,Non-Fiction,4,25.94,0.1,0.0,Credit Card,Online,Completed
ORD-105205,2023-11-12,South,Georgia,SO-04,CUST-00529,Consumer,Electronics,Laptops,3,739.55,0.05,12.99,Debit Card,Online,Completed
ORD-104609,2023-11-12,East,New York,EA-05,CUST-00022,Consumer,Home Goods,Furniture,5,249.58,0.0,0.0,Debit Card,In-Store,Completed
ORD-104822,2023-11-12,West,Oregon,WE-03,CUST-00765,Consumer,Electronics,Laptops,4,502.94,0.15,0.0,Credit Card,In-Store,Completed
ORD-100739,2023-11-12,East,New York,EA-03,CUST-00764,Consumer,Apparel,Women's Wear,3,66.02,0.1,12.99,PayPal,Online,Completed
ORD-100639,2023-11-12,East,New York,EA-02,CUST-00831,Consumer,Electronics,Smartphones,1,526.03,0.0,0.0,Credit Card,Online,Completed
ORD-104836,2023-11-12,West,Washington,WE-03,CUST-01473,Home Office,Books,Children's,2,22.99,0.0,4.99,Credit Card,Online,Completed
ORD-105135,2023-11-12,East,New York,EA-02,CUST-00670,Consumer,Apparel,Kids' Wear,3,53.9,0.0,0.0,Credit Card,In-Store,Completed
ORD-102624,2023-11-12,North,North Dakota,NO-03,CUST-01384,Corporate,Apparel,Women's Wear,4,70.12,0.0,4.99,PayPal,Online,Completed
ORD-104785,2023-11-12,West,Oregon,WE-02,CUST-00047,Corporate,Home Goods,Decor,2,391.27,0.0,7.99,Credit Card,Online,Completed
ORD-104250,2023-11-13,West,Oregon,WE-01,CUST-01524,Consumer,Electronics,Headphones,3,327.68,0.0,4.99,Debit Card,Online,Completed
ORD-105804,2023-11-13,West,California,WE-04,CUST-00303,Consumer,Beauty & Health,Personal Care,2,47.69,0.05,0.0,Credit Card,In-Store,Completed
ORD-103901,2023-11-14,East,New York,EA-02,CUST-01439,Consumer,Sporting Goods,Cycling,5,168.94,0.05,0.0,Credit Card,In-Store,Returned
ORD-100909,2023-11-14,East,New Jersey,EA-01,CUST-01587,Consumer,Books,Educational,5,7.02,0.1,0.0,Credit Card,Online,Completed
ORD-101498,2023-11-14,West,Washington,WE-05,CUST-01189,Consumer,Home Goods,Bedding,3,235.67,0.0,0.0,Credit Card,Online,Completed
ORD-103677,2023-11-14,West,Oregon,WE-05,CUST-00236,Consumer,Sporting Goods,Cycling,1,222.66,0.0,0.0,Credit Card,Online,Completed
ORD-102683,2023-11-14,West,Washington,WE-01,CUST-00177,Consumer,Apparel,Kids' Wear,4,20.76,0.0,0.0,Credit Card,In-Store,Completed
ORD-105035,2023-11-14,South,Florida,SO-04,CUST-00285,Corporate,Electronics,Cameras,3,330.9,0.15,12.99,Credit Card,Online,Returned
ORD-104163,2023-11-15,North,North Dakota,NO-05,CUST-00410,Home Office,Electronics,Headphones,3,327.45,0.0,0.0,PayPal,In-Store,Completed
ORD-101504,2023-11-15,North,Minnesota,NO-05,CUST-00677,Consumer,Home Goods,Kitchenware,5,134.37,0.1,7.99,Debit Card,Online,Completed
ORD-102089,2023-11-15,South,Texas,SO-03,CUST-01360,Consumer,Electronics,Smartphones,2,1024.83,0.0,0.0,PayPal,Online,Completed
ORD-102970,2023-11-15,South,Texas,SO-04,CUST-00881,Consumer,Electronics,Smart Home,1,286.31,0.2,7.99,Debit Card,Online,Completed
ORD-100521,2023-11-15,South,Georgia,SO-01,CUST-00088,Home Office,Electronics,Smart Home,2,491.83,0.2,0.0,PayPal,In-Store,Completed
ORD-101670,2023-11-15,South,Georgia,SO-02,CUST-01551,Home Office,Books,Children's,3,10.43,0.0,4.99,PayPal,Online,Completed
ORD-102199,2023-11-15,North,North Dakota,NO-03,CUST-00988,Consumer,Home Goods,Kitchenware,6,111.04,0.1,4.99,Credit Card,Online,Completed
ORD-103830,2023-11-16,East,New Jersey,EA-03,CUST-00835,Consumer,Books,Educational,7,32.27,0.0,0.0,Credit Card,In-Store,Returned
ORD-104334,2023-11-16,North,Wisconsin,NO-04,CUST-00183,Corporate,Apparel,Accessories,2,72.8,0.0,0.0,Credit Card,In-Store,Completed
ORD-104851,2023-11-16,North,Wisconsin,NO-04,CUST-00361,Consumer,Beauty & Health,Personal Care,4,20.7,0.0,12.99,Credit Card,Online,Completed
ORD-101819,2023-11-17,South,Florida,SO-03,CUST-00938,Home Office,Electronics,Laptops,2,327.16,0.0,0.0,Debit Card,In-Store,Completed
ORD-105755,2023-11-17,West,Oregon,WE-01,CUST-00500,Consumer,Books,Educational,3,11.8,0.0,0.0,Debit Card,In-Store,Completed
ORD-103357,2023-11-17,East,New Jersey,EA-01,CUST-01050,Consumer,Sporting Goods,Fitness Equipment,3,206.82,0.05,0.0,Gift Card,In-Store,Completed
ORD-104870,2023-11-17,East,Massachusetts,EA-04,CUST-01707,Home Office,Apparel,Kids' Wear,4,115.08,0.05,0.0,Debit Card,In-Store,Completed
ORD-104376,2023-11-17,West,Oregon,WE-02,CUST-00405,Consumer,Books,Fiction,3,13.66,0.0,0.0,PayPal,Online,Completed
ORD-104408,2023-11-17,South,Texas,SO-01,CUST-00596,Corporate,Electronics,Smart Home,2,724.54,0.0,0.0,PayPal,Online,Completed
ORD-102416,2023-11-18,North,North Dakota,NO-01,CUST-00902,Corporate,Home Goods,Storage,3,370.74,0.0,0.0,Credit Card,In-Store,Completed
ORD-100746,2023-11-18,North,Wisconsin,NO-04,CUST-01729,Consumer,Books,Educational,5,22.65,0.0,7.99,Credit Card,Online,Completed
ORD-102335,2023-11-18,East,Massachusetts,EA-04,CUST-00655,Consumer,Books,Comics,1,21.07,0.0,0.0,PayPal,In-Store,Completed
ORD-100955,2023-11-18,South,Texas,SO-01,CUST-00037,Consumer,Apparel,Accessories,3,41.28,0.15,0.0,Credit Card,In-Store,Completed
ORD-104338,2023-11-18,North,North Dakota,NO-03,CUST-01331,Home Office,Home Goods,Furniture,1,405.69,0.0,0.0,Credit Card,In-Store,Completed
ORD-104654,2023-11-18,East,Massachusetts,EA-03,CUST-01381,Consumer,Home Goods,Storage,3,590.52,0.0,12.99,Credit Card,Online,Completed
ORD-101963,2023-11-18,East,New Jersey,EA-01,CUST-00953,Home Office,Home Goods,Decor,4,337.51,0.15,0.0,Debit Card,In-Store,Completed
ORD-102436,2023-11-19,Central,Missouri,CE-05,CUST-00625,Consumer,Books,Educational,4,12.57,0.0,0.0,Credit Card,Online,Completed
ORD-100251,2023-11-19,West,California,WE-03,CUST-01599,Corporate,Books,Comics,4,8.33,0.25,0.0,Credit Card,Online,Completed
ORD-101076,2023-11-19,West,Washington,WE-03,CUST-00329,Home Office,Apparel,Accessories,2,51.17,0.0,4.99,PayPal,Online,Completed
ORD-102271,2023-11-19,Central,Ohio,CE-03,CUST-00922,Consumer,Apparel,Women's Wear,3,25.94,0.15,0.0,Credit Card,Online,Completed
ORD-103833,2023-11-19,South,Florida,SO-01,CUST-01725,Consumer,Home Goods,Decor,3,393.12,0.0,0.0,Cash,Online,Returned
ORD-102974,2023-11-19,Central,Ohio,CE-04,CUST-00522,Consumer,Books,Educational,2,13.34,0.0,0.0,Credit Card,In-Store,Completed
ORD-105370,2023-11-19,West,Oregon,WE-03,CUST-00564,Consumer,Home Goods,Kitchenware,4,269.39,0.1,0.0,Credit Card,In-Store,Returned
ORD-105551,2023-11-19,West,California,WE-01,CUST-01525,Consumer,Apparel,Women's Wear,5,17.32,0.15,0.0,Credit Card,In-Store,Completed
ORD-102629,2023-11-20,West,California,WE-02,CUST-01754,Corporate,Electronics,Cameras,2,622.8,0.15,0.0,Debit Card,In-Store,Completed
ORD-103517,2023-11-20,North,Wisconsin,NO-04,CUST-00853,Corporate,Electronics,Headphones,1,771.8,0.0,0.0,Credit Card,In-Store,Completed
ORD-104371,2023-11-20,East,New Jersey,EA-03,CUST-01124,Consumer,Apparel,Men's Wear,5,22.92,0.0,0.0,Credit Card,In-Store,Completed
ORD-100365,2023-11-20,Central,Ohio,CE-01,CUST-00710,Consumer,Home Goods,Storage,3,127.06,0.1,4.99,Gift Card,Online,Cancelled
ORD-105180,2023-11-20,Central,Ohio,CE-04,CUST-01202,Corporate,Home Goods,Furniture,3,292.12,0.2,0.0,PayPal,In-Store,Completed
ORD-102419,2023-11-20,Central,Illinois,CE-04,CUST-01746,Consumer,Home Goods,Decor,3,241.47,0.0,0.0,PayPal,Online,Completed
ORD-104894,2023-11-20,North,Wisconsin,NO-03,CUST-01596,Home Office,Home Goods,Bedding,3,214.71,0.05,4.99,Cash,Online,Completed
ORD-105198,2023-11-20,West,Washington,WE-02,CUST-00184,Consumer,Sporting Goods,Outdoor Gear,4,153.67,0.05,0.0,Credit Card,Online,Returned
ORD-103286,2023-11-20,East,Massachusetts,EA-03,CUST-01620,Consumer,Apparel,Footwear,3,46.67,0.0,4.99,Credit Card,Online,Completed
ORD-102493,2023-11-20,West,Oregon,WE-04,CUST-01591,Corporate,Beauty & Health,Haircare,5,23.93,0.0,0.0,Cash,Online,Completed
ORD-100177,2023-11-20,North,Wisconsin,NO-04,CUST-01465,Corporate,Sporting Goods,Footwear,4,392.82,0.25,7.99,Debit Card,Online,Completed
ORD-105415,2023-11-20,South,Florida,SO-02,CUST-00147,Consumer,Apparel,Men's Wear,3,54.38,0.0,0.0,Credit Card,Online,Completed
ORD-104263,2023-11-20,West,California,WE-03,CUST-00138,Consumer,Electronics,Laptops,2,358.08,0.0,0.0,Debit Card,In-Store,Completed
ORD-105250,2023-11-20,North,Wisconsin,NO-02,CUST-00406,Consumer,Apparel,Footwear,6,32.81,0.0,12.99,Credit Card,Online,Cancelled
ORD-103687,2023-11-20,North,Minnesota,NO-02,CUST-00875,Consumer,Electronics,Cameras,2,328.69,0.1,4.99,Cash,Online,Completed
ORD-104165,2023-11-21,East,New Jersey,EA-02,CUST-01198,Consumer,Electronics,Laptops,2,503.73,0.0,0.0,Debit Card,Online,Completed
ORD-103435,2023-11-21,Central,Ohio,CE-02,CUST-00387,Consumer,Books,Children's,3,30.47,0.0,4.99,Cash,Online,Completed
ORD-101488,2023-11-21,North,North Dakota,NO-05,CUST-00883,Corporate,Apparel,Kids' Wear,3,53.23,0.05,7.99,PayPal,Online,Completed
ORD-100360,2023-11-21,South,Texas,SO-04,CUST-00690,Consumer,Home Goods,Storage,3,430.31,0.15,0.0,Cash,In-Store,Completed
ORD-105307,2023-11-21,East,New York,EA-04,CUST-01323,Home Office,Sporting Goods,Fitness Equipment,5,500.0,0.2,0.0,PayPal,Online,Completed
ORD-100060,2023-11-21,South,Georgia,SO-05,CUST-01701,Consumer,Books,Non-Fiction,2,8.21,0.05,7.99,Credit Card,Online,Completed
ORD-105934,2023-11-21,West,California,WE-05,CUST-01531,Consumer,Books,Educational,3,27.74,0.0,0.0,Credit Card,In-Store,Completed
ORD-103292,2023-11-21,West,Oregon,WE-03,CUST-01011,Consumer,Beauty & Health,Personal Care,5,64.15,0.05,0.0,Credit Card,In-Store,Completed
ORD-100406,2023-11-21,North,North Dakota,NO-02,CUST-00398,Home Office,Electronics,Headphones,3,846.35,0.0,12.99,Credit Card,Online,Completed
ORD-102750,2023-11-21,North,Minnesota,NO-04,CUST-00930,Consumer,Apparel,Footwear,3,34.32,0.0,0.0,PayPal,Online,Completed
ORD-102435,2023-11-21,West,Washington,WE-05,CUST-00629,Consumer,Apparel,Kids' Wear,6,53.42,0.0,7.99,Debit Card,Online,Returned
ORD-100963,2023-11-21,East,Massachusetts,EA-05,CUST-01175,Consumer,Beauty & Health,Haircare,2,54.12,0.0,4.99,PayPal,Online,Completed
ORD-103961,2023-11-22,East,Massachusetts,EA-05,CUST-00486,Consumer,Apparel,Footwear,4,45.98,0.15,7.99,Credit Card,Online,Completed
ORD-105457,2023-11-22,East,New York,EA-03,CUST-01086,Consumer,Home Goods,Bedding,2,415.48,0.0,0.0,Credit Card,In-Store,Completed
ORD-104845,2023-11-22,North,Minnesota,NO-01,CUST-00385,Consumer,Home Goods,Decor,3,178.39,0.15,0.0,Gift Card,In-Store,Completed
ORD-103199,2023-11-22,South,Georgia,SO-05,CUST-01339,Corporate,Apparel,Accessories,4,129.71,0.0,0.0,Cash,In-Store,Completed
ORD-103258,2023-11-22,East,New York,EA-05,CUST-01551,Home Office,Electronics,Smart Home,4,571.8,0.0,0.0,Credit Card,In-Store,Completed
ORD-101581,2023-11-22,Central,Ohio,CE-03,CUST-01418,Consumer,Sporting Goods,Team Sports,2,87.37,0.0,0.0,Credit Card,Online,Completed
ORD-101381,2023-11-22,North,North Dakota,NO-01,CUST-00450,Consumer,Books,Non-Fiction,2,29.23,0.0,0.0,PayPal,In-Store,Completed
ORD-104011,2023-11-22,Central,Illinois,CE-01,CUST-00485,Corporate,Home Goods,Furniture,2,237.03,0.0,4.99,Credit Card,Online,Completed
ORD-103234,2023-11-22,North,North Dakota,NO-02,CUST-01271,Corporate,Electronics,Smart Home,3,268.67,0.25,7.99,Credit Card,Online,Completed
ORD-101266,2023-11-22,South,Georgia,SO-05,CUST-01340,Corporate,Apparel,Men's Wear,1,62.58,0.0,12.99,Credit Card,Online,Completed
ORD-102840,2023-11-22,Central,Missouri,CE-01,CUST-01519,Consumer,Apparel,Footwear,4,59.14,0.0,0.0,Credit Card,In-Store,Completed
ORD-101918,2023-11-22,Central,Illinois,CE-03,CUST-01796,Corporate,Home Goods,Decor,2,114.82,0.05,4.99,PayPal,Online,Completed
ORD-103679,2023-11-22,West,California,WE-04,CUST-00390,Corporate,Apparel,Women's Wear,3,47.24,0.0,0.0,Credit Card,Online,Completed
ORD-100566,2023-11-22,East,Massachusetts,EA-01,CUST-01415,Home Office,Beauty & Health,Personal Care,6,68.74,0.0,0.0,Credit Card,In-Store,Completed
ORD-104748,2023-11-22,North,Wisconsin,NO-03,CUST-00719,Consumer,Apparel,Footwear,2,38.37,0.0,0.0,Credit Card,In-Store,Completed
ORD-100736,2023-11-22,Central,Missouri,CE-04,CUST-01496,Corporate,Electronics,Smartphones,5,93.79,0.1,0.0,Cash,Online,Completed
ORD-104279,2023-11-22,South,Texas,SO-03,CUST-00931,Consumer,Home Goods,Bedding,3,254.63,0.0,0.0,Credit Card,In-Store,Completed
ORD-101769,2023-11-23,South,Georgia,SO-04,CUST-00498,Consumer,Electronics,Smartphones,2,883.78,0.0,0.0,PayPal,Online,Returned
ORD-104685,2023-11-23,East,New Jersey,EA-04,CUST-01199,Consumer,Electronics,Cameras,3,324.37,0.0,7.99,Credit Card,Online,Returned
ORD-101460,2023-11-23,North,Wisconsin,NO-03,CUST-00399,Consumer,Electronics,Smartphones,3,534.53,0.0,0.0,Debit Card,In-Store,Completed
ORD-105214,2023-11-23,East,New York,EA-03,CUST-00058,Consumer,Electronics,Laptops,3,468.47,0.25,4.99,Credit Card,Online,Completed
ORD-105000,2023-11-23,North,Wisconsin,NO-01,CUST-01258,Consumer,Sporting Goods,Fitness Equipment,4,417.86,0.1,4.99,Debit Card,Online,Completed
ORD-103943,2023-11-23,West,Washington,WE-03,CUST-01154,Home Office,Electronics,Cameras,2,226.22,0.0,4.99,Credit Card,Online,Completed
ORD-105398,2023-11-23,Central,Illinois,CE-05,CUST-01529,Consumer,Apparel,Women's Wear,2,38.12,0.0,0.0,Credit Card,In-Store,Completed
ORD-102671,2023-11-23,North,North Dakota,NO-02,CUST-00888,Consumer,Beauty & Health,Personal Care,2,19.68,0.05,4.99,Credit Card,Online,Completed
ORD-103915,2023-11-23,North,North Dakota,NO-04,CUST-01672,Corporate,Home Goods,Bedding,5,345.26,0.0,0.0,Debit Card,In-Store,Returned
ORD-104823,2023-11-23,North,Wisconsin,NO-02,CUST-01621,Consumer,Home Goods,Storage,3,160.39,0.0,0.0,Credit Card,Online,Completed
ORD-104950,2023-11-23,Central,Illinois,CE-02,CUST-01190,Consumer,Apparel,Kids' Wear,5,37.97,0.2,0.0,Debit Card,Online,Returned
ORD-102466,2023-11-23,West,California,WE-01,CUST-00160,Consumer,Home Goods,Kitchenware,1,108.57,0.0,0.0,Debit Card,In-Store,Completed
ORD-102929,2023-11-23,South,Texas,SO-05,CUST-00718,Corporate,Home Goods,Kitchenware,3,186.7,0.15,4.99,PayPal,Online,Completed
ORD-103997,2023-11-23,Central,Ohio,CE-01,CUST-01562,Consumer,Apparel,Women's Wear,3,12.54,0.0,0.0,Credit Card,In-Store,Completed
ORD-104425,2023-11-23,South,Georgia,SO-01,CUST-00756,Consumer,Home Goods,Kitchenware,5,214.53,0.0,7.99,Cash,Online,Completed
ORD-100227,2023-11-23,South,Texas,SO-04,CUST-01712,Corporate,Electronics,Laptops,3,498.0,0.0,0.0,Credit Card,In-Store,Completed
ORD-103870,2023-11-23,West,Washington,WE-03,CUST-01734,Home Office,Home Goods,Furniture,1,210.32,0.0,7.99,Credit Card,Online,Completed
ORD-102317,2023-11-23,West,Oregon,WE-05,CUST-01233,Consumer,Home Goods,Bedding,3,143.54,0.05,7.99,PayPal,Online,Completed
ORD-104586,2023-11-23,South,Texas,SO-01,CUST-00873,Home Office,Beauty & Health,Personal Care,2,57.66,0.0,7.99,Cash,Online,Completed
ORD-104026,2023-11-24,North,North Dakota,NO-01,CUST-01493,Consumer,Electronics,Cameras,6,679.27,0.0,0.0,Debit Card,Online,Completed
ORD-101658,2023-11-24,North,Wisconsin,NO-03,CUST-01415,Home Office,Apparel,Kids' Wear,3,60.87,0.0,12.99,Cash,Online,Completed
ORD-104465,2023-11-24,South,Florida,SO-05,CUST-00382,Home Office,Sporting Goods,Outdoor Gear,3,250.07,0.05,0.0,PayPal,Online,Completed
ORD-100572,2023-11-24,South,Texas,SO-05,CUST-00306,Corporate,Apparel,Accessories,2,63.97,0.1,4.99,Debit Card,Online,Completed
ORD-102305,2023-11-24,North,Minnesota,NO-05,CUST-00361,Consumer,Apparel,Men's Wear,3,54.41,0.15,4.99,Debit Card,Online,Completed
ORD-101226,2023-11-24,West,Washington,WE-01,CUST-00039,Home Office,Sporting Goods,Team Sports,4,482.98,0.2,7.99,Credit Card,Online,Completed
ORD-103048,2023-11-24,North,North Dakota,NO-05,CUST-01366,Home Office,Home Goods,Decor,5,574.06,0.0,0.0,Debit Card,In-Store,Completed
ORD-103969,2023-11-24,North,Minnesota,NO-01,CUST-00062,Home Office,Apparel,Women's Wear,2,134.44,0.1,0.0,Gift Card,Online,Completed
ORD-100677,2023-11-24,Central,Ohio,CE-01,CUST-00871,Consumer,Beauty & Health,Makeup,5,43.96,0.0,0.0,Credit Card,In-Store,Completed
ORD-102099,2023-11-24,South,Georgia,SO-04,CUST-00909,Consumer,Apparel,Footwear,4,96.05,0.1,0.0,Credit Card,Online,Completed
ORD-104294,2023-11-24,South,Texas,SO-04,CUST-01484,Consumer,Home Goods,Kitchenware,4,396.01,0.0,0.0,Debit Card,Online,Completed
ORD-102834,2023-11-24,South,Georgia,SO-01,CUST-00412,Consumer,Apparel,Footwear,3,23.43,0.0,0.0,Credit Card,In-Store,Completed
ORD-100893,2023-11-24,North,North Dakota,NO-05,CUST-00763,Consumer,Sporting Goods,Fitness Equipment,6,265.88,0.05,7.99,Gift Card,Online,Completed
ORD-101486,2023-11-24,East,New York,EA-04,CUST-01420,Consumer,Sporting Goods,Cycling,1,154.13,0.25,0.0,Credit Card,In-Store,Completed
ORD-102993,2023-11-24,East,New York,EA-05,CUST-00796,Corporate,Home Goods,Kitchenware,3,207.86,0.0,0.0,Credit Card,In-Store,Completed
ORD-101106,2023-11-24,North,Minnesota,NO-02,CUST-00330,Consumer,Apparel,Women's Wear,4,38.84,0.2,0.0,PayPal,In-Store,Completed
ORD-101290,2023-11-24,North,Minnesota,NO-01,CUST-01255,Consumer,Electronics,Headphones,1,542.41,0.0,0.0,Credit Card,In-Store,Returned
ORD-100773,2023-11-24,North,North Dakota,NO-01,CUST-01283,Consumer,Electronics,Laptops,3,280.65,0.1,0.0,Debit Card,In-Store,Completed
ORD-104241,2023-11-24,East,New York,EA-04,CUST-00320,Home Office,Apparel,Footwear,4,62.96,0.0,4.99,Credit Card,Online,Completed
ORD-104373,2023-11-24,North,North Dakota,NO-01,CUST-00100,Consumer,Books,Educational,3,12.34,0.0,12.99,PayPal,Online,Completed
ORD-101505,2023-11-25,Central,Missouri,CE-04,CUST-01684,Consumer,Home Goods,Decor,3,318.35,0.0,4.99,Credit Card,Online,Returned
ORD-104544,2023-11-25,East,New York,EA-02,CUST-00222,Home Office,Books,Children's,2,24.64,0.1,0.0,PayPal,In-Store,Completed
ORD-104443,2023-11-25,South,Texas,SO-04,CUST-00467,Consumer,Apparel,Men's Wear,4,91.7,0.05,0.0,Cash,Online,Completed
ORD-100787,2023-11-25,South,Texas,SO-05,CUST-01537,Consumer,Electronics,Cameras,6,193.36,0.0,0.0,Cash,Online,Completed
ORD-104259,2023-11-25,West,Washington,WE-03,CUST-01324,Consumer,Electronics,Laptops,4,716.14,0.0,0.0,Debit Card,In-Store,Cancelled
ORD-103921,2023-11-25,West,Oregon,WE-01,CUST-01429,Corporate,Electronics,Headphones,3,84.89,0.05,7.99,Credit Card,Online,Completed
ORD-100864,2023-11-25,South,Florida,SO-01,CUST-01606,Consumer,Home Goods,Bedding,4,210.4,0.05,4.99,Credit Card,Online,Completed
ORD-102724,2023-11-25,Central,Missouri,CE-01,CUST-00035,Corporate,Home Goods,Furniture,2,182.74,0.15,0.0,Debit Card,In-Store,Completed
ORD-100344,2023-11-25,West,California,WE-04,CUST-01742,Home Office,Sporting Goods,Outdoor Gear,5,192.49,0.0,0.0,Credit Card,In-Store,Completed
ORD-105960,2023-11-25,East,Massachusetts,EA-05,CUST-00770,Consumer,Beauty & Health,Haircare,2,57.89,0.0,0.0,Credit Card,Online,Completed
ORD-100817,2023-11-25,Central,Illinois,CE-03,CUST-00136,Corporate,Books,Fiction,6,12.11,0.05,0.0,Cash,In-Store,Completed
ORD-101636,2023-11-25,West,Washington,WE-05,CUST-00107,Consumer,Electronics,Headphones,4,505.68,0.25,7.99,PayPal,Online,Completed
ORD-103780,2023-11-25,South,Texas,SO-03,CUST-01216,Consumer,Books,Non-Fiction,3,15.61,0.05,0.0,Credit Card,In-Store,Completed
ORD-103651,2023-11-25,East,Massachusetts,EA-02,CUST-00815,Corporate,Electronics,Smartphones,7,1070.85,0.0,0.0,Debit Card,In-Store,Completed
ORD-105224,2023-11-25,Central,Missouri,CE-02,CUST-00863,Consumer,Electronics,Cameras,4,551.92,0.0,0.0,Debit Card,In-Store,Completed
ORD-103092,2023-11-25,North,Wisconsin,NO-03,CUST-01233,Corporate,Electronics,Headphones,3,225.3,0.15,7.99,Debit Card,Online,Completed
ORD-101692,2023-11-25,Central,Illinois,CE-04,CUST-01274,Consumer,Electronics,Cameras,4,980.73,0.0,7.99,Debit Card,Online,Completed
ORD-100823,2023-11-25,South,Texas,SO-02,CUST-01690,Consumer,Books,Non-Fiction,2,30.03,0.0,4.99,Credit Card,Online,Completed
ORD-102459,2023-11-26,North,Minnesota,NO-03,CUST-00171,Consumer,Electronics,Laptops,3,513.25,0.0,0.0,Credit Card,In-Store,Completed
ORD-101891,2023-11-26,North,Minnesota,NO-02,CUST-00188,Consumer,Books,Non-Fiction,4,20.46,0.0,0.0,Credit Card,In-Store,Completed
ORD-104276,2023-11-26,East,Massachusetts,EA-04,CUST-01330,Consumer,Books,Educational,1,13.27,0.0,4.99,Debit Card,Online,Completed
ORD-103748,2023-11-26,West,Washington,WE-03,CUST-01427,Home Office,Electronics,Smartphones,4,301.64,0.0,0.0,Credit Card,In-Store,Completed
ORD-102564,2023-11-26,West,Oregon,WE-04,CUST-00557,Corporate,Electronics,Cameras,3,218.23,0.05,0.0,Gift Card,Online,Completed
ORD-103858,2023-11-26,North,North Dakota,NO-02,CUST-00674,Consumer,Beauty & Health,Skincare,1,24.37,0.1,12.99,Credit Card,Online,Returned
ORD-104180,2023-11-26,Central,Illinois,CE-02,CUST-00671,Consumer,Apparel,Women's Wear,6,114.82,0.05,0.0,Debit Card,Online,Completed
ORD-104952,2023-11-26,North,Wisconsin,NO-03,CUST-01073,Consumer,Books,Educational,3,20.11,0.05,7.99,Debit Card,Online,Cancelled
ORD-101677,2023-11-26,East,Massachusetts,EA-04,CUST-00164,Consumer,Home Goods,Bedding,4,265.71,0.05,0.0,Credit Card,In-Store,Cancelled
ORD-101057,2023-11-26,North,Minnesota,NO-02,CUST-00764,Corporate,Home Goods,Decor,6,106.88,0.25,12.99,Credit Card,Online,Completed
ORD-103479,2023-11-26,East,Massachusetts,EA-02,CUST-00745,Consumer,Home Goods,Kitchenware,1,139.09,0.0,0.0,Debit Card,In-Store,Completed
ORD-104460,2023-11-26,North,Wisconsin,NO-03,CUST-01416,Corporate,Home Goods,Bedding,4,343.34,0.0,0.0,Debit Card,In-Store,Completed
ORD-104771,2023-11-26,North,Wisconsin,NO-05,CUST-01019,Consumer,Home Goods,Furniture,8,202.63,0.0,0.0,Credit Card,In-Store,Completed
ORD-103889,2023-11-26,West,Oregon,WE-05,CUST-01183,Consumer,Apparel,Accessories,2,18.07,0.0,0.0,Cash,In-Store,Completed
ORD-104147,2023-11-26,Central,Missouri,CE-04,CUST-01072,Consumer,Electronics,Smartphones,3,275.03,0.0,0.0,PayPal,In-Store,Completed
ORD-101473,2023-11-26,Central,Missouri,CE-02,CUST-01568,Corporate,Apparel,Accessories,2,32.56,0.05,0.0,Credit Card,Online,Completed
ORD-103043,2023-11-26,North,Minnesota,NO-03,CUST-00285,Home Office,Home Goods,Bedding,2,317.68,0.15,7.99,Debit Card,Online,Completed
ORD-100555,2023-11-26,West,Oregon,WE-03,CUST-01063,Corporate,Apparel,Kids' Wear,2,54.85,0.05,12.99,Credit Card,Online,Completed
ORD-104318,2023-11-27,South,Florida,SO-02,CUST-00493,Corporate,Home Goods,Bedding,2,197.99,0.0,4.99,Gift Card,Online,Completed
ORD-105910,2023-11-27,East,Massachusetts,EA-04,CUST-00113,Consumer,Electronics,Smartphones,3,451.23,0.1,0.0,Credit Card,Online,Completed
ORD-104598,2023-11-27,North,North Dakota,NO-02,CUST-01265,Consumer,Apparel,Kids' Wear,5,47.33,0.05,0.0,Credit Card,In-Store,Completed
ORD-104117,2023-11-27,East,New York,EA-01,CUST-00655,Consumer,Electronics,Headphones,5,947.26,0.0,0.0,PayPal,In-Store,Completed
ORD-103017,2023-11-27,South,Georgia,SO-04,CUST-00443,Corporate,Apparel,Footwear,3,49.21,0.2,0.0,Debit Card,In-Store,Completed
ORD-105781,2023-11-27,South,Georgia,SO-05,CUST-00088,Consumer,Home Goods,Bedding,1,155.07,0.1,7.99,Credit Card,Online,Returned
ORD-101587,2023-11-27,West,California,WE-01,CUST-01423,Corporate,Home Goods,Storage,4,176.58,0.0,4.99,Debit Card,Online,Returned
ORD-105322,2023-11-27,West,Washington,WE-04,CUST-00110,Home Office,Electronics,Headphones,5,960.55,0.05,0.0,PayPal,In-Store,Completed
ORD-102689,2023-11-27,South,Florida,SO-04,CUST-01001,Corporate,Apparel,Footwear,6,49.8,0.0,0.0,Credit Card,In-Store,Completed
ORD-105962,2023-11-27,South,Florida,SO-05,CUST-00594,Consumer,Electronics,Smart Home,3,913.88,0.1,0.0,PayPal,Online,Completed
ORD-105144,2023-11-27,West,Oregon,WE-05,CUST-00483,Consumer,Electronics,Smartphones,4,496.83,0.15,7.99,Credit Card,Online,Completed
ORD-105697,2023-11-27,East,New York,EA-02,CUST-01651,Consumer,Books,Fiction,3,10.78,0.1,12.99,Credit Card,Online,Completed
ORD-105355,2023-11-27,East,Massachusetts,EA-01,CUST-00975,Home Office,Books,Educational,4,10.76,0.15,4.99,Credit Card,Online,Completed
ORD-102570,2023-11-27,South,Georgia,SO-05,CUST-00305,Consumer,Apparel,Kids' Wear,4,36.47,0.05,0.0,Credit Card,Online,Completed
ORD-100316,2023-11-28,South,Georgia,SO-03,CUST-00775,Consumer,Apparel,Women's Wear,4,55.93,0.0,0.0,Credit Card,Online,Completed
ORD-101467,2023-11-28,East,New Jersey,EA-05,CUST-00367,Consumer,Books,Non-Fiction,3,38.58,0.0,7.99,Credit Card,Online,Completed
ORD-102548,2023-11-28,Central,Ohio,CE-01,CUST-00288,Corporate,Apparel,Women's Wear,4,51.7,0.0,0.0,Debit Card,In-Store,Completed
ORD-103086,2023-11-28,East,New York,EA-01,CUST-00256,Consumer,Home Goods,Storage,5,188.4,0.1,4.99,Credit Card,Online,Completed
ORD-102499,2023-11-28,South,Georgia,SO-02,CUST-01029,Consumer,Sporting Goods,Cycling,1,281.81,0.0,0.0,Credit Card,Online,Completed
ORD-103584,2023-11-28,Central,Ohio,CE-03,CUST-01102,Corporate,Apparel,Footwear,1,41.41,0.15,12.99,PayPal,Online,Completed
ORD-104674,2023-11-28,South,Georgia,SO-05,CUST-01082,Corporate,Electronics,Smart Home,2,995.75,0.1,4.99,Credit Card,Online,Completed
ORD-102547,2023-11-28,Central,Missouri,CE-02,CUST-00499,Consumer,Apparel,Men's Wear,5,34.45,0.0,7.99,Credit Card,Online,Completed
ORD-101127,2023-11-28,West,Oregon,WE-04,CUST-00842,Corporate,Apparel,Kids' Wear,2,52.73,0.0,12.99,Credit Card,Online,Completed
ORD-104007,2023-11-28,North,Wisconsin,NO-04,CUST-01116,Consumer,Home Goods,Kitchenware,3,239.36,0.25,12.99,PayPal,Online,Completed
ORD-105854,2023-11-28,East,New York,EA-01,CUST-01265,Consumer,Apparel,Accessories,1,63.41,0.0,7.99,Credit Card,Online,Completed
ORD-104515,2023-11-28,South,Florida,SO-03,CUST-00458,Consumer,Apparel,Kids' Wear,2,55.38,0.0,4.99,Credit Card,Online,Completed
ORD-103843,2023-11-28,South,Texas,SO-01,CUST-00172,Consumer,Electronics,Smart Home,3,973.76,0.15,0.0,Debit Card,In-Store,Completed
ORD-100873,2023-11-28,Central,Missouri,CE-03,CUST-00037,Consumer,Apparel,Footwear,5,29.82,0.15,0.0,Credit Card,In-Store,Completed
ORD-104044,2023-11-29,West,Washington,WE-05,CUST-00873,Consumer,Apparel,Kids' Wear,5,69.12,0.0,4.99,PayPal,Online,Returned
ORD-105475,2023-11-29,North,Wisconsin,NO-05,CUST-00376,Consumer,Apparel,Accessories,4,27.0,0.0,4.99,Debit Card,Online,Completed
ORD-100674,2023-11-29,Central,Ohio,CE-04,CUST-00543,Corporate,Home Goods,Furniture,3,335.86,0.05,0.0,Gift Card,In-Store,Completed
ORD-100106,2023-11-29,South,Florida,SO-03,CUST-01057,Consumer,Beauty & Health,Skincare,6,48.24,0.0,0.0,Credit Card,In-Store,Completed
ORD-102887,2023-11-29,West,Washington,WE-02,CUST-00328,Corporate,Apparel,Kids' Wear,7,31.43,0.15,0.0,Credit Card,In-Store,Completed
ORD-101961,2023-11-29,South,Georgia,SO-05,CUST-00623,Corporate,Home Goods,Storage,3,172.23,0.2,0.0,Credit Card,In-Store,Completed
ORD-104414,2023-11-29,East,Massachusetts,EA-04,CUST-01428,Home Office,Apparel,Kids' Wear,3,39.28,0.0,0.0,Credit Card,In-Store,Completed
ORD-104020,2023-11-29,North,Minnesota,NO-01,CUST-00889,Consumer,Apparel,Kids' Wear,3,36.39,0.2,12.99,Credit Card,Online,Returned
ORD-101557,2023-11-29,East,New York,EA-04,CUST-00139,Consumer,Sporting Goods,Team Sports,7,157.67,0.25,4.99,Credit Card,Online,Completed
ORD-104444,2023-11-29,East,New York,EA-04,CUST-00568,Consumer,Apparel,Men's Wear,2,43.66,0.0,7.99,Credit Card,Online,Completed
ORD-105940,2023-11-29,West,California,WE-05,CUST-01266,Consumer,Apparel,Women's Wear,3,49.64,0.15,7.99,Cash,Online,Completed
ORD-103747,2023-11-29,East,Massachusetts,EA-01,CUST-01015,Consumer,Apparel,Accessories,3,72.79,0.2,0.0,PayPal,In-Store,Returned
ORD-101229,2023-11-29,Central,Missouri,CE-04,CUST-01466,Consumer,Apparel,Accessories,4,33.81,0.0,4.99,Debit Card,Online,Completed
ORD-104576,2023-11-29,East,New Jersey,EA-02,CUST-00559,Consumer,Home Goods,Bedding,3,418.48,0.1,0.0,Debit Card,Online,Completed
ORD-100913,2023-11-29,South,Georgia,SO-05,CUST-00380,Corporate,Apparel,Women's Wear,2,65.87,0.0,4.99,Debit Card,Online,Completed
ORD-102402,2023-11-29,North,North Dakota,NO-05,CUST-00112,Home Office,Books,Comics,2,10.21,0.0,4.99,PayPal,Online,Completed
ORD-105233,2023-11-29,South,Texas,SO-05,CUST-00026,Consumer,Books,Children's,3,11.48,0.05,0.0,Credit Card,In-Store,Completed
ORD-103169,2023-11-29,East,New Jersey,EA-03,CUST-01283,Consumer,Books,Comics,4,11.77,0.15,0.0,Credit Card,In-Store,Completed
ORD-103410,2023-11-29,North,Wisconsin,NO-01,CUST-01545,Consumer,Home Goods,Kitchenware,2,193.3,0.0,7.99,Gift Card,Online,Completed
ORD-102015,2023-11-29,Central,Illinois,CE-01,CUST-01431,Corporate,Home Goods,Kitchenware,2,167.6,0.0,7.99,Gift Card,Online,Returned
ORD-105453,2023-11-29,North,North Dakota,NO-03,CUST-01281,Corporate,Apparel,Women's Wear,2,32.38,0.0,7.99,Debit Card,Online,Completed
ORD-102319,2023-11-29,South,Georgia,SO-03,CUST-00469,Consumer,Apparel,Kids' Wear,3,63.03,0.0,4.99,Credit Card,Online,Completed
ORD-105837,2023-11-29,North,Wisconsin,NO-03,CUST-00123,Consumer,Electronics,Cameras,2,469.46,0.0,0.0,Gift Card,In-Store,Completed
ORD-105423,2023-11-29,East,New York,EA-01,CUST-01250,Consumer,Electronics,Smartphones,3,863.84,0.05,0.0,PayPal,Online,Completed
ORD-100713,2023-11-30,North,Wisconsin,NO-01,CUST-01473,Consumer,Electronics,Headphones,3,380.83,0.15,4.99,PayPal,Online,Completed
ORD-100391,2023-11-30,Central,Missouri,CE-01,CUST-01777,Consumer,Beauty & Health,Haircare,3,21.32,0.0,0.0,PayPal,In-Store,Completed
ORD-104244,2023-11-30,South,Florida,SO-03,CUST-01583,Consumer,Apparel,Footwear,3,64.61,0.0,0.0,PayPal,In-Store,Completed
ORD-103866,2023-11-30,Central,Missouri,CE-02,CUST-00254,Consumer,Apparel,Men's Wear,2,33.78,0.0,0.0,Cash,In-Store,Completed
ORD-101534,2023-11-30,West,California,WE-01,CUST-01753,Consumer,Apparel,Accessories,4,63.93,0.0,0.0,Credit Card,In-Store,Completed
ORD-102687,2023-11-30,North,Minnesota,NO-04,CUST-01788,Consumer,Home Goods,Decor,4,216.85,0.0,7.99,Credit Card,Online,Completed
ORD-102057,2023-11-30,East,New York,EA-05,CUST-00310,Consumer,Sporting Goods,Team Sports,4,382.12,0.25,0.0,Credit Card,In-Store,Completed
ORD-104837,2023-11-30,West,Oregon,WE-02,CUST-00667,Corporate,Apparel,Accessories,3,43.96,0.0,0.0,Debit Card,Online,Completed
ORD-101919,2023-11-30,North,North Dakota,NO-05,CUST-00303,Corporate,Electronics,Smartphones,2,656.54,0.05,0.0,PayPal,Online,Completed
ORD-103247,2023-11-30,West,Washington,WE-03,CUST-00763,Consumer,Home Goods,Decor,3,76.03,0.0,7.99,Debit Card,Online,Completed
ORD-105874,2023-12-01,North,Minnesota,NO-05,CUST-00820,Corporate,Home Goods,Bedding,2,424.55,0.0,4.99,Credit Card,Online,Completed
ORD-104352,2023-12-01,East,New York,EA-01,CUST-01296,Consumer,Apparel,Footwear,2,82.36,0.1,0.0,Cash,In-Store,Completed
ORD-104458,2023-12-01,South,Texas,SO-02,CUST-00717,Home Office,Electronics,Headphones,2,497.21,0.0,0.0,Gift Card,Online,Completed
ORD-102655,2023-12-01,North,Minnesota,NO-01,CUST-01661,Corporate,Apparel,Men's Wear,2,136.79,0.0,7.99,Gift Card,Online,Completed
ORD-100526,2023-12-01,North,Minnesota,NO-01,CUST-01392,Consumer,Beauty & Health,Personal Care,5,24.38,0.25,0.0,PayPal,In-Store,Returned
ORD-104416,2023-12-01,North,North Dakota,NO-03,CUST-01096,Consumer,Apparel,Men's Wear,2,45.55,0.05,0.0,PayPal,In-Store,Completed
ORD-104704,2023-12-01,Central,Illinois,CE-01,CUST-01297,Consumer,Apparel,Men's Wear,5,96.88,0.0,0.0,PayPal,Online,Completed
ORD-103240,2023-12-01,West,California,WE-01,CUST-00856,Corporate,Home Goods,Storage,2,141.99,0.0,0.0,Debit Card,Online,Completed
ORD-100845,2023-12-01,South,Texas,SO-02,CUST-00743,Consumer,Home Goods,Decor,3,152.49,0.0,0.0,PayPal,In-Store,Completed
ORD-101739,2023-12-01,West,California,WE-05,CUST-01410,Consumer,Home Goods,Furniture,1,249.07,0.15,0.0,PayPal,In-Store,Completed
ORD-105809,2023-12-01,South,Georgia,SO-02,CUST-00117,Corporate,Apparel,Accessories,4,83.08,0.15,0.0,Cash,In-Store,Completed
ORD-101744,2023-12-01,West,Oregon,WE-04,CUST-01787,Consumer,Electronics,Laptops,2,183.23,0.0,4.99,Debit Card,Online,Completed
ORD-102903,2023-12-01,South,Florida,SO-04,CUST-00084,Consumer,Home Goods,Bedding,4,401.39,0.0,7.99,Debit Card,Online,Completed
ORD-104262,2023-12-01,East,New Jersey,EA-03,CUST-00711,Consumer,Books,Fiction,6,42.69,0.0,0.0,Cash,In-Store,Completed
ORD-102873,2023-12-02,North,Minnesota,NO-02,CUST-00187,Consumer,Apparel,Men's Wear,6,47.37,0.05,0.0,Credit Card,In-Store,Returned
ORD-103936,2023-12-02,North,Wisconsin,NO-04,CUST-00859,Corporate,Apparel,Accessories,4,59.71,0.0,0.0,Credit Card,Online,Completed
ORD-100511,2023-12-02,Central,Ohio,CE-03,CUST-00844,Consumer,Apparel,Men's Wear,4,85.04,0.0,0.0,Debit Card,In-Store,Completed
ORD-105840,2023-12-02,Central,Ohio,CE-04,CUST-00885,Consumer,Apparel,Kids' Wear,5,65.93,0.25,0.0,Credit Card,Online,Completed
ORD-102123,2023-12-02,South,Georgia,SO-04,CUST-01057,Corporate,Apparel,Women's Wear,1,38.3,0.15,4.99,Credit Card,Online,Returned
ORD-103939,2023-12-02,South,Florida,SO-02,CUST-00203,Consumer,Home Goods,Furniture,4,282.4,0.05,0.0,Credit Card,In-Store,Completed
ORD-101224,2023-12-02,West,California,WE-05,CUST-01670,Consumer,Electronics,Laptops,5,236.84,0.0,7.99,Credit Card,Online,Completed
ORD-103563,2023-12-02,Central,Ohio,CE-03,CUST-00817,Consumer,Home Goods,Storage,5,210.44,0.0,0.0,Credit Card,In-Store,Completed
ORD-103262,2023-12-02,South,Florida,SO-05,CUST-01324,Consumer,Apparel,Accessories,1,44.93,0.0,4.99,PayPal,Online,Completed
ORD-100130,2023-12-02,Central,Missouri,CE-02,CUST-01718,Consumer,Electronics,Cameras,3,534.21,0.0,0.0,Credit Card,In-Store,Completed
ORD-100328,2023-12-02,Central,Missouri,CE-05,CUST-01321,Corporate,Apparel,Women's Wear,3,101.77,0.0,0.0,Cash,In-Store,Completed
ORD-104450,2023-12-02,South,Florida,SO-02,CUST-01505,Consumer,Apparel,Kids' Wear,4,22.38,0.0,0.0,Debit Card,In-Store,Completed
ORD-104499,2023-12-02,Central,Ohio,CE-04,CUST-00784,Consumer,Electronics,Smart Home,2,1119.49,0.25,0.0,Debit Card,In-Store,Completed
ORD-103850,2023-12-02,South,Georgia,SO-02,CUST-01329,Corporate,Sporting Goods,Outdoor Gear,6,299.55,0.05,0.0,Credit Card,In-Store,Completed
ORD-105231,2023-12-02,North,Minnesota,NO-04,CUST-00026,Consumer,Apparel,Footwear,4,55.4,0.0,0.0,Credit Card,Online,Completed
ORD-105258,2023-12-02,East,New Jersey,EA-04,CUST-00428,Consumer,Books,Non-Fiction,1,17.06,0.05,4.99,Debit Card,Online,Completed
ORD-104476,2023-12-02,East,New Jersey,EA-03,CUST-00623,Consumer,Electronics,Cameras,5,436.53,0.15,0.0,Credit Card,In-Store,Completed
ORD-104784,2023-12-02,North,Wisconsin,NO-04,CUST-00283,Consumer,Beauty & Health,Personal Care,4,34.06,0.0,0.0,PayPal,In-Store,Completed
ORD-102339,2023-12-02,Central,Ohio,CE-05,CUST-00426,Corporate,Books,Educational,3,26.71,0.0,0.0,Cash,In-Store,Completed
ORD-100835,2023-12-02,West,Oregon,WE-04,CUST-01391,Consumer,Beauty & Health,Makeup,3,82.29,0.0,4.99,PayPal,Online,Completed
ORD-101082,2023-12-02,East,New York,EA-03,CUST-01639,Consumer,Apparel,Kids' Wear,7,27.56,0.25,0.0,Debit Card,In-Store,Completed
ORD-104723,2023-12-02,South,Texas,SO-03,CUST-01692,Corporate,Home Goods,Decor,2,206.76,0.0,0.0,Credit Card,In-Store,Completed
ORD-103957,2023-12-02,North,Wisconsin,NO-03,CUST-00384,Consumer,Apparel,Accessories,3,25.73,0.15,0.0,Credit Card,In-Store,Completed
ORD-103031,2023-12-02,South,Georgia,SO-04,CUST-01397,Consumer,Books,Non-Fiction,4,26.16,0.1,0.0,Credit Card,In-Store,Completed
ORD-105913,2023-12-02,East,New Jersey,EA-01,CUST-00859,Consumer,Home Goods,Bedding,4,204.28,0.0,4.99,Credit Card,Online,Completed
ORD-100954,2023-12-02,East,New York,EA-02,CUST-01290,Home Office,Beauty & Health,Personal Care,3,67.7,0.0,0.0,Credit Card,In-Store,Completed
ORD-101063,2023-12-02,East,New Jersey,EA-05,CUST-00259,Consumer,Electronics,Smart Home,7,348.54,0.0,4.99,Debit Card,Online,Completed
ORD-102024,2023-12-02,Central,Ohio,CE-03,CUST-00872,Home Office,Electronics,Smart Home,3,338.3,0.0,7.99,Debit Card,Online,Completed
ORD-103875,2023-12-02,East,New York,EA-03,CUST-01119,Consumer,Electronics,Cameras,2,558.23,0.1,12.99,Credit Card,Online,Returned
ORD-104710,2023-12-02,Central,Illinois,CE-03,CUST-00781,Consumer,Home Goods,Decor,3,148.57,0.0,0.0,Credit Card,Online,Completed
ORD-101357,2023-12-03,Central,Illinois,CE-02,CUST-01151,Consumer,Books,Fiction,1,20.08,0.0,0.0,Credit Card,In-Store,Completed
ORD-103489,2023-12-03,Central,Missouri,CE-02,CUST-01275,Consumer,Apparel,Footwear,4,47.17,0.05,4.99,Credit Card,Online,Completed
ORD-105614,2023-12-03,East,Massachusetts,EA-05,CUST-00085,Home Office,Apparel,Accessories,3,41.14,0.0,0.0,Cash,In-Store,Returned
ORD-100452,2023-12-03,North,Wisconsin,NO-02,CUST-00207,Consumer,Electronics,Smart Home,4,400.93,0.15,0.0,Debit Card,In-Store,Completed
ORD-102202,2023-12-03,West,California,WE-02,CUST-00596,Consumer,Books,Educational,5,21.38,0.0,4.99,Debit Card,Online,Completed
ORD-105098,2023-12-03,Central,Illinois,CE-04,CUST-01452,Home Office,Books,Non-Fiction,5,6.0,0.0,7.99,Credit Card,Online,Completed
ORD-102361,2023-12-03,South,Texas,SO-01,CUST-00818,Consumer,Home Goods,Furniture,4,189.86,0.2,0.0,Credit Card,Online,Returned
ORD-105241,2023-12-03,Central,Ohio,CE-02,CUST-00453,Consumer,Books,Non-Fiction,8,24.27,0.0,12.99,Credit Card,Online,Returned
ORD-101565,2023-12-03,North,Minnesota,NO-01,CUST-01197,Home Office,Electronics,Cameras,3,502.21,0.0,0.0,Credit Card,In-Store,Completed
ORD-101957,2023-12-03,South,Texas,SO-03,CUST-00191,Corporate,Apparel,Accessories,2,55.61,0.0,0.0,Credit Card,Online,Completed
ORD-104705,2023-12-03,South,Texas,SO-03,CUST-00933,Home Office,Apparel,Women's Wear,4,54.28,0.1,0.0,Debit Card,In-Store,Completed
ORD-102318,2023-12-03,South,Florida,SO-03,CUST-00654,Consumer,Home Goods,Furniture,3,658.22,0.0,12.99,Credit Card,Online,Cancelled
ORD-103046,2023-12-03,South,Texas,SO-04,CUST-00097,Home Office,Apparel,Men's Wear,7,46.67,0.25,12.99,Cash,Online,Completed
ORD-102918,2023-12-03,South,Georgia,SO-01,CUST-01310,Consumer,Home Goods,Kitchenware,4,110.98,0.0,7.99,Credit Card,Online,Returned
ORD-100804,2023-12-03,South,Georgia,SO-04,CUST-01654,Consumer,Books,Fiction,5,22.07,0.0,4.99,Credit Card,Online,Completed
ORD-101064,2023-12-03,Central,Missouri,CE-05,CUST-01791,Consumer,Electronics,Cameras,4,390.65,0.0,4.99,Credit Card,Online,Returned
ORD-104930,2023-12-03,Central,Illinois,CE-03,CUST-01277,Home Office,Apparel,Women's Wear,3,14.37,0.25,0.0,PayPal,Online,Completed
ORD-105863,2023-12-03,South,Florida,SO-02,CUST-01368,Consumer,Apparel,Men's Wear,1,150.0,0.0,0.0,PayPal,In-Store,Completed
ORD-105721,2023-12-03,West,Washington,WE-05,CUST-01412,Consumer,Books,Fiction,4,18.55,0.0,0.0,Credit Card,In-Store,Completed
ORD-100904,2023-12-03,South,Florida,SO-03,CUST-00720,Consumer,Beauty & Health,Haircare,2,34.48,0.25,4.99,Cash,Online,Completed
ORD-101210,2023-12-04,West,California,WE-03,CUST-01665,Consumer,Books,Fiction,4,12.05,0.0,0.0,PayPal,Online,Completed
ORD-102898,2023-12-04,West,California,WE-03,CUST-01060,Consumer,Home Goods,Bedding,4,158.05,0.1,4.99,Credit Card,Online,Completed
ORD-104101,2023-12-04,South,Texas,SO-04,CUST-01719,Consumer,Apparel,Accessories,4,46.93,0.05,0.0,Gift Card,Online,Completed
ORD-103979,2023-12-04,South,Texas,SO-04,CUST-00886,Corporate,Home Goods,Furniture,3,229.21,0.0,12.99,Cash,Online,Completed
ORD-105586,2023-12-04,Central,Ohio,CE-02,CUST-01537,Consumer,Sporting Goods,Footwear,1,325.6,0.0,4.99,PayPal,Online,Completed
ORD-104969,2023-12-04,East,Massachusetts,EA-03,CUST-00236,Consumer,Books,Educational,3,18.87,0.0,0.0,Credit Card,Online,Completed
ORD-100924,2023-12-04,South,Georgia,SO-03,CUST-00679,Consumer,Apparel,Kids' Wear,2,90.43,0.0,0.0,Debit Card,Online,Completed
ORD-101345,2023-12-04,Central,Missouri,CE-02,CUST-00670,Consumer,Beauty & Health,Haircare,3,69.78,0.1,0.0,Credit Card,In-Store,Completed
ORD-104536,2023-12-04,West,Washington,WE-03,CUST-01191,Consumer,Books,Comics,3,21.84,0.15,0.0,PayPal,In-Store,Completed
ORD-100125,2023-12-04,South,Georgia,SO-04,CUST-00639,Consumer,Apparel,Accessories,4,50.69,0.0,4.99,Credit Card,Online,Completed
ORD-100691,2023-12-04,South,Georgia,SO-04,CUST-01211,Consumer,Sporting Goods,Team Sports,4,172.65,0.0,0.0,PayPal,Online,Completed
ORD-103351,2023-12-04,South,Texas,SO-05,CUST-00685,Consumer,Sporting Goods,Fitness Equipment,3,175.15,0.0,0.0,Debit Card,In-Store,Completed
ORD-101733,2023-12-04,Central,Missouri,CE-05,CUST-00102,Consumer,Sporting Goods,Footwear,8,141.73,0.05,4.99,PayPal,Online,Completed
ORD-105170,2023-12-04,East,New York,EA-05,CUST-01500,Corporate,Apparel,Men's Wear,5,33.53,0.0,0.0,Cash,In-Store,Completed
ORD-103758,2023-12-05,North,North Dakota,NO-03,CUST-01616,Consumer,Home Goods,Decor,3,99.51,0.15,4.99,Credit Card,Online,Completed
ORD-100397,2023-12-05,East,Massachusetts,EA-01,CUST-00482,Corporate,Books,Comics,4,36.82,0.05,0.0,PayPal,In-Store,Completed
ORD-104525,2023-12-05,Central,Ohio,CE-02,CUST-01758,Consumer,Apparel,Kids' Wear,5,82.52,0.0,0.0,Gift Card,In-Store,Completed
ORD-103647,2023-12-05,West,Washington,WE-01,CUST-01463,Consumer,Home Goods,Storage,1,287.91,0.0,0.0,Debit Card,In-Store,Completed
ORD-103241,2023-12-05,East,Massachusetts,EA-02,CUST-00501,Consumer,Books,Children's,2,30.6,0.0,4.99,Debit Card,Online,Completed
ORD-104594,2023-12-05,Central,Missouri,CE-02,CUST-00622,Consumer,Electronics,Cameras,6,613.99,0.0,12.99,Cash,Online,Completed
ORD-100097,2023-12-05,Central,Illinois,CE-03,CUST-00541,Consumer,Home Goods,Decor,7,439.16,0.15,0.0,Debit Card,In-Store,Completed
ORD-103893,2023-12-05,West,California,WE-03,CUST-00800,Corporate,Apparel,Men's Wear,1,62.97,0.0,0.0,PayPal,In-Store,Completed
ORD-104076,2023-12-05,North,Wisconsin,NO-04,CUST-01373,Corporate,Home Goods,Bedding,2,186.57,0.05,0.0,Debit Card,In-Store,Cancelled
ORD-102828,2023-12-05,Central,Illinois,CE-04,CUST-00894,Consumer,Books,Children's,5,27.96,0.15,0.0,Credit Card,Online,Completed
ORD-100246,2023-12-05,South,Florida,SO-05,CUST-00791,Consumer,Books,Comics,4,31.99,0.0,0.0,PayPal,Online,Cancelled
ORD-102373,2023-12-05,North,North Dakota,NO-03,CUST-00030,Consumer,Sporting Goods,Outdoor Gear,6,100.47,0.05,0.0,Credit Card,Online,Completed
ORD-102129,2023-12-05,South,Texas,SO-04,CUST-00120,Consumer,Books,Non-Fiction,5,42.79,0.25,7.99,PayPal,Online,Completed
ORD-101588,2023-12-05,South,Georgia,SO-04,CUST-01643,Consumer,Home Goods,Decor,3,175.58,0.0,7.99,Credit Card,Online,Completed
ORD-105079,2023-12-05,North,Wisconsin,NO-02,CUST-00418,Consumer,Electronics,Headphones,2,262.81,0.0,0.0,PayPal,In-Store,Returned
ORD-105298,2023-12-05,Central,Missouri,CE-05,CUST-00743,Consumer,Beauty & Health,Wellness,3,62.28,0.15,0.0,PayPal,In-Store,Completed
ORD-101075,2023-12-05,West,Washington,WE-01,CUST-00202,Consumer,Electronics,Laptops,2,1022.07,0.15,0.0,Gift Card,Online,Completed
ORD-103153,2023-12-05,Central,Ohio,CE-02,CUST-00766,Corporate,Home Goods,Storage,3,138.4,0.0,4.99,PayPal,Online,Completed
ORD-101977,2023-12-05,East,New York,EA-05,CUST-00479,Home Office,Sporting Goods,Fitness Equipment,2,254.69,0.05,0.0,Debit Card,Online,Completed
ORD-104045,2023-12-05,North,North Dakota,NO-04,CUST-00833,Consumer,Electronics,Smart Home,6,503.52,0.15,0.0,Credit Card,In-Store,Completed
ORD-102775,2023-12-06,South,Texas,SO-04,CUST-01173,Corporate,Apparel,Footwear,6,89.51,0.0,7.99,Debit Card,Online,Completed
ORD-101255,2023-12-06,East,Massachusetts,EA-02,CUST-00149,Home Office,Apparel,Accessories,6,54.89,0.0,4.99,Cash,Online,Completed
ORD-103900,2023-12-06,South,Texas,SO-05,CUST-00642,Consumer,Apparel,Footwear,3,59.14,0.0,0.0,Credit Card,In-Store,Returned
ORD-105304,2023-12-06,North,North Dakota,NO-01,CUST-00985,Consumer,Beauty & Health,Makeup,3,32.47,0.15,0.0,Credit Card,Online,Returned
ORD-103381,2023-12-06,North,North Dakota,NO-02,CUST-00853,Corporate,Home Goods,Furniture,3,640.12,0.0,7.99,Credit Card,Online,Completed
ORD-104734,2023-12-06,West,Oregon,WE-04,CUST-00576,Corporate,Books,Non-Fiction,3,7.47,0.05,0.0,PayPal,In-Store,Completed
ORD-105009,2023-12-06,Central,Missouri,CE-03,CUST-01584,Consumer,Sporting Goods,Outdoor Gear,2,66.3,0.0,4.99,Credit Card,Online,Completed
ORD-105757,2023-12-06,North,North Dakota,NO-05,CUST-00969,Consumer,Home Goods,Storage,2,278.82,0.0,0.0,Credit Card,In-Store,Completed
ORD-103036,2023-12-06,South,Florida,SO-04,CUST-00750,Consumer,Beauty & Health,Wellness,4,33.2,0.0,4.99,Cash,Online,Completed
ORD-103021,2023-12-06,East,Massachusetts,EA-02,CUST-01067,Corporate,Electronics,Cameras,5,628.49,0.0,7.99,Credit Card,Online,Completed
ORD-101841,2023-12-06,South,Texas,SO-04,CUST-01786,Home Office,Home Goods,Storage,5,420.82,0.25,0.0,PayPal,Online,Completed
ORD-101222,2023-12-06,Central,Ohio,CE-04,CUST-00368,Corporate,Home Goods,Furniture,3,444.33,0.05,4.99,Credit Card,Online,Completed
ORD-104298,2023-12-06,East,New York,EA-03,CUST-01194,Consumer,Electronics,Smart Home,4,480.05,0.05,4.99,PayPal,Online,Completed
ORD-100654,2023-12-06,East,Massachusetts,EA-04,CUST-00573,Home Office,Electronics,Headphones,4,394.97,0.0,4.99,Credit Card,Online,Completed
ORD-105833,2023-12-06,East,New Jersey,EA-02,CUST-00159,Corporate,Home Goods,Bedding,2,339.59,0.1,4.99,Credit Card,Online,Returned
ORD-101396,2023-12-06,South,Texas,SO-04,CUST-01177,Consumer,Books,Comics,3,15.79,0.05,0.0,PayPal,In-Store,Completed
ORD-101701,2023-12-06,South,Georgia,SO-05,CUST-00362,Consumer,Apparel,Footwear,2,59.89,0.0,0.0,Debit Card,In-Store,Completed
ORD-102648,2023-12-06,North,Wisconsin,NO-02,CUST-01446,Consumer,Books,Children's,3,17.74,0.0,12.99,Credit Card,Online,Completed
ORD-103806,2023-12-06,North,Wisconsin,NO-05,CUST-01469,Consumer,Electronics,Smartphones,4,1042.47,0.1,0.0,PayPal,In-Store,Returned
ORD-102257,2023-12-06,North,Minnesota,NO-02,CUST-00790,Corporate,Home Goods,Kitchenware,2,232.55,0.2,4.99,Cash,Online,Completed
ORD-100018,2023-12-06,East,New York,EA-04,CUST-00289,Corporate,Beauty & Health,Wellness,9,34.36,0.05,0.0,PayPal,Online,Completed
ORD-102383,2023-12-06,South,Georgia,SO-01,CUST-01047,Consumer,Home Goods,Storage,4,233.44,0.0,0.0,PayPal,In-Store,Completed
ORD-102392,2023-12-06,West,Washington,WE-04,CUST-00809,Corporate,Books,Comics,2,12.31,0.15,12.99,Debit Card,Online,Completed
ORD-105372,2023-12-06,South,Georgia,SO-04,CUST-01751,Corporate,Apparel,Accessories,2,93.11,0.0,0.0,Gift Card,In-Store,Completed
ORD-105021,2023-12-07,East,Massachusetts,EA-05,CUST-00079,Consumer,Electronics,Headphones,6,266.16,0.0,0.0,Credit Card,Online,Completed
ORD-102259,2023-12-07,West,California,WE-02,CUST-00901,Consumer,Home Goods,Furniture,3,300.47,0.0,7.99,Debit Card,Online,Completed
ORD-104718,2023-12-07,West,Oregon,WE-01,CUST-01049,Consumer,Home Goods,Decor,1,379.18,0.0,0.0,Credit Card,In-Store,Completed
ORD-101479,2023-12-07,East,Massachusetts,EA-02,CUST-01604,Consumer,Sporting Goods,Footwear,4,200.74,0.1,7.99,Debit Card,Online,Completed
ORD-100343,2023-12-07,North,Minnesota,NO-01,CUST-01782,Corporate,Sporting Goods,Team Sports,4,257.29,0.0,4.99,Credit Card,Online,Completed
ORD-101949,2023-12-07,East,New Jersey,EA-03,CUST-00807,Home Office,Apparel,Kids' Wear,2,91.7,0.0,4.99,Debit Card,Online,Completed
ORD-102622,2023-12-07,South,Florida,SO-04,CUST-01702,Consumer,Electronics,Headphones,6,493.28,0.0,0.0,Credit Card,In-Store,Completed
ORD-105528,2023-12-07,West,Oregon,WE-05,CUST-00089,Consumer,Sporting Goods,Fitness Equipment,2,180.66,0.0,0.0,Credit Card,In-Store,Completed
ORD-103300,2023-12-07,West,Oregon,WE-05,CUST-01626,Corporate,Apparel,Accessories,6,57.27,0.0,4.99,Debit Card,Online,Completed
ORD-104941,2023-12-07,Central,Ohio,CE-03,CUST-00396,Home Office,Home Goods,Furniture,3,266.83,0.15,7.99,Gift Card,Online,Completed
ORD-105207,2023-12-07,Central,Illinois,CE-01,CUST-01114,Home Office,Apparel,Women's Wear,7,137.18,0.0,12.99,PayPal,Online,Completed
ORD-103767,2023-12-07,West,Washington,WE-05,CUST-00086,Consumer,Books,Children's,3,11.69,0.0,0.0,PayPal,In-Store,Completed
ORD-103099,2023-12-07,West,California,WE-04,CUST-00191,Corporate,Electronics,Cameras,4,281.92,0.05,0.0,Cash,In-Store,Completed
ORD-103103,2023-12-07,East,Massachusetts,EA-04,CUST-01599,Consumer,Home Goods,Bedding,2,220.45,0.2,7.99,Debit Card,Online,Completed
ORD-103105,2023-12-07,South,Florida,SO-03,CUST-00227,Corporate,Beauty & Health,Makeup,3,20.88,0.05,0.0,Cash,In-Store,Completed
ORD-100987,2023-12-07,Central,Missouri,CE-01,CUST-01613,Consumer,Home Goods,Kitchenware,3,108.22,0.05,0.0,Credit Card,In-Store,Completed
ORD-101352,2023-12-08,East,Massachusetts,EA-03,CUST-01797,Consumer,Apparel,Kids' Wear,1,30.89,0.0,0.0,PayPal,In-Store,Returned
ORD-100567,2023-12-08,East,New York,EA-05,CUST-01745,Consumer,Home Goods,Furniture,5,404.02,0.1,0.0,Debit Card,Online,Cancelled
ORD-105056,2023-12-08,West,California,WE-01,CUST-01597,Home Office,Home Goods,Furniture,2,249.57,0.0,0.0,Debit Card,In-Store,Completed
ORD-103665,2023-12-08,South,Texas,SO-05,CUST-01665,Consumer,Beauty & Health,Wellness,2,69.03,0.0,0.0,Credit Card,Online,Completed
ORD-105054,2023-12-08,East,New Jersey,EA-01,CUST-01670,Home Office,Apparel,Accessories,5,58.17,0.0,0.0,Credit Card,In-Store,Completed
ORD-105095,2023-12-08,North,North Dakota,NO-05,CUST-01311,Consumer,Sporting Goods,Footwear,3,103.03,0.05,0.0,Credit Card,In-Store,Completed
ORD-105758,2023-12-08,North,North Dakota,NO-03,CUST-01684,Consumer,Books,Fiction,5,7.49,0.0,0.0,PayPal,Online,Completed
ORD-102864,2023-12-08,Central,Ohio,CE-04,CUST-00945,Home Office,Home Goods,Kitchenware,4,657.91,0.0,4.99,Gift Card,Online,Cancelled
ORD-105626,2023-12-08,East,New York,EA-03,CUST-00686,Corporate,Electronics,Smart Home,5,262.06,0.0,12.99,Cash,Online,Completed
ORD-102794,2023-12-08,East,New Jersey,EA-05,CUST-00721,Consumer,Beauty & Health,Personal Care,4,49.93,0.15,4.99,PayPal,Online,Completed
ORD-102980,2023-12-08,South,Florida,SO-03,CUST-01034,Consumer,Apparel,Kids' Wear,6,53.08,0.1,0.0,PayPal,Online,Completed
ORD-100915,2023-12-08,East,New Jersey,EA-03,CUST-01267,Consumer,Beauty & Health,Makeup,3,42.04,0.0,0.0,Credit Card,In-Store,Completed
ORD-101988,2023-12-08,East,New Jersey,EA-05,CUST-01221,Consumer,Books,Fiction,1,12.11,0.0,0.0,Cash,In-Store,Completed
ORD-101777,2023-12-08,South,Florida,SO-05,CUST-00920,Consumer,Sporting Goods,Cycling,4,196.54,0.0,7.99,PayPal,Online,Completed
ORD-100039,2023-12-09,West,Oregon,WE-03,CUST-01343,Consumer,Sporting Goods,Fitness Equipment,5,193.98,0.1,4.99,Credit Card,Online,Completed
ORD-102507,2023-12-09,North,Minnesota,NO-03,CUST-01465,Consumer,Apparel,Footwear,8,24.81,0.15,0.0,Debit Card,Online,Completed
ORD-105579,2023-12-09,Central,Illinois,CE-01,CUST-01316,Corporate,Apparel,Footwear,4,101.05,0.1,0.0,Cash,In-Store,Completed
ORD-104265,2023-12-09,West,Oregon,WE-02,CUST-00922,Consumer,Books,Non-Fiction,4,38.0,0.0,4.99,Credit Card,Online,Completed
ORD-100863,2023-12-09,North,Minnesota,NO-03,CUST-00033,Corporate,Apparel,Women's Wear,6,38.0,0.15,0.0,Cash,In-Store,Completed
ORD-100310,2023-12-09,South,Georgia,SO-01,CUST-01574,Home Office,Sporting Goods,Outdoor Gear,5,245.06,0.0,0.0,Debit Card,Online,Completed
ORD-105328,2023-12-09,East,Massachusetts,EA-03,CUST-00299,Consumer,Electronics,Smart Home,4,372.62,0.0,0.0,Credit Card,Online,Completed
ORD-101946,2023-12-09,West,California,WE-04,CUST-00942,Consumer,Home Goods,Storage,6,446.63,0.0,0.0,Debit Card,In-Store,Completed
ORD-104332,2023-12-09,North,North Dakota,NO-05,CUST-01492,Consumer,Home Goods,Kitchenware,6,160.32,0.0,12.99,Debit Card,Online,Completed
ORD-103433,2023-12-09,East,Massachusetts,EA-04,CUST-00687,Consumer,Electronics,Smartphones,2,396.04,0.0,0.0,Credit Card,In-Store,Completed
ORD-100426,2023-12-09,North,Minnesota,NO-05,CUST-01538,Consumer,Books,Non-Fiction,1,12.13,0.0,0.0,Gift Card,In-Store,Returned
ORD-104694,2023-12-09,Central,Ohio,CE-02,CUST-00464,Consumer,Home Goods,Bedding,3,304.29,0.1,0.0,Credit Card,Online,Completed
ORD-100738,2023-12-09,West,Washington,WE-04,CUST-00767,Consumer,Electronics,Laptops,8,729.79,0.15,0.0,Credit Card,In-Store,Completed
ORD-102116,2023-12-09,West,California,WE-05,CUST-00406,Corporate,Apparel,Men's Wear,2,22.32,0.0,4.99,Cash,Online,Completed
ORD-102444,2023-12-09,South,Florida,SO-05,CUST-00045,Consumer,Books,Educational,1,16.16,0.1,0.0,Debit Card,In-Store,Completed
ORD-101704,2023-12-09,West,Oregon,WE-04,CUST-00507,Home Office,Apparel,Women's Wear,3,53.05,0.05,12.99,Cash,Online,Completed
ORD-103208,2023-12-09,East,New Jersey,EA-04,CUST-00280,Consumer,Books,Educational,1,31.01,0.0,0.0,Debit Card,Online,Returned
ORD-103529,2023-12-09,West,Washington,WE-01,CUST-00552,Home Office,Apparel,Men's Wear,5,43.83,0.05,0.0,Debit Card,In-Store,Completed
ORD-103995,2023-12-09,North,Minnesota,NO-05,CUST-00453,Home Office,Apparel,Accessories,2,117.64,0.0,0.0,Credit Card,Online,Completed
ORD-101842,2023-12-09,Central,Missouri,CE-02,CUST-00129,Consumer,Apparel,Footwear,4,19.9,0.25,0.0,Debit Card,Online,Completed
ORD-104367,2023-12-09,Central,Illinois,CE-02,CUST-00627,Consumer,Electronics,Cameras,4,319.08,0.0,12.99,Cash,Online,Completed
ORD-101376,2023-12-10,East,Massachusetts,EA-04,CUST-00648,Consumer,Electronics,Smart Home,2,359.59,0.0,0.0,Credit Card,In-Store,Completed
ORD-103160,2023-12-10,South,Florida,SO-05,CUST-00668,Consumer,Sporting Goods,Team Sports,5,255.76,0.0,0.0,Debit Card,In-Store,Completed
ORD-105865,2023-12-10,North,North Dakota,NO-05,CUST-01709,Consumer,Home Goods,Kitchenware,2,142.81,0.0,0.0,Debit Card,In-Store,Returned
ORD-102456,2023-12-10,South,Florida,SO-03,CUST-00965,Consumer,Apparel,Accessories,5,76.1,0.15,0.0,Debit Card,In-Store,Completed
ORD-105216,2023-12-10,Central,Missouri,CE-02,CUST-00550,Home Office,Apparel,Accessories,1,58.47,0.05,0.0,PayPal,Online,Completed
ORD-105386,2023-12-10,South,Florida,SO-03,CUST-01200,Corporate,Electronics,Cameras,5,371.12,0.0,12.99,Credit Card,Online,Completed
ORD-105821,2023-12-10,North,North Dakota,NO-02,CUST-00056,Consumer,Electronics,Smart Home,2,348.95,0.05,0.0,PayPal,In-Store,Completed
ORD-104198,2023-12-10,Central,Missouri,CE-01,CUST-01269,Home Office,Apparel,Kids' Wear,4,37.36,0.0,4.99,Credit Card,Online,Completed
ORD-100999,2023-12-10,North,Wisconsin,NO-05,CUST-00459,Corporate,Sporting Goods,Cycling,2,143.64,0.25,4.99,Debit Card,Online,Completed
ORD-104751,2023-12-10,Central,Missouri,CE-05,CUST-01303,Home Office,Beauty & Health,Haircare,2,80.01,0.05,0.0,Credit Card,In-Store,Cancelled
ORD-101207,2023-12-10,South,Georgia,SO-01,CUST-01410,Consumer,Apparel,Women's Wear,3,148.47,0.0,4.99,Gift Card,Online,Returned
ORD-105407,2023-12-10,North,Minnesota,NO-02,CUST-00094,Consumer,Home Goods,Decor,4,181.77,0.0,7.99,Credit Card,Online,Completed
ORD-101443,2023-12-10,North,Wisconsin,NO-02,CUST-01185,Consumer,Electronics,Smartphones,2,536.57,0.0,0.0,PayPal,Online,Completed
ORD-103154,2023-12-10,East,New Jersey,EA-04,CUST-00556,Consumer,Sporting Goods,Cycling,3,136.41,0.15,0.0,Credit Card,In-Store,Completed
ORD-105424,2023-12-10,Central,Ohio,CE-03,CUST-00229,Consumer,Books,Non-Fiction,2,17.79,0.2,0.0,Cash,Online,Completed
ORD-102778,2023-12-10,Central,Illinois,CE-05,CUST-00197,Consumer,Home Goods,Storage,3,800.0,0.0,0.0,Debit Card,Online,Completed
ORD-103718,2023-12-10,North,Minnesota,NO-03,CUST-00485,Consumer,Books,Educational,3,35.75,0.1,4.99,Credit Card,Online,Completed
ORD-104933,2023-12-10,South,Florida,SO-05,CUST-00491,Consumer,Apparel,Footwear,3,38.64,0.0,7.99,PayPal,Online,Completed
ORD-104172,2023-12-10,West,California,WE-04,CUST-00892,Consumer,Apparel,Kids' Wear,3,57.54,0.1,0.0,Gift Card,In-Store,Completed
ORD-102263,2023-12-10,East,New York,EA-01,CUST-01241,Consumer,Apparel,Kids' Wear,5,80.81,0.0,0.0,Debit Card,Online,Completed
ORD-105174,2023-12-10,West,Washington,WE-03,CUST-01623,Consumer,Apparel,Footwear,4,41.37,0.0,0.0,PayPal,In-Store,Completed
ORD-104340,2023-12-10,North,North Dakota,NO-01,CUST-01428,Corporate,Apparel,Accessories,6,32.26,0.05,12.99,Debit Card,Online,Completed
ORD-105878,2023-12-11,East,Massachusetts,EA-04,CUST-01664,Consumer,Books,Children's,2,11.29,0.0,7.99,PayPal,Online,Completed
ORD-104975,2023-12-11,Central,Missouri,CE-04,CUST-01488,Consumer,Home Goods,Furniture,5,113.12,0.25,0.0,Debit Card,In-Store,Completed
ORD-100415,2023-12-11,North,Minnesota,NO-05,CUST-01159,Consumer,Home Goods,Decor,3,321.53,0.05,4.99,Credit Card,Online,Completed
ORD-101489,2023-12-11,South,Texas,SO-05,CUST-01141,Corporate,Electronics,Smartphones,5,462.12,0.15,0.0,Debit Card,Online,Completed
ORD-100635,2023-12-11,South,Georgia,SO-05,CUST-01608,Home Office,Books,Educational,3,12.47,0.05,0.0,Credit Card,Online,Returned
ORD-102195,2023-12-11,West,Washington,WE-05,CUST-00141,Corporate,Apparel,Men's Wear,1,131.28,0.1,4.99,PayPal,Online,Completed
ORD-102378,2023-12-11,Central,Illinois,CE-03,CUST-00570,Consumer,Electronics,Cameras,1,1200.0,0.0,7.99,Debit Card,Online,Completed
ORD-102763,2023-12-11,South,Florida,SO-04,CUST-00064,Consumer,Apparel,Men's Wear,5,43.06,0.0,0.0,Debit Card,In-Store,Completed
ORD-102512,2023-12-11,West,Oregon,WE-02,CUST-01326,Corporate,Books,Non-Fiction,4,9.84,0.15,0.0,Debit Card,In-Store,Completed
ORD-105482,2023-12-11,North,Minnesota,NO-01,CUST-01252,Consumer,Sporting Goods,Footwear,4,222.82,0.0,0.0,Gift Card,In-Store,Completed
ORD-101659,2023-12-11,Central,Illinois,CE-01,CUST-01276,Consumer,Electronics,Smartphones,4,555.23,0.1,7.99,Credit Card,Online,Completed
ORD-101914,2023-12-11,West,Oregon,WE-05,CUST-00379,Consumer,Home Goods,Decor,2,243.32,0.15,4.99,Credit Card,Online,Completed
ORD-103732,2023-12-11,West,Washington,WE-01,CUST-01053,Home Office,Sporting Goods,Fitness Equipment,3,158.14,0.0,0.0,Credit Card,In-Store,Completed
ORD-105906,2023-12-11,Central,Ohio,CE-04,CUST-01656,Home Office,Home Goods,Furniture,7,377.98,0.05,0.0,Debit Card,In-Store,Completed
ORD-105696,2023-12-11,Central,Missouri,CE-02,CUST-00235,Consumer,Apparel,Men's Wear,3,62.47,0.15,7.99,PayPal,Online,Completed
ORD-103987,2023-12-12,South,Georgia,SO-05,CUST-01198,Consumer,Sporting Goods,Fitness Equipment,3,357.85,0.25,0.0,Credit Card,In-Store,Completed
ORD-101736,2023-12-12,South,Florida,SO-04,CUST-00882,Home Office,Books,Comics,3,13.78,0.0,0.0,Debit Card,In-Store,Completed
ORD-105608,2023-12-12,Central,Ohio,CE-04,CUST-01740,Consumer,Beauty & Health,Wellness,3,72.65,0.0,0.0,PayPal,In-Store,Completed
ORD-102077,2023-12-12,East,New York,EA-02,CUST-00662,Consumer,Sporting Goods,Outdoor Gear,2,156.05,0.0,7.99,PayPal,Online,Completed
ORD-100538,2023-12-12,South,Texas,SO-02,CUST-00726,Consumer,Apparel,Kids' Wear,1,94.08,0.15,0.0,PayPal,In-Store,Completed
ORD-105348,2023-12-12,South,Georgia,SO-04,CUST-01437,Consumer,Home Goods,Decor,2,261.73,0.0,0.0,PayPal,In-Store,Completed
ORD-101211,2023-12-12,Central,Illinois,CE-03,CUST-01571,Corporate,Apparel,Women's Wear,2,38.89,0.25,0.0,Credit Card,Online,Completed
ORD-102158,2023-12-12,North,Minnesota,NO-02,CUST-00904,Consumer,Electronics,Smartphones,2,1106.08,0.0,0.0,Gift Card,Online,Completed
ORD-102583,2023-12-12,North,Minnesota,NO-01,CUST-00656,Consumer,Apparel,Men's Wear,2,43.88,0.0,12.99,PayPal,Online,Completed
ORD-105889,2023-12-12,Central,Missouri,CE-03,CUST-01502,Home Office,Home Goods,Kitchenware,4,238.37,0.0,0.0,Credit Card,In-Store,Completed
ORD-103090,2023-12-12,North,North Dakota,NO-04,CUST-01537,Consumer,Apparel,Accessories,1,35.44,0.0,7.99,Credit Card,Online,Completed
ORD-105100,2023-12-12,East,Massachusetts,EA-05,CUST-01556,Consumer,Home Goods,Bedding,2,666.85,0.0,0.0,Debit Card,In-Store,Returned
ORD-103669,2023-12-12,South,Texas,SO-05,CUST-01476,Consumer,Apparel,Footwear,4,50.28,0.1,4.99,Cash,Online,Completed
ORD-104954,2023-12-12,Central,Illinois,CE-02,CUST-01295,Consumer,Apparel,Accessories,2,64.26,0.0,0.0,PayPal,Online,Completed
ORD-101629,2023-12-12,West,California,WE-03,CUST-01131,Consumer,Books,Fiction,2,9.88,0.0,0.0,PayPal,In-Store,Completed
ORD-101569,2023-12-12,East,Massachusetts,EA-05,CUST-00167,Consumer,Home Goods,Decor,5,380.41,0.0,0.0,PayPal,In-Store,Completed
ORD-103280,2023-12-12,Central,Illinois,CE-05,CUST-00487,Corporate,Sporting Goods,Fitness Equipment,4,39.14,0.25,0.0,PayPal,In-Store,Completed
ORD-100808,2023-12-12,East,New Jersey,EA-03,CUST-01372,Consumer,Home Goods,Storage,5,182.52,0.0,0.0,Cash,In-Store,Completed
ORD-104257,2023-12-12,West,Oregon,WE-05,CUST-00327,Home Office,Apparel,Footwear,3,64.82,0.05,0.0,Debit Card,In-Store,Returned
ORD-102006,2023-12-12,Central,Missouri,CE-03,CUST-00708,Consumer,Beauty & Health,Personal Care,3,69.42,0.05,0.0,Credit Card,In-Store,Completed
ORD-101389,2023-12-13,Central,Missouri,CE-01,CUST-01667,Home Office,Home Goods,Furniture,5,209.34,0.0,0.0,Credit Card,In-Store,Completed
ORD-102409,2023-12-13,Central,Illinois,CE-03,CUST-00566,Corporate,Home Goods,Bedding,4,428.13,0.1,7.99,Debit Card,Online,Completed
ORD-100861,2023-12-13,South,Florida,SO-01,CUST-00712,Consumer,Books,Children's,5,17.79,0.0,0.0,Credit Card,Online,Completed
ORD-103149,2023-12-13,South,Florida,SO-03,CUST-00985,Home Office,Electronics,Cameras,1,344.59,0.0,4.99,Credit Card,Online,Completed
ORD-105315,2023-12-13,South,Texas,SO-03,CUST-01483,Home Office,Home Goods,Kitchenware,2,779.84,0.1,7.99,Credit Card,Online,Completed
ORD-103586,2023-12-13,North,Minnesota,NO-03,CUST-00939,Corporate,Home Goods,Storage,3,258.82,0.1,0.0,Credit Card,In-Store,Completed
ORD-101314,2023-12-13,Central,Ohio,CE-01,CUST-01049,Home Office,Home Goods,Furniture,4,168.62,0.1,4.99,Gift Card,Online,Completed
ORD-100482,2023-12-13,East,New York,EA-05,CUST-01391,Consumer,Apparel,Women's Wear,3,51.48,0.1,0.0,Credit Card,In-Store,Completed
ORD-100831,2023-12-13,Central,Missouri,CE-01,CUST-00909,Consumer,Beauty & Health,Wellness,3,33.0,0.0,0.0,Debit Card,Online,Completed
ORD-100829,2023-12-13,North,North Dakota,NO-01,CUST-00575,Corporate,Sporting Goods,Cycling,1,157.19,0.0,4.99,Debit Card,Online,Completed
ORD-105712,2023-12-13,South,Texas,SO-04,CUST-01710,Corporate,Sporting Goods,Cycling,5,113.41,0.1,7.99,Debit Card,Online,Completed
ORD-101760,2023-12-13,East,New Jersey,EA-02,CUST-00923,Consumer,Apparel,Footwear,4,68.16,0.05,4.99,Debit Card,Online,Completed
ORD-104243,2023-12-13,North,North Dakota,NO-01,CUST-00492,Consumer,Sporting Goods,Cycling,4,115.66,0.1,0.0,Cash,Online,Returned
ORD-101418,2023-12-13,East,Massachusetts,EA-04,CUST-01379,Consumer,Books,Non-Fiction,3,13.02,0.0,0.0,Credit Card,In-Store,Completed
ORD-100024,2023-12-14,North,Minnesota,NO-04,CUST-00357,Consumer,Sporting Goods,Footwear,3,134.64,0.0,7.99,Credit Card,Online,Completed
ORD-103450,2023-12-14,East,New York,EA-02,CUST-00723,Consumer,Home Goods,Decor,5,278.17,0.25,0.0,PayPal,In-Store,Completed
ORD-105248,2023-12-14,North,North Dakota,NO-03,CUST-00620,Consumer,Books,Educational,1,14.97,0.0,4.99,Debit Card,Online,Cancelled
ORD-101263,2023-12-14,East,Massachusetts,EA-01,CUST-01040,Corporate,Beauty & Health,Personal Care,3,27.46,0.1,0.0,Debit Card,In-Store,Completed
ORD-103466,2023-12-14,North,Minnesota,NO-03,CUST-00977,Consumer,Home Goods,Furniture,2,189.34,0.0,7.99,PayPal,Online,Completed
ORD-101430,2023-12-14,West,Washington,WE-01,CUST-00410,Consumer,Electronics,Laptops,7,218.08,0.15,0.0,Debit Card,Online,Completed
ORD-105860,2023-12-14,North,Wisconsin,NO-03,CUST-01515,Consumer,Apparel,Kids' Wear,1,37.44,0.0,0.0,Credit Card,In-Store,Completed
ORD-105116,2023-12-14,South,Florida,SO-05,CUST-01171,Corporate,Apparel,Footwear,1,71.12,0.0,0.0,Debit Card,Online,Completed
ORD-105739,2023-12-14,Central,Ohio,CE-05,CUST-00643,Home Office,Books,Comics,2,13.08,0.05,7.99,Debit Card,Online,Completed
ORD-100490,2023-12-14,West,Washington,WE-03,CUST-01013,Home Office,Sporting Goods,Cycling,2,195.07,0.15,0.0,Credit Card,In-Store,Returned
ORD-102336,2023-12-14,South,Florida,SO-02,CUST-00708,Consumer,Books,Comics,4,10.0,0.05,0.0,PayPal,Online,Completed
ORD-103632,2023-12-15,Central,Ohio,CE-04,CUST-01351,Home Office,Apparel,Kids' Wear,3,46.06,0.0,0.0,Credit Card,Online,Completed
ORD-105523,2023-12-15,North,Minnesota,NO-03,CUST-00789,Consumer,Home Goods,Storage,4,237.41,0.15,7.99,Debit Card,Online,Completed
ORD-102146,2023-12-15,Central,Illinois,CE-04,CUST-00386,Consumer,Electronics,Headphones,3,341.88,0.15,0.0,Credit Card,In-Store,Completed
ORD-101713,2023-12-15,Central,Ohio,CE-02,CUST-01671,Home Office,Sporting Goods,Cycling,3,132.05,0.0,0.0,Cash,In-Store,Completed
ORD-102723,2023-12-15,Central,Ohio,CE-05,CUST-01736,Consumer,Books,Educational,1,17.39,0.05,0.0,Credit Card,In-Store,Completed
ORD-105397,2023-12-15,South,Georgia,SO-03,CUST-00018,Consumer,Apparel,Accessories,3,35.69,0.25,7.99,Credit Card,Online,Completed
ORD-100362,2023-12-15,Central,Illinois,CE-03,CUST-00790,Corporate,Electronics,Cameras,3,569.99,0.2,0.0,PayPal,In-Store,Completed
ORD-102423,2023-12-15,South,Florida,SO-02,CUST-00038,Consumer,Apparel,Accessories,2,83.43,0.0,0.0,Gift Card,In-Store,Completed
ORD-103834,2023-12-15,East,New Jersey,EA-01,CUST-01449,Consumer,Electronics,Cameras,2,672.33,0.2,4.99,Debit Card,Online,Completed
ORD-102063,2023-12-15,West,Washington,WE-04,CUST-01696,Consumer,Sporting Goods,Cycling,4,79.18,0.2,0.0,Credit Card,Online,Completed
ORD-103123,2023-12-15,East,New Jersey,EA-04,CUST-01454,Corporate,Sporting Goods,Fitness Equipment,6,181.59,0.1,0.0,Credit Card,In-Store,Completed
ORD-102196,2023-12-15,South,Georgia,SO-05,CUST-01149,Corporate,Electronics,Headphones,3,238.58,0.0,0.0,Debit Card,In-Store,Completed
ORD-105992,2023-12-15,East,New York,EA-02,CUST-00924,Consumer,Apparel,Footwear,3,21.31,0.05,12.99,Credit Card,Online,Completed
ORD-104554,2023-12-15,Central,Illinois,CE-01,CUST-00122,Consumer,Beauty & Health,Skincare,4,33.38,0.0,0.0,Credit Card,In-Store,Completed
ORD-103811,2023-12-15,South,Georgia,SO-02,CUST-00975,Consumer,Apparel,Accessories,2,67.39,0.0,0.0,Credit Card,Online,Completed
ORD-102050,2023-12-15,Central,Missouri,CE-04,CUST-01662,Consumer,Home Goods,Furniture,5,169.81,0.0,0.0,Credit Card,In-Store,Completed
ORD-101982,2023-12-15,Central,Ohio,CE-03,CUST-00888,Consumer,Electronics,Laptops,2,410.75,0.1,0.0,Credit Card,In-Store,Cancelled
ORD-104711,2023-12-15,North,Minnesota,NO-04,CUST-00410,Consumer,Apparel,Accessories,1,35.58,0.0,0.0,Credit Card,In-Store,Returned
ORD-102773,2023-12-15,East,New Jersey,EA-04,CUST-00132,Home Office,Electronics,Cameras,5,357.53,0.0,0.0,PayPal,In-Store,Returned
ORD-101770,2023-12-15,West,Oregon,WE-04,CUST-01706,Corporate,Apparel,Accessories,6,82.28,0.2,4.99,Credit Card,Online,Completed
ORD-105609,2023-12-15,North,Wisconsin,NO-02,CUST-00887,Consumer,Apparel,Accessories,2,51.49,0.15,0.0,Credit Card,In-Store,Completed
ORD-100580,2023-12-15,West,California,WE-01,CUST-01425,Consumer,Electronics,Smartphones,5,473.37,0.0,7.99,Credit Card,Online,Completed
ORD-103564,2023-12-15,Central,Missouri,CE-04,CUST-00698,Consumer,Electronics,Headphones,4,409.0,0.05,0.0,Debit Card,In-Store,Completed
ORD-105584,2023-12-15,West,Washington,WE-04,CUST-01315,Home Office,Books,Fiction,3,39.02,0.0,0.0,PayPal,Online,Completed
ORD-105284,2023-12-15,Central,Illinois,CE-05,CUST-01207,Corporate,Electronics,Smartphones,2,703.14,0.0,7.99,Debit Card,Online,Completed
ORD-103559,2023-12-15,East,New York,EA-02,CUST-00557,Consumer,Electronics,Headphones,2,1012.15,0.0,7.99,Credit Card,Online,Completed
ORD-102649,2023-12-15,Central,Missouri,CE-04,CUST-01020,Consumer,Apparel,Footwear,4,37.81,0.0,0.0,Credit Card,Online,Completed
ORD-105440,2023-12-15,East,Massachusetts,EA-01,CUST-00577,Consumer,Home Goods,Decor,3,375.09,0.1,0.0,Debit Card,In-Store,Completed
ORD-104758,2023-12-16,Central,Illinois,CE-03,CUST-01122,Corporate,Electronics,Headphones,4,230.37,0.0,7.99,Gift Card,Online,Completed
ORD-101341,2023-12-16,West,Oregon,WE-04,CUST-00433,Corporate,Beauty & Health,Skincare,5,32.55,0.0,0.0,Credit Card,In-Store,Completed
ORD-101857,2023-12-16,Central,Ohio,CE-04,CUST-00937,Consumer,Apparel,Accessories,7,43.64,0.0,0.0,Credit Card,In-Store,Completed
ORD-102082,2023-12-16,South,Georgia,SO-05,CUST-01234,Home Office,Apparel,Men's Wear,7,24.56,0.0,4.99,Cash,Online,Completed
ORD-105894,2023-12-16,Central,Illinois,CE-02,CUST-01629,Consumer,Sporting Goods,Fitness Equipment,7,405.8,0.0,0.0,PayPal,In-Store,Completed
ORD-102953,2023-12-16,North,Wisconsin,NO-03,CUST-01406,Consumer,Apparel,Kids' Wear,4,150.0,0.2,0.0,PayPal,In-Store,Returned
ORD-100740,2023-12-16,East,New York,EA-05,CUST-00098,Corporate,Apparel,Kids' Wear,2,80.54,0.0,0.0,Credit Card,In-Store,Completed
ORD-102056,2023-12-16,North,North Dakota,NO-01,CUST-01522,Consumer,Books,Comics,6,26.87,0.0,0.0,Credit Card,In-Store,Completed
ORD-102693,2023-12-16,North,North Dakota,NO-02,CUST-00326,Consumer,Beauty & Health,Wellness,3,91.72,0.0,0.0,Credit Card,In-Store,Returned
ORD-100494,2023-12-16,West,Washington,WE-05,CUST-01122,Home Office,Electronics,Laptops,5,591.3,0.0,0.0,PayPal,In-Store,Returned
ORD-101782,2023-12-16,South,Georgia,SO-03,CUST-01007,Consumer,Books,Non-Fiction,2,16.28,0.0,0.0,Credit Card,Online,Completed
ORD-100626,2023-12-16,East,New York,EA-03,CUST-01689,Corporate,Home Goods,Storage,5,199.37,0.15,12.99,PayPal,Online,Completed
ORD-101497,2023-12-16,South,Texas,SO-04,CUST-00077,Consumer,Apparel,Footwear,4,30.83,0.0,7.99,Credit Card,Online,Completed
ORD-105509,2023-12-16,Central,Illinois,CE-02,CUST-01701,Corporate,Home Goods,Decor,2,299.51,0.25,4.99,PayPal,Online,Completed
ORD-102484,2023-12-16,North,North Dakota,NO-02,CUST-01068,Consumer,Home Goods,Decor,3,324.75,0.15,0.0,Debit Card,Online,Cancelled
ORD-104662,2023-12-16,East,New York,EA-01,CUST-00920,Consumer,Beauty & Health,Skincare,7,45.44,0.0,0.0,Credit Card,Online,Completed
ORD-100605,2023-12-16,South,Georgia,SO-05,CUST-00152,Home Office,Home Goods,Decor,4,274.23,0.0,7.99,PayPal,Online,Completed
ORD-100788,2023-12-16,Central,Ohio,CE-05,CUST-01511,Consumer,Electronics,Headphones,4,386.72,0.0,0.0,PayPal,Online,Completed
ORD-103787,2023-12-16,North,Minnesota,NO-03,CUST-01338,Corporate,Apparel,Women's Wear,4,82.59,0.0,0.0,Gift Card,In-Store,Completed
ORD-102032,2023-12-16,North,Wisconsin,NO-01,CUST-01028,Corporate,Apparel,Footwear,1,22.49,0.0,0.0,Credit Card,In-Store,Completed
ORD-101885,2023-12-16,South,Texas,SO-01,CUST-01360,Consumer,Electronics,Smart Home,2,592.14,0.0,0.0,Debit Card,Online,Completed
ORD-101620,2023-12-17,Central,Ohio,CE-02,CUST-00172,Consumer,Apparel,Footwear,3,55.4,0.1,0.0,Credit Card,In-Store,Completed
ORD-104926,2023-12-17,Central,Illinois,CE-01,CUST-01230,Consumer,Books,Educational,1,8.6,0.0,0.0,Credit Card,Online,Completed
ORD-104095,2023-12-17,North,Minnesota,NO-02,CUST-01509,Consumer,Beauty & Health,Skincare,4,69.76,0.2,12.99,PayPal,Online,Completed
ORD-104228,2023-12-17,East,Massachusetts,EA-02,CUST-00640,Consumer,Electronics,Smartphones,1,380.57,0.0,0.0,Credit Card,Online,Completed
ORD-103284,2023-12-17,East,Massachusetts,EA-04,CUST-00643,Consumer,Beauty & Health,Wellness,4,26.54,0.0,0.0,Debit Card,In-Store,Completed
ORD-100286,2023-12-17,North,Minnesota,NO-02,CUST-00925,Consumer,Books,Comics,4,6.87,0.25,0.0,Credit Card,Online,Completed
ORD-103826,2023-12-17,East,New York,EA-01,CUST-00218,Corporate,Books,Educational,3,31.36,0.15,0.0,Credit Card,In-Store,Completed
ORD-104042,2023-12-17,North,North Dakota,NO-04,CUST-00618,Consumer,Apparel,Accessories,3,33.75,0.2,0.0,Debit Card,In-Store,Completed
ORD-103309,2023-12-17,South,Georgia,SO-04,CUST-00719,Home Office,Beauty & Health,Personal Care,3,92.39,0.15,4.99,Credit Card,Online,Completed
ORD-103643,2023-12-17,East,New Jersey,EA-02,CUST-00520,Corporate,Apparel,Accessories,5,59.86,0.0,0.0,PayPal,Online,Completed
ORD-103507,2023-12-17,North,Wisconsin,NO-01,CUST-00956,Corporate,Electronics,Smart Home,4,656.12,0.1,0.0,Credit Card,Online,Completed
ORD-101085,2023-12-17,South,Texas,SO-04,CUST-00973,Consumer,Apparel,Accessories,3,49.85,0.0,4.99,Debit Card,Online,Completed
ORD-105296,2023-12-17,East,New Jersey,EA-03,CUST-00973,Consumer,Electronics,Smartphones,2,459.32,0.2,4.99,Credit Card,Online,Completed
ORD-105539,2023-12-17,South,Georgia,SO-02,CUST-01143,Consumer,Electronics,Cameras,4,491.62,0.0,0.0,Credit Card,Online,Completed
ORD-103642,2023-12-18,West,California,WE-05,CUST-00581,Consumer,Apparel,Women's Wear,3,105.01,0.0,0.0,Credit Card,Online,Completed
ORD-105163,2023-12-18,West,Washington,WE-01,CUST-01251,Corporate,Apparel,Men's Wear,5,106.03,0.0,0.0,Debit Card,In-Store,Completed
ORD-100525,2023-12-18,East,Massachusetts,EA-01,CUST-00497,Home Office,Beauty & Health,Skincare,2,41.08,0.0,7.99,Credit Card,Online,Completed
ORD-102756,2023-12-18,North,Minnesota,NO-05,CUST-00119,Corporate,Apparel,Men's Wear,3,46.48,0.0,0.0,Credit Card,In-Store,Completed
ORD-102225,2023-12-18,West,California,WE-05,CUST-01469,Home Office,Apparel,Men's Wear,2,150.0,0.0,0.0,Credit Card,Online,Completed
ORD-103521,2023-12-18,West,California,WE-01,CUST-01627,Consumer,Apparel,Women's Wear,2,51.53,0.15,0.0,Gift Card,In-Store,Returned
ORD-105267,2023-12-18,West,Washington,WE-03,CUST-00501,Corporate,Home Goods,Storage,2,172.34,0.1,0.0,Credit Card,In-Store,Returned
ORD-105587,2023-12-18,West,Oregon,WE-01,CUST-01142,Consumer,Sporting Goods,Outdoor Gear,4,136.83,0.15,0.0,PayPal,In-Store,Completed
ORD-100457,2023-12-18,North,North Dakota,NO-02,CUST-01270,Consumer,Apparel,Women's Wear,5,45.67,0.0,0.0,Debit Card,In-Store,Completed
ORD-104881,2023-12-18,Central,Missouri,CE-02,CUST-00427,Consumer,Home Goods,Furniture,2,319.89,0.0,4.99,Debit Card,Online,Completed
ORD-102164,2023-12-19,North,Wisconsin,NO-01,CUST-00172,Consumer,Beauty & Health,Skincare,4,22.67,0.0,0.0,Debit Card,In-Store,Completed
ORD-101237,2023-12-19,North,Minnesota,NO-04,CUST-01385,Home Office,Home Goods,Bedding,2,252.84,0.0,4.99,PayPal,Online,Completed
ORD-102144,2023-12-19,Central,Missouri,CE-04,CUST-01521,Consumer,Apparel,Accessories,1,75.89,0.0,0.0,PayPal,In-Store,Returned
ORD-100341,2023-12-19,West,Oregon,WE-02,CUST-01520,Consumer,Beauty & Health,Haircare,6,40.13,0.0,4.99,Credit Card,Online,Completed
ORD-102282,2023-12-19,South,Florida,SO-02,CUST-00030,Consumer,Home Goods,Storage,4,385.98,0.05,4.99,PayPal,Online,Returned
ORD-105001,2023-12-19,East,Massachusetts,EA-01,CUST-00681,Corporate,Home Goods,Storage,6,800.0,0.0,7.99,Gift Card,Online,Completed
ORD-104511,2023-12-19,West,California,WE-01,CUST-01324,Corporate,Electronics,Smartphones,3,361.29,0.15,0.0,Debit Card,Online,Completed
ORD-100857,2023-12-19,Central,Illinois,CE-04,CUST-01711,Home Office,Sporting Goods,Team Sports,4,155.65,0.0,0.0,Credit Card,In-Store,Completed
ORD-105274,2023-12-19,South,Florida,SO-04,CUST-00490,Consumer,Home Goods,Bedding,6,101.03,0.05,4.99,Debit Card,Online,Completed
ORD-104481,2023-12-19,North,North Dakota,NO-01,CUST-00780,Consumer,Home Goods,Furniture,8,118.59,0.0,7.99,Debit Card,Online,Returned
ORD-102660,2023-12-19,West,California,WE-02,CUST-00977,Consumer,Apparel,Footwear,1,74.89,0.15,4.99,Credit Card,Online,Completed
ORD-100089,2023-12-19,South,Texas,SO-04,CUST-00987,Consumer,Books,Children's,2,20.21,0.05,7.99,Credit Card,Online,Cancelled
ORD-103735,2023-12-19,West,Washington,WE-02,CUST-00869,Consumer,Apparel,Kids' Wear,4,35.94,0.0,0.0,Credit Card,In-Store,Completed
ORD-100712,2023-12-19,East,New Jersey,EA-02,CUST-01085,Consumer,Home Goods,Furniture,3,272.09,0.0,0.0,PayPal,Online,Returned
ORD-103842,2023-12-20,North,Wisconsin,NO-04,CUST-01093,Home Office,Apparel,Kids' Wear,1,65.83,0.0,0.0,Credit Card,Online,Completed
ORD-100969,2023-12-20,South,Florida,SO-03,CUST-01381,Consumer,Home Goods,Kitchenware,5,180.98,0.0,0.0,Gift Card,In-Store,Completed
ORD-102875,2023-12-20,East,New York,EA-01,CUST-00620,Consumer,Books,Children's,2,9.41,0.1,0.0,PayPal,In-Store,Completed
ORD-105221,2023-12-20,North,Wisconsin,NO-01,CUST-00422,Consumer,Electronics,Headphones,3,278.39,0.0,4.99,Gift Card,Online,Completed
ORD-101025,2023-12-20,East,Massachusetts,EA-02,CUST-00251,Consumer,Apparel,Men's Wear,2,75.02,0.1,4.99,Cash,Online,Completed
ORD-101405,2023-12-20,Central,Missouri,CE-05,CUST-01129,Corporate,Electronics,Headphones,2,455.84,0.05,0.0,Debit Card,Online,Completed
ORD-103266,2023-12-20,Central,Ohio,CE-01,CUST-00889,Consumer,Books,Educational,3,13.09,0.0,0.0,Credit Card,In-Store,Returned
ORD-100595,2023-12-20,West,California,WE-02,CUST-00309,Corporate,Electronics,Smart Home,3,311.91,0.0,0.0,PayPal,In-Store,Completed
ORD-105494,2023-12-20,North,North Dakota,NO-05,CUST-00494,Consumer,Apparel,Women's Wear,6,41.76,0.25,4.99,PayPal,Online,Completed
ORD-104432,2023-12-20,West,California,WE-04,CUST-01789,Consumer,Electronics,Laptops,3,242.48,0.2,4.99,Credit Card,Online,Returned
ORD-103344,2023-12-20,North,Wisconsin,NO-02,CUST-01260,Corporate,Home Goods,Furniture,3,590.35,0.25,0.0,PayPal,In-Store,Completed
ORD-102731,2023-12-20,North,North Dakota,NO-03,CUST-01237,Consumer,Home Goods,Kitchenware,3,177.61,0.15,7.99,Credit Card,Online,Completed
ORD-105831,2023-12-20,South,Georgia,SO-01,CUST-00340,Consumer,Home Goods,Furniture,3,317.95,0.05,0.0,Gift Card,In-Store,Completed
ORD-105249,2023-12-20,East,New Jersey,EA-05,CUST-00530,Consumer,Home Goods,Furniture,3,529.91,0.05,0.0,PayPal,Online,Completed
ORD-104652,2023-12-20,East,Massachusetts,EA-04,CUST-00896,Home Office,Electronics,Laptops,3,363.71,0.0,7.99,Credit Card,Online,Completed
ORD-105158,2023-12-20,West,California,WE-03,CUST-01628,Consumer,Sporting Goods,Fitness Equipment,2,83.24,0.0,0.0,Debit Card,In-Store,Completed
ORD-105066,2023-12-20,Central,Ohio,CE-02,CUST-01163,Consumer,Beauty & Health,Wellness,2,59.48,0.2,7.99,Credit Card,Online,Completed
ORD-102468,2023-12-20,South,Florida,SO-02,CUST-01623,Home Office,Apparel,Footwear,1,55.46,0.0,0.0,PayPal,In-Store,Completed
ORD-100338,2023-12-20,East,New Jersey,EA-03,CUST-00062,Consumer,Sporting Goods,Footwear,7,107.57,0.2,0.0,Credit Card,Online,Completed
ORD-101767,2023-12-20,South,Florida,SO-01,CUST-00654,Consumer,Home Goods,Bedding,1,182.25,0.1,0.0,PayPal,In-Store,Completed
ORD-104970,2023-12-20,Central,Ohio,CE-04,CUST-00001,Consumer,Home Goods,Decor,2,282.72,0.0,0.0,Gift Card,In-Store,Returned
ORD-105595,2023-12-21,West,Washington,WE-04,CUST-00039,Home Office,Electronics,Headphones,3,570.18,0.0,0.0,Cash,Online,Completed
ORD-104205,2023-12-21,South,Georgia,SO-02,CUST-00469,Consumer,Electronics,Cameras,4,578.58,0.15,0.0,Credit Card,In-Store,Returned
ORD-103819,2023-12-21,East,Massachusetts,EA-01,CUST-00887,Consumer,Home Goods,Bedding,3,573.09,0.0,0.0,PayPal,In-Store,Completed
ORD-104306,2023-12-21,North,North Dakota,NO-02,CUST-01390,Consumer,Home Goods,Decor,1,185.87,0.15,0.0,Gift Card,In-Store,Completed
ORD-101501,2023-12-21,East,New York,EA-03,CUST-01492,Corporate,Home Goods,Decor,7,745.36,0.05,0.0,Credit Card,In-Store,Completed
ORD-104092,2023-12-21,South,Texas,SO-03,CUST-00420,Consumer,Electronics,Headphones,3,228.09,0.15,0.0,Credit Card,In-Store,Completed
ORD-102808,2023-12-21,East,New York,EA-04,CUST-00850,Consumer,Electronics,Cameras,4,436.28,0.0,7.99,Credit Card,Online,Returned
ORD-104273,2023-12-21,South,Georgia,SO-01,CUST-00240,Consumer,Apparel,Accessories,3,49.93,0.05,7.99,Cash,Online,Completed
ORD-105306,2023-12-21,North,North Dakota,NO-02,CUST-00537,Corporate,Beauty & Health,Makeup,3,43.32,0.0,0.0,PayPal,Online,Cancelled
ORD-102517,2023-12-21,North,North Dakota,NO-03,CUST-00718,Consumer,Home Goods,Kitchenware,3,139.5,0.15,0.0,PayPal,In-Store,Completed
ORD-102573,2023-12-21,West,Oregon,WE-05,CUST-00394,Consumer,Home Goods,Storage,4,306.14,0.0,0.0,Debit Card,Online,Completed
ORD-105117,2023-12-22,West,California,WE-03,CUST-01280,Consumer,Apparel,Accessories,2,54.84,0.0,0.0,Debit Card,In-Store,Completed
ORD-101274,2023-12-22,West,California,WE-04,CUST-01623,Consumer,Beauty & Health,Skincare,2,91.58,0.0,0.0,Credit Card,Online,Completed
ORD-105884,2023-12-22,West,California,WE-01,CUST-00198,Consumer,Electronics,Headphones,1,560.83,0.15,0.0,Gift Card,In-Store,Completed
ORD-100699,2023-12-22,South,Georgia,SO-04,CUST-00161,Consumer,Electronics,Cameras,3,365.39,0.0,0.0,Credit Card,In-Store,Completed
ORD-101745,2023-12-22,East,Massachusetts,EA-02,CUST-01780,Consumer,Apparel,Footwear,1,74.26,0.05,0.0,Credit Card,Online,Completed
ORD-101058,2023-12-22,West,California,WE-01,CUST-01328,Consumer,Electronics,Smart Home,4,197.69,0.15,0.0,Credit Card,In-Store,Completed
ORD-102830,2023-12-22,East,New York,EA-01,CUST-00498,Corporate,Electronics,Smartphones,3,337.35,0.0,0.0,Gift Card,Online,Completed
ORD-101251,2023-12-22,East,New Jersey,EA-04,CUST-00992,Consumer,Sporting Goods,Outdoor Gear,2,81.78,0.0,12.99,PayPal,Online,Completed
ORD-105255,2023-12-22,West,Washington,WE-04,CUST-00315,Consumer,Apparel,Accessories,3,126.13,0.1,7.99,Credit Card,Online,Completed
ORD-102288,2023-12-22,West,Washington,WE-02,CUST-00780,Consumer,Beauty & Health,Wellness,4,35.03,0.0,0.0,Cash,In-Store,Completed
ORD-104323,2023-12-22,South,Florida,SO-03,CUST-00760,Consumer,Electronics,Smartphones,6,401.29,0.2,0.0,Credit Card,Online,Completed
ORD-101267,2023-12-22,West,Washington,WE-04,CUST-00838,Corporate,Apparel,Men's Wear,2,85.45,0.0,7.99,Debit Card,Online,Completed
ORD-101138,2023-12-22,Central,Illinois,CE-02,CUST-01596,Corporate,Sporting Goods,Outdoor Gear,4,279.23,0.0,7.99,Credit Card,Online,Completed
ORD-101927,2023-12-22,East,Massachusetts,EA-01,CUST-00896,Consumer,Books,Non-Fiction,6,27.59,0.0,4.99,Credit Card,Online,Completed
ORD-104760,2023-12-23,South,Florida,SO-04,CUST-00813,Consumer,Books,Fiction,6,15.42,0.0,7.99,Debit Card,Online,Completed
ORD-104901,2023-12-23,South,Georgia,SO-04,CUST-01054,Consumer,Electronics,Smartphones,2,633.55,0.05,7.99,Credit Card,Online,Completed
ORD-103905,2023-12-23,South,Georgia,SO-02,CUST-01105,Consumer,Apparel,Men's Wear,1,139.71,0.1,0.0,Credit Card,In-Store,Completed
ORD-105078,2023-12-23,South,Texas,SO-04,CUST-00534,Consumer,Apparel,Women's Wear,2,63.87,0.0,0.0,Debit Card,In-Store,Completed
ORD-103547,2023-12-23,West,Washington,WE-01,CUST-00185,Consumer,Electronics,Laptops,5,115.26,0.0,4.99,Debit Card,Online,Completed
ORD-103051,2023-12-23,Central,Ohio,CE-05,CUST-00230,Home Office,Sporting Goods,Team Sports,3,340.13,0.0,0.0,PayPal,In-Store,Completed
ORD-103827,2023-12-23,East,New York,EA-04,CUST-01108,Consumer,Electronics,Smartphones,2,461.97,0.05,7.99,Credit Card,Online,Completed
ORD-104964,2023-12-23,South,Georgia,SO-05,CUST-00301,Consumer,Sporting Goods,Footwear,3,60.08,0.05,0.0,PayPal,In-Store,Completed
ORD-105123,2023-12-23,West,California,WE-03,CUST-01687,Consumer,Books,Educational,5,20.98,0.0,0.0,Debit Card,In-Store,Completed
ORD-100623,2023-12-23,Central,Missouri,CE-05,CUST-01761,Home Office,Home Goods,Bedding,4,169.2,0.15,4.99,Credit Card,Online,Completed
ORD-101983,2023-12-23,South,Texas,SO-03,CUST-00017,Corporate,Beauty & Health,Haircare,4,49.91,0.05,0.0,PayPal,Online,Completed
ORD-105998,2023-12-23,West,Oregon,WE-04,CUST-01643,Home Office,Books,Children's,3,17.0,0.0,12.99,Credit Card,Online,Completed
ORD-105374,2023-12-23,East,New Jersey,EA-05,CUST-01323,Corporate,Books,Children's,1,13.45,0.2,0.0,Credit Card,In-Store,Returned
ORD-102729,2023-12-23,Central,Illinois,CE-05,CUST-00864,Consumer,Home Goods,Decor,1,268.56,0.0,0.0,Cash,In-Store,Completed
ORD-103580,2023-12-23,Central,Missouri,CE-05,CUST-00941,Consumer,Apparel,Women's Wear,6,86.39,0.0,12.99,Debit Card,Online,Completed
ORD-104475,2023-12-23,West,Washington,WE-03,CUST-01406,Consumer,Home Goods,Bedding,3,132.29,0.0,0.0,Credit Card,In-Store,Completed
ORD-101545,2023-12-23,East,New Jersey,EA-05,CUST-01662,Consumer,Apparel,Kids' Wear,3,100.06,0.15,7.99,Credit Card,Online,Completed
ORD-102412,2023-12-23,North,North Dakota,NO-05,CUST-00953,Home Office,Home Goods,Furniture,5,279.85,0.0,0.0,Cash,Online,Completed
ORD-105281,2023-12-23,West,California,WE-04,CUST-00888,Consumer,Books,Non-Fiction,2,25.77,0.1,0.0,Debit Card,Online,Completed
ORD-103277,2023-12-23,South,Georgia,SO-02,CUST-00667,Consumer,Books,Comics,4,15.27,0.05,0.0,Debit Card,In-Store,Returned
ORD-104375,2023-12-23,East,New York,EA-03,CUST-01019,Corporate,Home Goods,Kitchenware,2,697.79,0.15,0.0,Credit Card,In-Store,Completed
ORD-105072,2023-12-23,West,California,WE-02,CUST-00852,Home Office,Apparel,Women's Wear,5,94.71,0.1,0.0,Credit Card,In-Store,Completed
ORD-103316,2023-12-23,South,Florida,SO-02,CUST-01472,Consumer,Apparel,Accessories,3,68.92,0.0,0.0,Gift Card,In-Store,Completed
ORD-105964,2023-12-23,East,Massachusetts,EA-04,CUST-00046,Corporate,Apparel,Kids' Wear,3,39.68,0.1,0.0,Cash,In-Store,Completed
ORD-102051,2023-12-23,North,Wisconsin,NO-03,CUST-01743,Consumer,Apparel,Kids' Wear,4,101.75,0.0,0.0,Cash,In-Store,Completed
ORD-102486,2023-12-23,Central,Ohio,CE-05,CUST-01751,Home Office,Sporting Goods,Footwear,3,69.25,0.05,0.0,Cash,In-Store,Returned
ORD-105885,2023-12-24,Central,Illinois,CE-03,CUST-01490,Consumer,Electronics,Laptops,4,425.91,0.0,0.0,Credit Card,Online,Completed
ORD-101757,2023-12-24,West,Oregon,WE-01,CUST-01723,Corporate,Apparel,Men's Wear,4,15.31,0.1,0.0,Cash,Online,Completed
ORD-103646,2023-12-24,North,Wisconsin,NO-05,CUST-01684,Consumer,Electronics,Headphones,2,1200.0,0.0,0.0,Debit Card,In-Store,Cancelled
ORD-101432,2023-12-24,South,Texas,SO-03,CUST-01483,Consumer,Home Goods,Bedding,7,392.49,0.0,0.0,Credit Card,In-Store,Completed
ORD-103635,2023-12-24,Central,Illinois,CE-04,CUST-00123,Consumer,Books,Children's,3,41.05,0.05,7.99,Debit Card,Online,Completed
ORD-101204,2023-12-24,South,Georgia,SO-05,CUST-00662,Corporate,Apparel,Women's Wear,3,86.39,0.0,4.99,Debit Card,Online,Completed
ORD-105879,2023-12-24,West,Oregon,WE-02,CUST-00162,Home Office,Apparel,Women's Wear,2,91.94,0.0,4.99,PayPal,Online,Completed
ORD-104934,2023-12-24,Central,Missouri,CE-02,CUST-00345,Consumer,Electronics,Headphones,2,527.37,0.0,7.99,Debit Card,Online,Completed
ORD-102009,2023-12-24,South,Georgia,SO-01,CUST-01641,Consumer,Home Goods,Furniture,2,143.01,0.0,0.0,Credit Card,In-Store,Completed
ORD-104612,2023-12-24,South,Georgia,SO-02,CUST-00582,Home Office,Sporting Goods,Fitness Equipment,3,192.77,0.0,0.0,Credit Card,In-Store,Completed
ORD-101763,2023-12-24,North,Minnesota,NO-01,CUST-00056,Consumer,Electronics,Headphones,3,573.57,0.0,0.0,Debit Card,In-Store,Returned
ORD-103478,2023-12-24,East,Massachusetts,EA-04,CUST-01248,Consumer,Electronics,Smart Home,4,356.27,0.1,0.0,PayPal,In-Store,Completed
ORD-101009,2023-12-24,Central,Illinois,CE-04,CUST-01786,Consumer,Books,Non-Fiction,4,13.77,0.0,0.0,Credit Card,Online,Completed
ORD-101354,2023-12-24,West,California,WE-03,CUST-00731,Corporate,Home Goods,Decor,3,155.61,0.0,0.0,PayPal,In-Store,Completed
ORD-103577,2023-12-24,East,New York,EA-03,CUST-01746,Corporate,Home Goods,Furniture,3,384.2,0.1,0.0,Cash,Online,Completed
ORD-103557,2023-12-24,West,Washington,WE-04,CUST-00787,Consumer,Sporting Goods,Team Sports,1,123.39,0.1,0.0,Cash,In-Store,Completed
ORD-104496,2023-12-24,East,New Jersey,EA-03,CUST-01792,Home Office,Books,Fiction,6,13.12,0.15,7.99,Credit Card,Online,Completed
ORD-101524,2023-12-24,North,Wisconsin,NO-03,CUST-00866,Corporate,Apparel,Accessories,4,59.24,0.15,4.99,Credit Card,Online,Completed
ORD-102545,2023-12-24,Central,Illinois,CE-05,CUST-01202,Consumer,Electronics,Smart Home,5,901.42,0.0,0.0,Cash,In-Store,Completed
ORD-102272,2023-12-24,West,California,WE-02,CUST-01609,Corporate,Beauty & Health,Makeup,4,65.71,0.0,0.0,Credit Card,Online,Completed
ORD-102458,2023-12-24,East,Massachusetts,EA-01,CUST-00542,Corporate,Home Goods,Bedding,4,142.29,0.0,0.0,PayPal,In-Store,Completed
ORD-101687,2023-12-24,East,Massachusetts,EA-03,CUST-00074,Consumer,Apparel,Women's Wear,3,94.97,0.1,4.99,Debit Card,Online,Completed
ORD-100921,2023-12-24,East,New York,EA-02,CUST-00101,Consumer,Home Goods,Decor,3,329.22,0.0,0.0,PayPal,Online,Completed
ORD-102363,2023-12-24,South,Georgia,SO-04,CUST-00067,Consumer,Home Goods,Bedding,6,167.39,0.0,0.0,Credit Card,Online,Completed
ORD-100153,2023-12-24,North,Wisconsin,NO-04,CUST-01381,Corporate,Electronics,Headphones,4,257.56,0.0,4.99,PayPal,Online,Completed
ORD-105046,2023-12-25,West,Washington,WE-04,CUST-00636,Corporate,Apparel,Footwear,3,20.78,0.0,0.0,Credit Card,In-Store,Completed
ORD-104415,2023-12-25,East,Massachusetts,EA-04,CUST-01444,Consumer,Books,Fiction,2,45.0,0.05,0.0,PayPal,In-Store,Completed
ORD-103594,2023-12-25,Central,Missouri,CE-05,CUST-01187,Home Office,Apparel,Kids' Wear,4,48.84,0.0,0.0,Debit Card,In-Store,Completed
ORD-101257,2023-12-26,North,Wisconsin,NO-05,CUST-00408,Consumer,Home Goods,Furniture,2,192.33,0.05,7.99,Credit Card,Online,Completed
ORD-100578,2023-12-26,North,Wisconsin,NO-04,CUST-00931,Consumer,Books,Educational,4,12.74,0.1,0.0,PayPal,Online,Completed
ORD-103165,2023-12-26,West,California,WE-04,CUST-01197,Consumer,Beauty & Health,Skincare,1,28.9,0.0,7.99,Debit Card,Online,Completed
ORD-105503,2023-12-26,Central,Ohio,CE-04,CUST-01364,Consumer,Beauty & Health,Makeup,2,27.41,0.0,0.0,PayPal,Online,Completed
ORD-105418,2023-12-26,North,Wisconsin,NO-05,CUST-00832,Consumer,Apparel,Footwear,2,86.48,0.0,0.0,Credit Card,In-Store,Completed
ORD-100340,2023-12-26,West,California,WE-04,CUST-01492,Consumer,Apparel,Accessories,3,34.03,0.0,4.99,Credit Card,Online,Completed
ORD-102495,2023-12-27,Central,Illinois,CE-02,CUST-00525,Consumer,Sporting Goods,Outdoor Gear,6,138.39,0.1,0.0,Debit Card,Online,Completed
ORD-100455,2023-12-27,Central,Missouri,CE-03,CUST-00631,Consumer,Electronics,Smart Home,4,235.1,0.0,7.99,Credit Card,Online,Completed
ORD-102688,2023-12-27,North,Wisconsin,NO-02,CUST-01494,Consumer,Sporting Goods,Outdoor Gear,3,120.29,0.0,7.99,Credit Card,Online,Completed
ORD-103764,2023-12-27,West,Oregon,WE-02,CUST-01621,Consumer,Sporting Goods,Fitness Equipment,5,173.97,0.0,0.0,Credit Card,In-Store,Completed
ORD-104788,2023-12-27,Central,Ohio,CE-04,CUST-00903,Corporate,Books,Educational,4,11.74,0.0,0.0,Credit Card,In-Store,Cancelled
ORD-102312,2023-12-27,West,California,WE-04,CUST-01699,Consumer,Electronics,Laptops,2,808.02,0.0,0.0,Gift Card,Online,Completed
ORD-105892,2023-12-27,South,Texas,SO-04,CUST-01273,Consumer,Beauty & Health,Makeup,2,99.41,0.0,0.0,PayPal,Online,Completed
ORD-103994,2023-12-27,Central,Ohio,CE-03,CUST-01502,Consumer,Apparel,Footwear,6,79.35,0.25,4.99,Credit Card,Online,Completed
ORD-100233,2023-12-27,West,California,WE-04,CUST-00253,Corporate,Electronics,Headphones,2,257.82,0.0,0.0,Credit Card,In-Store,Completed
ORD-103579,2023-12-27,Central,Missouri,CE-01,CUST-00793,Consumer,Books,Comics,3,7.91,0.05,0.0,PayPal,In-Store,Cancelled
ORD-100582,2023-12-27,Central,Ohio,CE-02,CUST-01390,Corporate,Home Goods,Furniture,3,424.44,0.0,0.0,Credit Card,In-Store,Completed
ORD-101373,2023-12-27,Central,Missouri,CE-05,CUST-00295,Consumer,Electronics,Smart Home,7,1029.69,0.0,0.0,Credit Card,Online,Completed
ORD-102628,2023-12-28,East,Massachusetts,EA-01,CUST-01755,Consumer,Apparel,Men's Wear,3,48.77,0.15,0.0,Credit Card,In-Store,Completed
ORD-100095,2023-12-28,Central,Missouri,CE-05,CUST-01284,Consumer,Apparel,Women's Wear,3,129.27,0.0,0.0,Credit Card,Online,Completed
ORD-102148,2023-12-28,North,Wisconsin,NO-05,CUST-01480,Corporate,Apparel,Kids' Wear,5,75.91,0.0,12.99,Credit Card,Online,Completed
ORD-100423,2023-12-28,West,California,WE-02,CUST-01754,Consumer,Beauty & Health,Personal Care,3,42.12,0.0,4.99,PayPal,Online,Completed
ORD-105681,2023-12-28,West,Oregon,WE-04,CUST-01756,Consumer,Home Goods,Decor,6,417.04,0.2,0.0,Debit Card,Online,Completed
ORD-101131,2023-12-29,East,New Jersey,EA-02,CUST-01506,Consumer,Sporting Goods,Team Sports,5,249.65,0.0,4.99,Credit Card,Online,Completed
ORD-100985,2023-12-29,West,California,WE-03,CUST-01766,Corporate,Home Goods,Storage,2,800.0,0.0,4.99,Debit Card,Online,Completed
ORD-101137,2023-12-29,South,Texas,SO-04,CUST-00646,Consumer,Home Goods,Storage,4,154.91,0.15,0.0,Credit Card,In-Store,Completed
ORD-100041,2023-12-29,East,New Jersey,EA-05,CUST-00966,Corporate,Home Goods,Storage,1,251.34,0.0,7.99,Credit Card,Online,Completed
ORD-102085,2023-12-30,South,Texas,SO-02,CUST-00886,Consumer,Apparel,Women's Wear,5,73.67,0.0,0.0,Credit Card,In-Store,Completed
ORD-101987,2023-12-30,East,New Jersey,EA-04,CUST-01695,Corporate,Beauty & Health,Haircare,4,22.85,0.25,0.0,Debit Card,Online,Completed
ORD-104504,2023-12-30,South,Texas,SO-05,CUST-00782,Corporate,Home Goods,Furniture,2,390.48,0.0,0.0,PayPal,Online,Completed
ORD-101450,2023-12-30,East,Massachusetts,EA-01,CUST-00327,Consumer,Apparel,Accessories,4,150.0,0.05,4.99,Debit Card,Online,Completed
ORD-102876,2023-12-30,Central,Illinois,CE-04,CUST-01042,Consumer,Home Goods,Decor,3,157.32,0.0,4.99,Credit Card,Online,Completed
ORD-105819,2023-12-30,West,Oregon,WE-04,CUST-00348,Consumer,Sporting Goods,Team Sports,6,161.51,0.15,4.99,Credit Card,Online,Completed
ORD-101663,2023-12-30,North,Wisconsin,NO-03,CUST-00731,Consumer,Apparel,Accessories,2,75.49,0.0,7.99,Debit Card,Online,Returned
ORD-100142,2023-12-30,West,Washington,WE-04,CUST-00019,Corporate,Electronics,Cameras,4,315.61,0.1,4.99,Credit Card,Online,Cancelled
ORD-100978,2023-12-30,West,California,WE-05,CUST-00368,Consumer,Electronics,Laptops,4,230.43,0.15,4.99,Gift Card,Online,Completed
ORD-102969,2023-12-30,South,Florida,SO-03,CUST-01122,Consumer,Books,Educational,2,45.0,0.0,0.0,Credit Card,Online,Completed
ORD-101583,2023-12-30,North,Wisconsin,NO-01,CUST-00246,Corporate,Books,Children's,4,15.93,0.0,4.99,Credit Card,Online,Completed
ORD-102597,2023-12-30,North,Minnesota,NO-02,CUST-01563,Consumer,Apparel,Women's Wear,3,69.02,0.0,0.0,Debit Card,In-Store,Completed
ORD-100834,2023-12-31,East,New York,EA-04,CUST-01154,Home Office,Apparel,Footwear,3,62.79,0.0,0.0,Credit Card,In-Store,Completed
ORD-105993,2023-12-31,West,California,WE-05,CUST-01166,Corporate,Electronics,Cameras,2,378.21,0.25,0.0,Credit Card,Online,Completed
ORD-104217,2023-12-31,North,North Dakota,NO-02,CUST-01605,Consumer,Electronics,Cameras,3,187.29,0.0,0.0,PayPal,In-Store,Completed
ORD-101938,2023-12-31,Central,Missouri,CE-02,CUST-01267,Consumer,Electronics,Laptops,4,139.06,0.15,0.0,Credit Card,In-Store,Completed
ORD-101329,2023-12-31,Central,Missouri,CE-01,CUST-00016,Consumer,Sporting Goods,Outdoor Gear,4,258.55,0.15,0.0,Gift Card,Online,Completed
ORD-105359,2023-12-31,West,California,WE-05,CUST-01388,Consumer,Home Goods,Furniture,4,317.5,0.0,7.99,Debit Card,Online,Completed
ORD-100649,2023-12-31,East,New Jersey,EA-04,CUST-00496,Corporate,Electronics,Cameras,3,1053.42,0.0,4.99,Debit Card,Online,Completed
ORD-101279,2023-12-31,South,Florida,SO-05,CUST-01318,Home Office,Books,Comics,1,18.74,0.0,4.99,Credit Card,Online,Completed
ORD-102816,2023-12-31,South,Georgia,SO-05,CUST-00801,Corporate,Beauty & Health,Makeup,4,44.36,0.05,0.0,PayPal,In-Store,Completed
ORD-103456,2024-01-01,East,New York,EA-03,CUST-00773,Consumer,Apparel,Accessories,4,36.72,0.15,0.0,PayPal,Online,Completed
ORD-104627,2024-01-01,East,Massachusetts,EA-05,CUST-00573,Consumer,Beauty & Health,Haircare,2,20.77,0.0,0.0,Debit Card,In-Store,Completed
ORD-104570,2024-01-01,Central,Missouri,CE-03,CUST-00033,Consumer,Home Goods,Storage,3,605.46,0.05,0.0,Debit Card,In-Store,Cancelled
ORD-105686,2024-01-01,North,Wisconsin,NO-05,CUST-01029,Consumer,Electronics,Laptops,3,373.95,0.0,0.0,Credit Card,In-Store,Completed
ORD-103246,2024-01-01,West,Washington,WE-04,CUST-00985,Consumer,Sporting Goods,Outdoor Gear,5,71.87,0.0,7.99,Credit Card,Online,Completed
ORD-104111,2024-01-01,Central,Ohio,CE-01,CUST-01226,Consumer,Apparel,Footwear,2,53.31,0.0,0.0,Debit Card,In-Store,Returned
ORD-104192,2024-01-01,North,Wisconsin,NO-02,CUST-00654,Corporate,Apparel,Men's Wear,2,51.99,0.05,0.0,Debit Card,Online,Completed
ORD-102768,2024-01-01,Central,Missouri,CE-03,CUST-00796,Corporate,Electronics,Cameras,2,478.56,0.0,4.99,Credit Card,Online,Completed
ORD-102559,2024-01-01,East,New Jersey,EA-03,CUST-00119,Consumer,Electronics,Headphones,3,232.26,0.0,0.0,Cash,In-Store,Completed
ORD-102647,2024-01-01,West,California,WE-05,CUST-01596,Corporate,Electronics,Headphones,2,993.37,0.05,0.0,Credit Card,Online,Completed
ORD-103661,2024-01-02,West,Oregon,WE-01,CUST-01299,Consumer,Apparel,Men's Wear,4,66.39,0.0,4.99,Credit Card,Online,Completed
ORD-100275,2024-01-02,Central,Illinois,CE-02,CUST-01360,Consumer,Apparel,Footwear,7,51.0,0.25,12.99,Debit Card,Online,Completed
ORD-103733,2024-01-02,East,New York,EA-04,CUST-00014,Corporate,Home Goods,Storage,4,226.05,0.1,0.0,Credit Card,In-Store,Completed
ORD-100743,2024-01-03,West,Oregon,WE-02,CUST-01671,Consumer,Apparel,Men's Wear,3,50.17,0.0,0.0,Debit Card,In-Store,Completed
ORD-103163,2024-01-03,Central,Illinois,CE-04,CUST-00463,Corporate,Apparel,Kids' Wear,4,77.4,0.0,0.0,Credit Card,Online,Returned
ORD-105242,2024-01-03,South,Texas,SO-02,CUST-01168,Home Office,Electronics,Headphones,2,282.86,0.0,0.0,Credit Card,Online,Completed
ORD-100147,2024-01-03,East,Massachusetts,EA-05,CUST-01418,Consumer,Home Goods,Furniture,2,183.5,0.1,0.0,Credit Card,Online,Completed
ORD-103880,2024-01-03,Central,Missouri,CE-05,CUST-00489,Consumer,Home Goods,Kitchenware,5,63.02,0.0,0.0,PayPal,In-Store,Completed
ORD-101691,2024-01-03,East,Massachusetts,EA-01,CUST-00738,Consumer,Apparel,Women's Wear,1,31.19,0.0,7.99,Credit Card,Online,Completed
ORD-105062,2024-01-03,South,Florida,SO-05,CUST-00310,Home Office,Books,Non-Fiction,2,22.14,0.0,0.0,PayPal,Online,Completed
ORD-100231,2024-01-03,Central,Illinois,CE-05,CUST-01692,Consumer,Home Goods,Storage,1,204.58,0.0,12.99,Cash,Online,Completed
ORD-100848,2024-01-03,West,Washington,WE-05,CUST-01394,Consumer,Home Goods,Storage,4,220.31,0.0,7.99,Debit Card,Online,Completed
ORD-102582,2024-01-04,Central,Missouri,CE-01,CUST-01228,Consumer,Books,Non-Fiction,4,14.63,0.2,0.0,Gift Card,In-Store,Completed
ORD-100608,2024-01-04,North,Minnesota,NO-03,CUST-00196,Consumer,Home Goods,Storage,2,285.96,0.05,0.0,Credit Card,In-Store,Completed
ORD-105794,2024-01-04,North,Wisconsin,NO-04,CUST-00679,Consumer,Electronics,Cameras,3,161.3,0.0,0.0,Credit Card,In-Store,Completed
ORD-100350,2024-01-04,East,New Jersey,EA-04,CUST-01445,Consumer,Apparel,Men's Wear,2,128.81,0.05,0.0,Debit Card,In-Store,Completed
ORD-104829,2024-01-04,East,New Jersey,EA-04,CUST-00912,Corporate,Apparel,Men's Wear,4,19.38,0.05,0.0,Gift Card,In-Store,Completed
ORD-105996,2024-01-04,East,New York,EA-01,CUST-00396,Consumer,Apparel,Men's Wear,3,48.89,0.15,4.99,Debit Card,Online,Completed
ORD-103201,2024-01-04,Central,Missouri,CE-03,CUST-00223,Consumer,Electronics,Cameras,3,180.37,0.05,0.0,Cash,In-Store,Completed
ORD-105234,2024-01-05,Central,Ohio,CE-05,CUST-00141,Consumer,Electronics,Smart Home,2,226.76,0.0,0.0,Credit Card,In-Store,Returned
ORD-105381,2024-01-05,West,Washington,WE-04,CUST-00025,Home Office,Sporting Goods,Team Sports,4,297.59,0.15,0.0,Cash,In-Store,Returned
ORD-105506,2024-01-05,South,Georgia,SO-04,CUST-00647,Consumer,Sporting Goods,Footwear,2,105.14,0.0,0.0,Debit Card,In-Store,Completed
ORD-104592,2024-01-05,South,Georgia,SO-02,CUST-01073,Consumer,Electronics,Laptops,6,982.76,0.0,0.0,Credit Card,In-Store,Completed
ORD-100402,2024-01-06,Central,Ohio,CE-04,CUST-01376,Corporate,Beauty & Health,Skincare,4,22.59,0.0,0.0,Gift Card,In-Store,Completed
ORD-104253,2024-01-06,South,Georgia,SO-01,CUST-01056,Corporate,Home Goods,Decor,4,276.76,0.25,4.99,Gift Card,Online,Completed
ORD-104379,2024-01-06,East,New Jersey,EA-01,CUST-00083,Consumer,Home Goods,Bedding,4,534.59,0.0,0.0,Credit Card,In-Store,Completed
ORD-104696,2024-01-06,East,Massachusetts,EA-02,CUST-00062,Consumer,Home Goods,Bedding,3,213.66,0.0,0.0,Credit Card,Online,Completed
ORD-102855,2024-01-06,West,Oregon,WE-05,CUST-01439,Corporate,Electronics,Headphones,4,497.09,0.05,4.99,PayPal,Online,Cancelled
ORD-103553,2024-01-06,South,Texas,SO-04,CUST-01388,Consumer,Beauty & Health,Skincare,3,74.9,0.0,0.0,Cash,Online,Completed
ORD-105849,2024-01-06,Central,Missouri,CE-05,CUST-01700,Consumer,Electronics,Headphones,3,162.46,0.0,0.0,Debit Card,In-Store,Completed
ORD-103195,2024-01-06,East,New Jersey,EA-05,CUST-01391,Corporate,Apparel,Kids' Wear,5,13.67,0.0,0.0,PayPal,In-Store,Completed
ORD-105465,2024-01-06,Central,Ohio,CE-03,CUST-01688,Consumer,Home Goods,Kitchenware,3,246.99,0.0,7.99,Credit Card,Online,Completed
ORD-102987,2024-01-06,East,New York,EA-05,CUST-00369,Consumer,Electronics,Cameras,2,258.74,0.05,0.0,Cash,In-Store,Completed
ORD-100792,2024-01-06,East,New York,EA-03,CUST-01333,Consumer,Books,Fiction,4,45.0,0.05,12.99,PayPal,Online,Completed
ORD-105085,2024-01-06,South,Texas,SO-02,CUST-01509,Corporate,Home Goods,Storage,2,403.92,0.0,0.0,Debit Card,In-Store,Completed
ORD-102121,2024-01-06,South,Texas,SO-04,CUST-00850,Corporate,Apparel,Footwear,4,65.77,0.0,0.0,Credit Card,In-Store,Completed
ORD-102414,2024-01-06,East,New York,EA-04,CUST-00727,Corporate,Electronics,Laptops,4,253.75,0.0,0.0,Cash,In-Store,Completed
ORD-101872,2024-01-06,East,New Jersey,EA-05,CUST-00079,Consumer,Apparel,Accessories,7,100.02,0.0,4.99,PayPal,Online,Completed
ORD-102277,2024-01-07,Central,Missouri,CE-05,CUST-00315,Consumer,Beauty & Health,Wellness,4,79.81,0.0,0.0,Gift Card,In-Store,Completed
ORD-101703,2024-01-07,East,New Jersey,EA-02,CUST-01505,Consumer,Electronics,Laptops,3,268.58,0.05,0.0,Cash,In-Store,Completed
ORD-102886,2024-01-07,West,California,WE-05,CUST-00684,Corporate,Sporting Goods,Footwear,4,56.22,0.0,0.0,Debit Card,In-Store,Completed
ORD-102310,2024-01-07,East,Massachusetts,EA-01,CUST-01688,Home Office,Apparel,Accessories,7,47.42,0.15,0.0,Credit Card,In-Store,Completed
ORD-101421,2024-01-07,South,Georgia,SO-04,CUST-01680,Home Office,Books,Children's,3,31.82,0.0,7.99,PayPal,Online,Completed
ORD-103353,2024-01-07,East,Massachusetts,EA-04,CUST-00817,Consumer,Sporting Goods,Cycling,4,239.5,0.0,4.99,Debit Card,Online,Completed
ORD-104697,2024-01-08,Central,Missouri,CE-04,CUST-00621,Consumer,Apparel,Kids' Wear,8,42.89,0.0,0.0,Debit Card,In-Store,Completed
ORD-101877,2024-01-08,East,New Jersey,EA-04,CUST-01351,Corporate,Apparel,Accessories,4,33.03,0.0,4.99,PayPal,Online,Completed
ORD-103261,2024-01-08,Central,Illinois,CE-04,CUST-00144,Consumer,Beauty & Health,Personal Care,3,43.06,0.1,0.0,Gift Card,Online,Completed
ORD-101167,2024-01-08,North,Wisconsin,NO-03,CUST-01413,Corporate,Beauty & Health,Skincare,3,86.09,0.1,0.0,Credit Card,In-Store,Completed
ORD-100692,2024-01-08,Central,Ohio,CE-02,CUST-01622,Consumer,Books,Non-Fiction,1,14.0,0.1,0.0,Cash,In-Store,Completed
ORD-100103,2024-01-09,North,Minnesota,NO-02,CUST-00997,Corporate,Apparel,Accessories,2,38.0,0.0,0.0,PayPal,In-Store,Completed
ORD-102947,2024-01-09,South,Georgia,SO-03,CUST-00090,Consumer,Home Goods,Bedding,4,259.64,0.1,0.0,Credit Card,In-Store,Completed
ORD-104753,2024-01-09,East,Massachusetts,EA-03,CUST-01137,Consumer,Apparel,Women's Wear,2,54.11,0.05,12.99,Credit Card,Online,Returned
ORD-105314,2024-01-09,North,Wisconsin,NO-04,CUST-00013,Consumer,Beauty & Health,Haircare,5,27.35,0.0,0.0,PayPal,In-Store,Completed
ORD-101726,2024-01-09,North,North Dakota,NO-02,CUST-00420,Consumer,Books,Educational,3,14.93,0.0,0.0,Credit Card,Online,Completed
ORD-103660,2024-01-10,North,Wisconsin,NO-05,CUST-01346,Consumer,Apparel,Men's Wear,4,53.74,0.05,12.99,Gift Card,Online,Completed
ORD-105329,2024-01-10,South,Georgia,SO-03,CUST-00169,Consumer,Apparel,Accessories,3,129.78,0.0,12.99,Credit Card,Online,Completed
ORD-102513,2024-01-10,East,Massachusetts,EA-02,CUST-01737,Consumer,Apparel,Footwear,5,90.62,0.1,12.99,Credit Card,Online,Completed
ORD-100274,2024-01-11,West,Oregon,WE-03,CUST-00719,Consumer,Beauty & Health,Personal Care,4,65.67,0.1,4.99,Credit Card,Online,Completed
ORD-103657,2024-01-11,North,North Dakota,NO-01,CUST-00702,Consumer,Home Goods,Storage,2,544.82,0.15,0.0,Credit Card,Online,Completed
ORD-100129,2024-01-11,North,Minnesota,NO-02,CUST-01691,Home Office,Apparel,Accessories,4,52.58,0.0,4.99,Credit Card,Online,Completed
ORD-105385,2024-01-11,East,Massachusetts,EA-04,CUST-00700,Consumer,Apparel,Accessories,3,53.52,0.05,4.99,Credit Card,Online,Completed
ORD-104660,2024-01-11,East,New Jersey,EA-05,CUST-00536,Consumer,Apparel,Footwear,3,49.65,0.0,4.99,Cash,Online,Completed
ORD-104629,2024-01-11,South,Texas,SO-03,CUST-00485,Consumer,Apparel,Footwear,4,117.78,0.0,0.0,PayPal,In-Store,Completed
ORD-102494,2024-01-11,South,Georgia,SO-05,CUST-00035,Corporate,Sporting Goods,Team Sports,1,223.02,0.0,0.0,Gift Card,Online,Completed
ORD-102605,2024-01-11,West,Washington,WE-02,CUST-00833,Consumer,Electronics,Laptops,6,277.47,0.0,0.0,Credit Card,Online,Completed
ORD-104813,2024-01-12,North,North Dakota,NO-05,CUST-01491,Consumer,Home Goods,Kitchenware,4,339.34,0.25,4.99,Debit Card,Online,Returned
ORD-100632,2024-01-12,North,Minnesota,NO-04,CUST-01293,Corporate,Sporting Goods,Footwear,7,296.06,0.0,4.99,Credit Card,Online,Completed
ORD-102269,2024-01-12,North,North Dakota,NO-04,CUST-01221,Corporate,Apparel,Footwear,4,22.18,0.15,0.0,PayPal,In-Store,Completed
ORD-100172,2024-01-12,West,California,WE-05,CUST-00363,Corporate,Apparel,Accessories,5,90.09,0.0,12.99,Credit Card,Online,Completed
ORD-102061,2024-01-12,South,Florida,SO-05,CUST-00021,Consumer,Apparel,Men's Wear,6,50.27,0.0,0.0,Credit Card,Online,Completed
ORD-101792,2024-01-12,West,California,WE-04,CUST-00616,Corporate,Apparel,Women's Wear,2,29.15,0.05,0.0,Gift Card,In-Store,Completed
ORD-104374,2024-01-12,South,Georgia,SO-03,CUST-00221,Consumer,Apparel,Accessories,3,45.33,0.1,0.0,Debit Card,Online,Completed
ORD-104736,2024-01-12,West,California,WE-03,CUST-01623,Corporate,Sporting Goods,Footwear,1,155.59,0.1,0.0,Debit Card,Online,Completed
ORD-104714,2024-01-13,North,Wisconsin,NO-03,CUST-01554,Consumer,Electronics,Smartphones,4,594.29,0.0,4.99,Gift Card,Online,Completed
ORD-102946,2024-01-13,Central,Illinois,CE-01,CUST-00412,Consumer,Home Goods,Bedding,3,181.86,0.1,7.99,Credit Card,Online,Completed
ORD-102302,2024-01-13,North,Wisconsin,NO-02,CUST-00642,Corporate,Home Goods,Bedding,4,268.88,0.25,0.0,Credit Card,Online,Completed
ORD-105265,2024-01-13,West,California,WE-02,CUST-01572,Corporate,Electronics,Smartphones,3,243.34,0.0,4.99,Gift Card,Online,Completed
ORD-102179,2024-01-13,South,Texas,SO-03,CUST-01362,Consumer,Home Goods,Furniture,4,212.09,0.0,0.0,Gift Card,In-Store,Completed
ORD-104501,2024-01-13,West,Oregon,WE-01,CUST-00189,Consumer,Apparel,Footwear,4,93.0,0.2,0.0,Credit Card,Online,Completed
ORD-101093,2024-01-13,North,Minnesota,NO-03,CUST-00722,Home Office,Home Goods,Furniture,2,421.73,0.0,4.99,PayPal,Online,Completed
ORD-105364,2024-01-14,South,Georgia,SO-03,CUST-00284,Consumer,Apparel,Accessories,2,56.82,0.15,4.99,PayPal,Online,Completed
ORD-100027,2024-01-14,East,New Jersey,EA-01,CUST-00079,Consumer,Electronics,Cameras,4,256.74,0.0,0.0,Credit Card,In-Store,Completed
ORD-103220,2024-01-14,South,Florida,SO-03,CUST-00777,Consumer,Electronics,Cameras,1,264.67,0.0,7.99,PayPal,Online,Completed
ORD-103184,2024-01-14,Central,Ohio,CE-05,CUST-00417,Corporate,Electronics,Smart Home,5,502.44,0.0,4.99,Credit Card,Online,Returned
ORD-101377,2024-01-14,East,New Jersey,EA-04,CUST-00338,Consumer,Apparel,Women's Wear,3,38.54,0.05,0.0,Credit Card,Online,Completed
ORD-103906,2024-01-14,South,Texas,SO-01,CUST-00257,Consumer,Books,Educational,2,23.0,0.05,0.0,Credit Card,In-Store,Completed
ORD-105131,2024-01-14,South,Florida,SO-01,CUST-00227,Consumer,Apparel,Men's Wear,3,42.91,0.0,0.0,Credit Card,In-Store,Returned
ORD-104160,2024-01-14,North,North Dakota,NO-03,CUST-01453,Corporate,Books,Educational,4,19.55,0.25,0.0,Credit Card,Online,Completed
ORD-100570,2024-01-14,Central,Ohio,CE-04,CUST-01471,Consumer,Sporting Goods,Cycling,1,316.49,0.0,7.99,Credit Card,Online,Completed
ORD-101431,2024-01-15,North,North Dakota,NO-02,CUST-00027,Corporate,Apparel,Women's Wear,2,18.81,0.15,0.0,Debit Card,In-Store,Completed
ORD-102679,2024-01-15,East,Massachusetts,EA-02,CUST-01144,Consumer,Electronics,Cameras,4,621.42,0.0,7.99,Credit Card,Online,Completed
ORD-101661,2024-01-15,East,New York,EA-02,CUST-01372,Corporate,Beauty & Health,Wellness,3,50.99,0.1,0.0,PayPal,Online,Completed
ORD-102293,2024-01-16,South,Georgia,SO-02,CUST-00379,Consumer,Books,Educational,4,15.51,0.0,0.0,Debit Card,In-Store,Returned
ORD-102866,2024-01-16,South,Florida,SO-04,CUST-01688,Home Office,Books,Fiction,3,7.29,0.0,0.0,Credit Card,Online,Returned
ORD-100306,2024-01-16,North,Wisconsin,NO-02,CUST-01123,Corporate,Electronics,Smart Home,5,1110.02,0.0,0.0,Debit Card,In-Store,Completed
ORD-104319,2024-01-16,South,Florida,SO-05,CUST-01249,Consumer,Home Goods,Storage,1,299.98,0.0,0.0,PayPal,In-Store,Completed
ORD-102711,2024-01-17,North,Minnesota,NO-04,CUST-01554,Consumer,Home Goods,Bedding,2,329.22,0.0,0.0,Credit Card,In-Store,Completed
ORD-102256,2024-01-17,East,Massachusetts,EA-04,CUST-00452,Consumer,Books,Fiction,1,13.54,0.0,0.0,Credit Card,In-Store,Completed
ORD-101285,2024-01-17,Central,Missouri,CE-05,CUST-00553,Home Office,Sporting Goods,Outdoor Gear,3,264.66,0.0,0.0,PayPal,Online,Completed
ORD-105861,2024-01-17,East,New York,EA-04,CUST-00535,Corporate,Apparel,Accessories,4,26.99,0.0,4.99,Debit Card,Online,Completed
ORD-105075,2024-01-17,South,Georgia,SO-05,CUST-00086,Corporate,Books,Non-Fiction,1,36.2,0.0,0.0,PayPal,In-Store,Completed
ORD-104541,2024-01-17,North,Wisconsin,NO-05,CUST-01558,Consumer,Electronics,Smartphones,2,331.45,0.0,0.0,Gift Card,In-Store,Completed
ORD-101945,2024-01-17,East,New York,EA-02,CUST-00119,Corporate,Home Goods,Bedding,3,165.77,0.0,4.99,Debit Card,Online,Completed
ORD-101973,2024-01-17,Central,Ohio,CE-05,CUST-00740,Corporate,Electronics,Cameras,3,174.2,0.0,4.99,Debit Card,Online,Completed
ORD-105914,2024-01-17,North,North Dakota,NO-05,CUST-01592,Corporate,Sporting Goods,Fitness Equipment,3,133.66,0.05,4.99,Debit Card,Online,Completed
ORD-103327,2024-01-17,East,New Jersey,EA-01,CUST-01233,Corporate,Beauty & Health,Haircare,4,45.94,0.05,4.99,Credit Card,Online,Completed
ORD-103230,2024-01-18,North,Minnesota,NO-05,CUST-00655,Corporate,Beauty & Health,Makeup,4,48.67,0.05,4.99,Credit Card,Online,Returned
ORD-100956,2024-01-18,Central,Ohio,CE-02,CUST-00484,Consumer,Beauty & Health,Personal Care,7,84.66,0.0,0.0,PayPal,Online,Completed
ORD-100263,2024-01-18,Central,Ohio,CE-02,CUST-00569,Consumer,Home Goods,Kitchenware,2,170.28,0.0,0.0,Debit Card,Online,Returned
ORD-103039,2024-01-18,North,Minnesota,NO-04,CUST-00218,Consumer,Apparel,Kids' Wear,5,58.9,0.0,0.0,Credit Card,In-Store,Completed
ORD-105500,2024-01-18,South,Texas,SO-01,CUST-00632,Consumer,Apparel,Women's Wear,2,101.83,0.0,4.99,PayPal,Online,Cancelled
ORD-101789,2024-01-18,East,Massachusetts,EA-04,CUST-00924,Home Office,Home Goods,Bedding,3,424.96,0.0,12.99,PayPal,Online,Completed
ORD-100136,2024-01-18,West,Oregon,WE-05,CUST-01480,Consumer,Home Goods,Kitchenware,3,198.12,0.0,0.0,PayPal,Online,Completed
ORD-101500,2024-01-18,Central,Ohio,CE-04,CUST-01395,Consumer,Apparel,Footwear,2,37.14,0.0,0.0,PayPal,In-Store,Completed
ORD-104401,2024-01-18,North,Wisconsin,NO-01,CUST-01487,Corporate,Apparel,Footwear,3,56.07,0.0,0.0,Credit Card,In-Store,Completed
ORD-102695,2024-01-18,East,New Jersey,EA-05,CUST-00578,Consumer,Electronics,Laptops,4,445.09,0.0,0.0,Credit Card,In-Store,Completed
ORD-100815,2024-01-18,East,New Jersey,EA-01,CUST-01599,Home Office,Sporting Goods,Footwear,4,173.98,0.05,4.99,PayPal,Online,Completed
ORD-101605,2024-01-18,East,New Jersey,EA-04,CUST-00733,Consumer,Apparel,Kids' Wear,4,140.35,0.0,0.0,Credit Card,Online,Completed
ORD-102071,2024-01-19,South,Georgia,SO-02,CUST-01399,Consumer,Electronics,Laptops,5,211.7,0.0,0.0,Credit Card,Online,Completed
ORD-102593,2024-01-19,East,New York,EA-03,CUST-00956,Consumer,Sporting Goods,Footwear,1,313.3,0.0,0.0,Cash,In-Store,Completed
ORD-104461,2024-01-19,West,Washington,WE-04,CUST-01304,Consumer,Electronics,Laptops,2,443.35,0.0,0.0,PayPal,Online,Completed
ORD-101393,2024-01-19,West,California,WE-02,CUST-00642,Corporate,Apparel,Women's Wear,7,21.45,0.15,0.0,Debit Card,In-Store,Completed
ORD-100550,2024-01-19,North,Wisconsin,NO-03,CUST-01203,Consumer,Books,Educational,3,20.05,0.0,12.99,Cash,Online,Completed
ORD-100047,2024-01-19,South,Georgia,SO-04,CUST-00168,Consumer,Home Goods,Storage,5,157.28,0.0,0.0,Cash,In-Store,Completed
ORD-105049,2024-01-19,East,New Jersey,EA-01,CUST-00538,Consumer,Electronics,Laptops,3,472.91,0.1,0.0,Credit Card,In-Store,Completed
ORD-102804,2024-01-20,South,Georgia,SO-01,CUST-00268,Consumer,Books,Children's,3,12.64,0.0,4.99,Credit Card,Online,Completed
ORD-104693,2024-01-20,South,Florida,SO-03,CUST-00211,Corporate,Electronics,Smartphones,3,539.37,0.0,0.0,Debit Card,In-Store,Completed
ORD-100548,2024-01-20,Central,Ohio,CE-02,CUST-01057,Consumer,Apparel,Kids' Wear,3,39.88,0.2,0.0,Credit Card,In-Store,Completed
ORD-103138,2024-01-20,South,Florida,SO-05,CUST-00170,Consumer,Home Goods,Decor,2,329.96,0.0,0.0,PayPal,In-Store,Completed
ORD-102245,2024-01-20,East,New York,EA-02,CUST-00630,Consumer,Apparel,Women's Wear,5,58.49,0.1,0.0,Debit Card,In-Store,Completed
ORD-102700,2024-01-20,Central,Missouri,CE-02,CUST-00934,Consumer,Apparel,Accessories,2,36.73,0.0,0.0,Debit Card,In-Store,Completed
ORD-101642,2024-01-20,North,Minnesota,NO-03,CUST-01409,Home Office,Electronics,Cameras,6,445.81,0.1,0.0,PayPal,In-Store,Completed
ORD-104516,2024-01-20,East,New Jersey,EA-01,CUST-01134,Corporate,Apparel,Accessories,1,80.9,0.05,0.0,Debit Card,In-Store,Completed
ORD-100295,2024-01-21,North,Minnesota,NO-05,CUST-01690,Consumer,Apparel,Women's Wear,5,34.05,0.2,0.0,Cash,Online,Completed
ORD-100096,2024-01-21,North,North Dakota,NO-01,CUST-01124,Consumer,Electronics,Smartphones,2,219.81,0.0,0.0,Credit Card,In-Store,Completed
ORD-102556,2024-01-21,West,California,WE-04,CUST-01009,Consumer,Books,Educational,2,7.58,0.0,0.0,Debit Card,In-Store,Completed
ORD-102904,2024-01-21,Central,Ohio,CE-05,CUST-00847,Corporate,Apparel,Men's Wear,1,72.46,0.0,4.99,Credit Card,Online,Completed
ORD-100479,2024-01-22,Central,Illinois,CE-02,CUST-00355,Corporate,Electronics,Smart Home,2,150.09,0.0,4.99,Credit Card,Online,Completed
ORD-100733,2024-01-22,East,New Jersey,EA-01,CUST-01071,Consumer,Apparel,Accessories,4,55.2,0.15,0.0,Credit Card,In-Store,Completed
ORD-102042,2024-01-22,West,Washington,WE-05,CUST-00404,Corporate,Home Goods,Storage,1,375.42,0.0,0.0,Debit Card,Online,Completed
ORD-102093,2024-01-22,South,Florida,SO-04,CUST-01005,Home Office,Home Goods,Storage,6,419.93,0.25,0.0,Credit Card,In-Store,Completed
ORD-104363,2024-01-22,South,Georgia,SO-03,CUST-01155,Corporate,Electronics,Smart Home,3,204.57,0.05,0.0,Credit Card,Online,Completed
ORD-103691,2024-01-23,North,Minnesota,NO-02,CUST-01311,Consumer,Apparel,Kids' Wear,4,150.0,0.05,0.0,Debit Card,In-Store,Completed
ORD-100017,2024-01-23,West,Washington,WE-02,CUST-00339,Consumer,Electronics,Laptops,3,453.86,0.0,12.99,Gift Card,Online,Completed
ORD-100862,2024-01-23,North,North Dakota,NO-01,CUST-00640,Consumer,Electronics,Smart Home,2,137.08,0.0,0.0,PayPal,In-Store,Completed
ORD-100673,2024-01-23,South,Texas,SO-05,CUST-00774,Home Office,Apparel,Accessories,3,68.67,0.05,0.0,Debit Card,In-Store,Completed
ORD-101539,2024-01-24,Central,Illinois,CE-04,CUST-01684,Corporate,Books,Non-Fiction,3,29.12,0.0,7.99,Debit Card,Online,Returned
ORD-104121,2024-01-24,South,Florida,SO-01,CUST-00553,Consumer,Home Goods,Furniture,1,220.96,0.0,0.0,Debit Card,In-Store,Completed
ORD-104972,2024-01-24,Central,Illinois,CE-04,CUST-01543,Consumer,Beauty & Health,Wellness,4,44.29,0.05,4.99,Debit Card,Online,Completed
ORD-105591,2024-01-24,North,Minnesota,NO-05,CUST-00816,Home Office,Books,Educational,3,17.6,0.15,4.99,PayPal,Online,Completed
ORD-100933,2024-01-24,East,Massachusetts,EA-01,CUST-00601,Consumer,Electronics,Headphones,2,413.97,0.15,0.0,Gift Card,Online,Returned
ORD-105409,2024-01-25,South,Texas,SO-03,CUST-00773,Corporate,Sporting Goods,Team Sports,2,146.15,0.15,0.0,Credit Card,Online,Completed
ORD-101316,2024-01-25,South,Texas,SO-03,CUST-00283,Consumer,Books,Educational,2,24.69,0.0,0.0,PayPal,In-Store,Completed
ORD-101732,2024-01-25,North,Wisconsin,NO-03,CUST-00103,Consumer,Sporting Goods,Cycling,6,256.52,0.05,0.0,PayPal,In-Store,Completed
ORD-100474,2024-01-26,North,North Dakota,NO-05,CUST-01050,Consumer,Home Goods,Decor,5,229.74,0.2,0.0,Credit Card,In-Store,Completed
ORD-102133,2024-01-26,Central,Illinois,CE-01,CUST-01053,Consumer,Electronics,Cameras,3,376.84,0.0,0.0,Credit Card,In-Store,Completed
ORD-103441,2024-01-26,North,Minnesota,NO-05,CUST-00699,Consumer,Electronics,Smart Home,3,1109.87,0.0,0.0,Credit Card,In-Store,Completed
ORD-105025,2024-01-26,Central,Illinois,CE-05,CUST-01654,Home Office,Electronics,Headphones,6,348.39,0.05,0.0,Credit Card,Online,Completed
ORD-101051,2024-01-27,North,North Dakota,NO-01,CUST-01063,Corporate,Apparel,Accessories,3,101.99,0.1,0.0,Credit Card,In-Store,Completed
ORD-105524,2024-01-27,West,Oregon,WE-03,CUST-00920,Corporate,Electronics,Headphones,4,599.34,0.0,0.0,Gift Card,Online,Returned
ORD-105047,2024-01-27,South,Georgia,SO-03,CUST-01696,Consumer,Electronics,Smart Home,4,882.44,0.0,0.0,Cash,In-Store,Completed
ORD-105538,2024-01-27,South,Georgia,SO-05,CUST-00217,Corporate,Apparel,Women's Wear,2,83.32,0.1,0.0,Debit Card,In-Store,Completed
ORD-101825,2024-01-28,East,Massachusetts,EA-03,CUST-00277,Home Office,Home Goods,Furniture,4,417.69,0.0,0.0,Debit Card,Online,Completed
ORD-100188,2024-01-28,Central,Ohio,CE-02,CUST-00261,Consumer,Electronics,Cameras,2,706.68,0.0,0.0,Credit Card,Online,Completed
ORD-102766,2024-01-28,South,Florida,SO-03,CUST-00513,Consumer,Apparel,Footwear,6,78.88,0.2,0.0,Credit Card,Online,Completed
ORD-103998,2024-01-28,North,Minnesota,NO-01,CUST-00415,Consumer,Apparel,Women's Wear,8,22.09,0.0,0.0,Debit Card,In-Store,Completed
ORD-103762,2024-01-29,South,Texas,SO-04,CUST-01377,Consumer,Home Goods,Decor,3,354.79,0.0,0.0,Debit Card,Online,Completed
ORD-103891,2024-01-29,North,North Dakota,NO-05,CUST-00813,Consumer,Beauty & Health,Makeup,2,17.13,0.1,7.99,Debit Card,Online,Completed
ORD-100301,2024-01-29,East,New York,EA-05,CUST-00822,Consumer,Home Goods,Furniture,1,416.13,0.0,0.0,Gift Card,Online,Completed
ORD-102690,2024-01-29,West,Washington,WE-01,CUST-01372,Consumer,Electronics,Cameras,4,1200.0,0.0,0.0,Credit Card,In-Store,Completed
ORD-103840,2024-01-29,West,California,WE-03,CUST-00040,Consumer,Apparel,Women's Wear,2,112.84,0.0,0.0,PayPal,In-Store,Completed
ORD-101414,2024-01-29,Central,Illinois,CE-04,CUST-00350,Consumer,Electronics,Headphones,5,1200.0,0.15,0.0,Credit Card,In-Store,Completed
ORD-100633,2024-01-30,East,New Jersey,EA-02,CUST-00907,Consumer,Apparel,Men's Wear,4,89.16,0.15,0.0,Credit Card,In-Store,Completed
ORD-104173,2024-01-30,North,North Dakota,NO-01,CUST-00851,Home Office,Books,Fiction,4,12.65,0.0,0.0,Cash,In-Store,Returned
ORD-100700,2024-01-30,Central,Missouri,CE-04,CUST-01353,Consumer,Apparel,Accessories,3,51.65,0.05,0.0,Gift Card,Online,Completed
ORD-102014,2024-01-30,Central,Missouri,CE-03,CUST-00851,Consumer,Electronics,Headphones,2,197.3,0.25,4.99,Debit Card,Online,Completed
ORD-100636,2024-01-30,North,North Dakota,NO-02,CUST-00168,Home Office,Electronics,Headphones,4,1057.37,0.0,0.0,Credit Card,In-Store,Completed
ORD-103250,2024-01-30,South,Florida,SO-03,CUST-00556,Consumer,Home Goods,Storage,4,158.86,0.1,12.99,Credit Card,Online,Completed
ORD-105031,2024-01-30,West,Oregon,WE-05,CUST-01594,Consumer,Electronics,Smart Home,2,247.36,0.0,0.0,PayPal,In-Store,Completed
ORD-103796,2024-01-30,North,Minnesota,NO-02,CUST-00518,Home Office,Electronics,Headphones,6,489.58,0.25,4.99,Debit Card,Online,Completed
ORD-105899,2024-01-31,South,Florida,SO-03,CUST-01672,Consumer,Electronics,Smart Home,3,699.24,0.0,4.99,Credit Card,Online,Returned
ORD-101612,2024-01-31,Central,Missouri,CE-01,CUST-01797,Corporate,Electronics,Smart Home,2,413.92,0.0,7.99,Credit Card,Online,Completed
ORD-105354,2024-01-31,North,North Dakota,NO-02,CUST-01605,Consumer,Home Goods,Bedding,2,495.67,0.05,0.0,Credit Card,In-Store,Completed
ORD-102101,2024-01-31,Central,Missouri,CE-01,CUST-00510,Consumer,Apparel,Footwear,2,59.52,0.0,0.0,Gift Card,Online,Completed
ORD-101507,2024-01-31,East,New York,EA-02,CUST-01567,Corporate,Electronics,Laptops,6,1200.0,0.0,0.0,Credit Card,Online,Completed
ORD-100757,2024-01-31,Central,Missouri,CE-05,CUST-01054,Consumer,Electronics,Laptops,7,452.38,0.0,4.99,PayPal,Online,Completed
ORD-102474,2024-01-31,West,California,WE-03,CUST-00710,Consumer,Apparel,Accessories,4,55.65,0.15,0.0,Debit Card,Online,Completed
ORD-105829,2024-02-01,North,Minnesota,NO-03,CUST-00697,Consumer,Home Goods,Kitchenware,3,271.04,0.1,0.0,Credit Card,In-Store,Completed
ORD-104912,2024-02-01,North,North Dakota,NO-02,CUST-00789,Consumer,Electronics,Smart Home,2,313.04,0.2,0.0,Debit Card,Online,Completed
ORD-102358,2024-02-01,West,Oregon,WE-04,CUST-01185,Consumer,Apparel,Footwear,1,89.75,0.0,0.0,Debit Card,Online,Completed
ORD-105012,2024-02-02,East,New Jersey,EA-05,CUST-01777,Consumer,Apparel,Women's Wear,4,39.18,0.05,0.0,Debit Card,In-Store,Completed
ORD-103273,2024-02-02,East,Massachusetts,EA-01,CUST-00694,Consumer,Sporting Goods,Fitness Equipment,2,206.74,0.05,12.99,Debit Card,Online,Completed
ORD-105305,2024-02-02,East,Massachusetts,EA-04,CUST-00839,Home Office,Apparel,Footwear,3,73.51,0.0,4.99,Gift Card,Online,Completed
ORD-100163,2024-02-02,South,Georgia,SO-02,CUST-01332,Consumer,Apparel,Footwear,3,70.13,0.0,7.99,Cash,Online,Completed
ORD-101627,2024-02-02,North,Minnesota,NO-03,CUST-01159,Consumer,Home Goods,Storage,4,175.26,0.1,0.0,Credit Card,In-Store,Completed
ORD-103185,2024-02-02,West,Washington,WE-01,CUST-00449,Corporate,Apparel,Accessories,3,45.37,0.05,4.99,PayPal,Online,Completed
ORD-101750,2024-02-02,West,Washington,WE-03,CUST-01546,Consumer,Home Goods,Storage,3,401.99,0.0,4.99,Cash,Online,Completed
ORD-100501,2024-02-03,East,Massachusetts,EA-01,CUST-00091,Consumer,Apparel,Women's Wear,3,80.98,0.0,0.0,Credit Card,In-Store,Completed
ORD-101113,2024-02-03,West,California,WE-04,CUST-01347,Consumer,Electronics,Cameras,3,190.89,0.0,4.99,PayPal,Online,Completed
ORD-103477,2024-02-03,South,Georgia,SO-05,CUST-00631,Corporate,Electronics,Smart Home,2,370.07,0.2,0.0,PayPal,In-Store,Returned
ORD-100651,2024-02-03,West,California,WE-04,CUST-01417,Consumer,Apparel,Accessories,4,98.59,0.15,12.99,Debit Card,Online,Completed
ORD-103143,2024-02-04,West,Washington,WE-02,CUST-00347,Consumer,Home Goods,Bedding,3,275.94,0.0,0.0,PayPal,In-Store,Returned
ORD-105353,2024-02-04,East,Massachusetts,EA-05,CUST-01020,Consumer,Home Goods,Kitchenware,3,112.6,0.0,0.0,Debit Card,In-Store,Completed
ORD-105978,2024-02-04,South,Georgia,SO-03,CUST-00886,Corporate,Apparel,Kids' Wear,1,75.08,0.25,0.0,Credit Card,In-Store,Completed
ORD-105178,2024-02-04,West,Oregon,WE-01,CUST-00496,Consumer,Beauty & Health,Wellness,2,20.44,0.0,0.0,Credit Card,In-Store,Completed
ORD-100824,2024-02-04,West,California,WE-02,CUST-00578,Consumer,Books,Non-Fiction,1,7.44,0.2,0.0,Debit Card,In-Store,Completed
ORD-104764,2024-02-04,West,California,WE-03,CUST-00981,Consumer,Apparel,Kids' Wear,2,105.11,0.0,4.99,PayPal,Online,Completed
ORD-105733,2024-02-04,West,California,WE-04,CUST-00136,Consumer,Sporting Goods,Fitness Equipment,5,197.24,0.1,0.0,Gift Card,In-Store,Cancelled
ORD-103571,2024-02-04,Central,Ohio,CE-02,CUST-00458,Corporate,Electronics,Laptops,3,386.01,0.05,0.0,Debit Card,In-Store,Returned
ORD-105345,2024-02-04,North,Minnesota,NO-03,CUST-00269,Home Office,Apparel,Kids' Wear,2,59.47,0.0,0.0,Credit Card,Online,Completed
ORD-100119,2024-02-05,East,New York,EA-04,CUST-00281,Corporate,Home Goods,Storage,4,284.15,0.1,0.0,Debit Card,In-Store,Returned
ORD-102896,2024-02-05,West,Washington,WE-02,CUST-01760,Consumer,Books,Non-Fiction,4,31.27,0.0,12.99,Credit Card,Online,Completed
ORD-101040,2024-02-05,West,California,WE-05,CUST-01440,Consumer,Books,Children's,3,12.93,0.05,7.99,Credit Card,Online,Completed
ORD-102084,2024-02-05,East,New Jersey,EA-02,CUST-00195,Consumer,Home Goods,Furniture,5,261.18,0.0,0.0,PayPal,Online,Completed
ORD-101529,2024-02-05,North,North Dakota,NO-01,CUST-00578,Consumer,Home Goods,Storage,2,133.3,0.0,0.0,Debit Card,In-Store,Completed
ORD-104156,2024-02-06,South,Florida,SO-04,CUST-00147,Consumer,Electronics,Cameras,3,521.38,0.0,0.0,Cash,Online,Completed
ORD-104290,2024-02-06,Central,Missouri,CE-03,CUST-00709,Corporate,Apparel,Women's Wear,4,28.93,0.0,0.0,Credit Card,In-Store,Returned
ORD-101640,2024-02-06,North,Wisconsin,NO-04,CUST-00920,Consumer,Electronics,Smartphones,6,252.46,0.05,0.0,PayPal,In-Store,Completed
ORD-101609,2024-02-06,East,New York,EA-01,CUST-01346,Consumer,Apparel,Footwear,2,40.71,0.0,7.99,PayPal,Online,Returned
ORD-103898,2024-02-06,East,New Jersey,EA-03,CUST-01793,Consumer,Electronics,Cameras,1,447.84,0.0,0.0,Debit Card,In-Store,Completed
ORD-101175,2024-02-06,North,Wisconsin,NO-03,CUST-01026,Home Office,Home Goods,Decor,3,180.97,0.0,0.0,Debit Card,In-Store,Completed
ORD-103242,2024-02-07,North,Minnesota,NO-05,CUST-00084,Consumer,Books,Fiction,4,8.92,0.1,12.99,PayPal,Online,Returned
ORD-102438,2024-02-07,West,Oregon,WE-04,CUST-00942,Corporate,Home Goods,Kitchenware,1,352.47,0.0,4.99,Debit Card,Online,Completed
ORD-104391,2024-02-07,Central,Illinois,CE-02,CUST-00031,Corporate,Electronics,Cameras,4,619.29,0.0,0.0,Credit Card,In-Store,Completed
ORD-102141,2024-02-07,South,Florida,SO-03,CUST-01309,Consumer,Electronics,Laptops,3,719.9,0.0,12.99,Credit Card,Online,Completed
ORD-104207,2024-02-07,East,New York,EA-03,CUST-00216,Consumer,Books,Comics,3,23.65,0.0,0.0,Debit Card,In-Store,Completed
ORD-101179,2024-02-07,South,Georgia,SO-03,CUST-00489,Consumer,Apparel,Kids' Wear,6,55.31,0.0,0.0,Credit Card,In-Store,Completed
ORD-101303,2024-02-07,East,Massachusetts,EA-02,CUST-00511,Consumer,Home Goods,Kitchenware,4,433.11,0.0,0.0,Credit Card,In-Store,Completed
ORD-104354,2024-02-07,Central,Missouri,CE-01,CUST-01757,Consumer,Electronics,Headphones,5,158.74,0.0,0.0,Gift Card,Online,Returned
ORD-100302,2024-02-07,Central,Ohio,CE-03,CUST-01314,Consumer,Electronics,Headphones,1,221.35,0.0,0.0,Cash,In-Store,Completed
ORD-102221,2024-02-07,North,North Dakota,NO-01,CUST-00173,Consumer,Beauty & Health,Makeup,2,32.78,0.1,0.0,Gift Card,Online,Completed
ORD-103293,2024-02-08,East,New York,EA-01,CUST-01594,Corporate,Sporting Goods,Outdoor Gear,3,172.72,0.0,7.99,Debit Card,Online,Returned
ORD-100927,2024-02-08,Central,Ohio,CE-03,CUST-00647,Corporate,Home Goods,Bedding,4,215.59,0.15,0.0,Cash,In-Store,Completed
ORD-102441,2024-02-08,South,Texas,SO-04,CUST-01586,Corporate,Apparel,Kids' Wear,3,58.71,0.0,4.99,PayPal,Online,Completed
ORD-105991,2024-02-08,North,Minnesota,NO-01,CUST-00725,Corporate,Electronics,Smart Home,4,302.63,0.0,0.0,Debit Card,In-Store,Completed
ORD-101001,2024-02-08,East,New York,EA-02,CUST-00809,Consumer,Electronics,Smart Home,6,601.86,0.05,0.0,Debit Card,In-Store,Completed
ORD-101875,2024-02-08,West,Washington,WE-03,CUST-00098,Corporate,Sporting Goods,Outdoor Gear,1,125.4,0.05,7.99,Credit Card,Online,Completed
ORD-102469,2024-02-09,South,Georgia,SO-03,CUST-00203,Corporate,Apparel,Men's Wear,1,31.72,0.2,0.0,Debit Card,In-Store,Returned
ORD-100287,2024-02-09,West,Oregon,WE-03,CUST-00759,Consumer,Apparel,Men's Wear,5,28.27,0.05,0.0,Credit Card,Online,Returned
ORD-100781,2024-02-09,Central,Ohio,CE-05,CUST-00163,Consumer,Books,Non-Fiction,3,35.12,0.0,4.99,Credit Card,Online,Completed
ORD-100747,2024-02-09,North,Wisconsin,NO-02,CUST-00466,Corporate,Electronics,Smart Home,4,420.3,0.0,0.0,Cash,Online,Completed
ORD-102048,2024-02-09,West,California,WE-02,CUST-00814,Consumer,Home Goods,Kitchenware,4,298.75,0.15,0.0,Debit Card,In-Store,Completed
ORD-100065,2024-02-09,North,Wisconsin,NO-05,CUST-01079,Consumer,Apparel,Accessories,4,18.38,0.0,0.0,PayPal,In-Store,Completed
ORD-105901,2024-02-09,East,Massachusetts,EA-03,CUST-00567,Consumer,Home Goods,Kitchenware,3,339.15,0.0,7.99,Debit Card,Online,Completed
ORD-103971,2024-02-10,South,Texas,SO-04,CUST-00253,Corporate,Electronics,Laptops,3,212.7,0.0,7.99,Credit Card,Online,Completed
ORD-105448,2024-02-10,North,Wisconsin,NO-04,CUST-01616,Corporate,Apparel,Footwear,6,47.43,0.0,0.0,Debit Card,In-Store,Completed
ORD-103133,2024-02-10,Central,Missouri,CE-04,CUST-00966,Corporate,Apparel,Women's Wear,1,42.49,0.0,0.0,Credit Card,In-Store,Completed
ORD-104688,2024-02-10,Central,Illinois,CE-05,CUST-01696,Home Office,Books,Non-Fiction,4,21.09,0.0,0.0,Credit Card,In-Store,Completed
ORD-101482,2024-02-10,North,Wisconsin,NO-01,CUST-00246,Corporate,Sporting Goods,Fitness Equipment,1,264.9,0.05,7.99,Credit Card,Online,Completed
ORD-104824,2024-02-10,Central,Missouri,CE-03,CUST-01227,Consumer,Apparel,Accessories,3,45.65,0.0,0.0,PayPal,Online,Returned
ORD-104805,2024-02-10,West,California,WE-01,CUST-01615,Consumer,Apparel,Women's Wear,6,46.29,0.05,0.0,Debit Card,Online,Completed
ORD-102737,2024-02-10,North,Minnesota,NO-04,CUST-00991,Consumer,Electronics,Smartphones,5,276.09,0.0,4.99,Credit Card,Online,Completed
ORD-104212,2024-02-10,Central,Ohio,CE-05,CUST-00379,Consumer,Apparel,Kids' Wear,4,71.84,0.1,0.0,Credit Card,In-Store,Completed
ORD-105362,2024-02-10,Central,Missouri,CE-02,CUST-01437,Consumer,Home Goods,Bedding,5,125.84,0.15,0.0,Credit Card,In-Store,Completed
ORD-102933,2024-02-10,East,Massachusetts,EA-05,CUST-00607,Consumer,Apparel,Men's Wear,4,68.51,0.05,0.0,Debit Card,Online,Completed
ORD-102059,2024-02-11,North,Minnesota,NO-03,CUST-00454,Corporate,Beauty & Health,Makeup,2,36.94,0.0,4.99,Cash,Online,Returned
ORD-100363,2024-02-11,East,Massachusetts,EA-03,CUST-01309,Consumer,Beauty & Health,Skincare,3,19.24,0.0,0.0,Debit Card,Online,Completed
ORD-105530,2024-02-11,Central,Ohio,CE-04,CUST-00856,Consumer,Sporting Goods,Cycling,1,136.46,0.0,4.99,Credit Card,Online,Completed
ORD-101863,2024-02-11,North,Minnesota,NO-02,CUST-00708,Corporate,Beauty & Health,Haircare,2,56.84,0.15,0.0,Gift Card,In-Store,Completed
ORD-104960,2024-02-11,East,Massachusetts,EA-05,CUST-01110,Consumer,Apparel,Men's Wear,5,19.65,0.0,7.99,Debit Card,Online,Completed
ORD-101579,2024-02-12,East,Massachusetts,EA-02,CUST-01366,Corporate,Home Goods,Furniture,3,104.87,0.0,0.0,Credit Card,Online,Completed
ORD-105126,2024-02-12,South,Florida,SO-03,CUST-01500,Consumer,Electronics,Headphones,3,498.9,0.0,4.99,Debit Card,Online,Completed
ORD-102774,2024-02-12,East,New York,EA-04,CUST-00433,Consumer,Beauty & Health,Skincare,6,79.57,0.05,0.0,Credit Card,In-Store,Completed
ORD-102984,2024-02-12,West,Washington,WE-05,CUST-00670,Corporate,Apparel,Kids' Wear,3,46.11,0.0,0.0,Cash,In-Store,Completed
ORD-100048,2024-02-12,Central,Illinois,CE-05,CUST-01149,Consumer,Apparel,Women's Wear,2,61.47,0.0,7.99,PayPal,Online,Completed
ORD-102198,2024-02-12,West,Washington,WE-04,CUST-00606,Corporate,Home Goods,Storage,1,150.3,0.0,0.0,Debit Card,Online,Completed
ORD-103770,2024-02-12,Central,Ohio,CE-03,CUST-00647,Consumer,Electronics,Laptops,4,184.8,0.0,0.0,Debit Card,In-Store,Completed
ORD-103935,2024-02-12,East,Massachusetts,EA-05,CUST-01076,Consumer,Sporting Goods,Team Sports,2,249.12,0.0,0.0,PayPal,In-Store,Completed
ORD-104431,2024-02-12,East,Massachusetts,EA-03,CUST-00880,Corporate,Home Goods,Decor,7,89.5,0.0,0.0,Credit Card,In-Store,Completed
ORD-105628,2024-02-12,West,Washington,WE-01,CUST-00941,Consumer,Apparel,Footwear,1,52.24,0.0,7.99,Credit Card,Online,Completed
ORD-104909,2024-02-12,North,Wisconsin,NO-02,CUST-00233,Corporate,Beauty & Health,Wellness,3,43.8,0.05,0.0,Credit Card,In-Store,Completed
ORD-104834,2024-02-12,South,Florida,SO-05,CUST-01375,Home Office,Sporting Goods,Team Sports,3,150.24,0.1,0.0,Debit Card,In-Store,Completed
ORD-104102,2024-02-13,East,New Jersey,EA-05,CUST-01407,Consumer,Apparel,Kids' Wear,6,34.96,0.0,0.0,PayPal,Online,Completed
ORD-101312,2024-02-13,South,Florida,SO-02,CUST-00481,Corporate,Sporting Goods,Fitness Equipment,3,91.77,0.05,0.0,Debit Card,In-Store,Completed
ORD-101759,2024-02-13,West,Oregon,WE-05,CUST-00974,Consumer,Home Goods,Storage,2,159.91,0.05,0.0,Debit Card,In-Store,Completed
ORD-103010,2024-02-14,East,New Jersey,EA-04,CUST-00392,Consumer,Apparel,Men's Wear,3,66.82,0.05,0.0,Debit Card,In-Store,Completed
ORD-104162,2024-02-14,East,New York,EA-05,CUST-00979,Consumer,Electronics,Cameras,1,353.69,0.05,0.0,Credit Card,In-Store,Completed
ORD-104657,2024-02-14,South,Texas,SO-05,CUST-00716,Home Office,Beauty & Health,Haircare,4,34.26,0.0,0.0,Credit Card,Online,Returned
ORD-100320,2024-02-14,West,Washington,WE-03,CUST-00564,Consumer,Apparel,Women's Wear,4,69.07,0.05,0.0,Gift Card,In-Store,Completed
ORD-103320,2024-02-14,North,Minnesota,NO-04,CUST-00303,Consumer,Home Goods,Kitchenware,5,224.18,0.0,0.0,Debit Card,Online,Completed
ORD-104459,2024-02-14,West,Washington,WE-03,CUST-00613,Consumer,Beauty & Health,Skincare,2,51.03,0.0,7.99,Cash,Online,Completed
ORD-100210,2024-02-14,North,Minnesota,NO-05,CUST-01758,Consumer,Books,Comics,4,7.12,0.05,0.0,Debit Card,Online,Completed
ORD-101699,2024-02-15,Central,Missouri,CE-04,CUST-00330,Consumer,Home Goods,Decor,3,663.21,0.0,7.99,Debit Card,Online,Completed
ORD-105257,2024-02-15,West,Washington,WE-05,CUST-01703,Consumer,Books,Fiction,3,21.6,0.0,0.0,Debit Card,Online,Completed
ORD-103977,2024-02-15,North,Minnesota,NO-05,CUST-00004,Consumer,Books,Fiction,1,20.24,0.05,0.0,Credit Card,In-Store,Completed
ORD-101547,2024-02-15,Central,Illinois,CE-04,CUST-01269,Consumer,Apparel,Accessories,4,64.44,0.0,4.99,Debit Card,Online,Completed
ORD-100425,2024-02-15,East,New Jersey,EA-04,CUST-01108,Home Office,Apparel,Accessories,5,96.08,0.0,0.0,Credit Card,Online,Completed
ORD-105618,2024-02-16,Central,Ohio,CE-05,CUST-00995,Corporate,Books,Non-Fiction,3,16.19,0.05,7.99,Credit Card,Online,Completed
ORD-104514,2024-02-16,East,New York,EA-04,CUST-01390,Consumer,Sporting Goods,Outdoor Gear,3,169.25,0.0,0.0,Debit Card,In-Store,Completed
ORD-104984,2024-02-16,North,Minnesota,NO-04,CUST-01798,Consumer,Apparel,Men's Wear,1,82.96,0.15,0.0,Credit Card,In-Store,Completed
ORD-103857,2024-02-16,West,Oregon,WE-02,CUST-01569,Consumer,Apparel,Footwear,6,69.55,0.25,0.0,Credit Card,In-Store,Completed
ORD-101125,2024-02-16,East,New York,EA-02,CUST-00017,Corporate,Apparel,Women's Wear,3,56.34,0.0,0.0,Credit Card,Online,Completed
ORD-103664,2024-02-16,West,Oregon,WE-05,CUST-00882,Consumer,Apparel,Men's Wear,6,32.69,0.15,4.99,Debit Card,Online,Completed
ORD-102592,2024-02-17,North,North Dakota,NO-05,CUST-00653,Consumer,Beauty & Health,Wellness,5,61.96,0.2,0.0,PayPal,Online,Completed
ORD-100552,2024-02-17,North,Wisconsin,NO-01,CUST-01310,Corporate,Apparel,Accessories,5,58.78,0.0,12.99,Cash,Online,Completed
ORD-104284,2024-02-17,West,Oregon,WE-05,CUST-00642,Consumer,Electronics,Laptops,3,1200.0,0.0,0.0,Debit Card,Online,Completed
ORD-100914,2024-02-17,South,Texas,SO-05,CUST-00034,Home Office,Home Goods,Furniture,3,271.46,0.0,0.0,Credit Card,In-Store,Completed
ORD-103597,2024-02-17,East,New York,EA-04,CUST-01154,Consumer,Apparel,Accessories,1,147.15,0.0,0.0,PayPal,In-Store,Completed
ORD-102440,2024-02-18,East,New Jersey,EA-05,CUST-01694,Consumer,Home Goods,Decor,5,453.47,0.15,0.0,Credit Card,In-Store,Completed
ORD-101656,2024-02-18,South,Florida,SO-02,CUST-00503,Consumer,Apparel,Accessories,2,119.55,0.0,0.0,Credit Card,Online,Completed
ORD-104911,2024-02-18,West,Washington,WE-01,CUST-00127,Consumer,Electronics,Headphones,4,716.72,0.1,0.0,Credit Card,In-Store,Completed
ORD-100477,2024-02-18,South,Georgia,SO-04,CUST-00205,Home Office,Books,Comics,1,6.0,0.0,0.0,Credit Card,In-Store,Completed
ORD-102992,2024-02-18,West,Washington,WE-04,CUST-00754,Home Office,Electronics,Smart Home,3,1063.44,0.0,7.99,PayPal,Online,Completed
ORD-104482,2024-02-18,West,California,WE-05,CUST-01654,Consumer,Beauty & Health,Haircare,2,54.86,0.0,0.0,Debit Card,In-Store,Completed
ORD-105070,2024-02-18,West,California,WE-02,CUST-00228,Consumer,Electronics,Cameras,3,335.21,0.0,0.0,Credit Card,In-Store,Completed
ORD-103200,2024-02-18,East,New York,EA-03,CUST-01119,Consumer,Sporting Goods,Footwear,2,139.2,0.0,0.0,Debit Card,Online,Completed
ORD-100326,2024-02-19,West,Washington,WE-02,CUST-00516,Home Office,Home Goods,Decor,3,511.7,0.05,0.0,Credit Card,In-Store,Completed
ORD-104347,2024-02-19,West,Oregon,WE-02,CUST-00878,Consumer,Electronics,Smart Home,1,246.66,0.0,0.0,Credit Card,Online,Completed
ORD-101900,2024-02-19,Central,Illinois,CE-04,CUST-01037,Consumer,Sporting Goods,Cycling,2,171.72,0.0,0.0,Credit Card,In-Store,Completed
ORD-100941,2024-02-19,South,Texas,SO-01,CUST-01453,Corporate,Apparel,Women's Wear,2,27.99,0.1,0.0,Debit Card,Online,Completed
ORD-104409,2024-02-19,East,New York,EA-02,CUST-00880,Consumer,Sporting Goods,Cycling,4,181.91,0.15,0.0,PayPal,Online,Completed
ORD-101894,2024-02-20,North,North Dakota,NO-01,CUST-01258,Corporate,Home Goods,Kitchenware,2,168.56,0.0,0.0,Credit Card,Online,Completed
ORD-104782,2024-02-20,West,Oregon,WE-01,CUST-01738,Consumer,Electronics,Cameras,2,289.7,0.25,7.99,PayPal,Online,Completed
ORD-104534,2024-02-20,South,Florida,SO-01,CUST-00120,Consumer,Electronics,Cameras,2,287.86,0.0,0.0,Credit Card,In-Store,Completed
ORD-101330,2024-02-20,Central,Ohio,CE-05,CUST-00350,Home Office,Books,Children's,4,14.45,0.0,0.0,PayPal,Online,Completed
ORD-100187,2024-02-20,West,Oregon,WE-04,CUST-00704,Consumer,Sporting Goods,Outdoor Gear,2,167.78,0.0,4.99,Gift Card,Online,Completed
ORD-100533,2024-02-20,North,Wisconsin,NO-04,CUST-01626,Consumer,Apparel,Footwear,4,57.01,0.25,7.99,PayPal,Online,Completed
ORD-104139,2024-02-21,West,California,WE-04,CUST-00403,Consumer,Books,Educational,4,28.31,0.05,0.0,Cash,In-Store,Completed
ORD-100685,2024-02-21,South,Florida,SO-04,CUST-01167,Consumer,Electronics,Smart Home,3,244.69,0.0,4.99,Credit Card,Online,Completed
ORD-100255,2024-02-21,Central,Illinois,CE-01,CUST-00649,Corporate,Home Goods,Storage,1,425.59,0.0,0.0,Credit Card,In-Store,Completed
ORD-104053,2024-02-21,West,California,WE-01,CUST-00107,Corporate,Electronics,Smartphones,7,427.84,0.15,0.0,PayPal,In-Store,Completed
ORD-103239,2024-02-21,East,New York,EA-05,CUST-00079,Corporate,Electronics,Smartphones,3,349.2,0.15,0.0,PayPal,Online,Completed
ORD-104231,2024-02-21,West,California,WE-03,CUST-00550,Home Office,Electronics,Smart Home,2,338.51,0.0,7.99,Debit Card,Online,Completed
ORD-103616,2024-02-21,West,California,WE-01,CUST-01352,Consumer,Sporting Goods,Fitness Equipment,4,151.6,0.0,12.99,Debit Card,Online,Completed
ORD-103878,2024-02-21,Central,Illinois,CE-01,CUST-00118,Corporate,Sporting Goods,Team Sports,4,385.45,0.05,7.99,Gift Card,Online,Completed
ORD-103387,2024-02-22,East,New Jersey,EA-05,CUST-01162,Consumer,Apparel,Accessories,3,36.33,0.0,7.99,Credit Card,Online,Completed
ORD-104385,2024-02-22,West,Oregon,WE-02,CUST-00458,Consumer,Home Goods,Decor,2,150.2,0.0,0.0,Credit Card,In-Store,Completed
ORD-105262,2024-02-22,Central,Ohio,CE-01,CUST-00470,Consumer,Home Goods,Storage,3,314.48,0.0,0.0,Credit Card,Online,Returned
ORD-102452,2024-02-22,East,New Jersey,EA-01,CUST-00800,Consumer,Books,Fiction,5,30.12,0.15,0.0,Credit Card,Online,Completed
ORD-101618,2024-02-22,Central,Missouri,CE-05,CUST-00326,Corporate,Apparel,Men's Wear,1,65.29,0.1,4.99,Debit Card,Online,Completed
ORD-103302,2024-02-23,East,New York,EA-05,CUST-00572,Home Office,Electronics,Smart Home,5,788.09,0.0,0.0,Debit Card,Online,Cancelled
ORD-100451,2024-02-23,South,Georgia,SO-04,CUST-00249,Corporate,Books,Comics,3,17.93,0.05,12.99,PayPal,Online,Completed
ORD-105058,2024-02-23,East,New York,EA-01,CUST-01334,Corporate,Apparel,Kids' Wear,2,147.9,0.0,7.99,Debit Card,Online,Completed
ORD-102367,2024-02-23,North,North Dakota,NO-03,CUST-01301,Consumer,Apparel,Women's Wear,2,42.2,0.25,0.0,Cash,In-Store,Completed
ORD-100865,2024-02-24,West,Oregon,WE-02,CUST-01285,Consumer,Sporting Goods,Fitness Equipment,3,174.28,0.0,7.99,Debit Card,Online,Completed
ORD-102021,2024-02-24,East,New York,EA-04,CUST-00674,Corporate,Apparel,Women's Wear,5,31.26,0.1,4.99,Debit Card,Online,Returned
ORD-102193,2024-02-24,East,New York,EA-02,CUST-01295,Consumer,Home Goods,Decor,3,498.4,0.05,0.0,Cash,Online,Completed
ORD-105018,2024-02-24,North,North Dakota,NO-03,CUST-01712,Corporate,Sporting Goods,Outdoor Gear,3,175.18,0.05,0.0,PayPal,Online,Completed
ORD-102132,2024-02-24,South,Texas,SO-02,CUST-01593,Consumer,Electronics,Smartphones,3,256.33,0.0,0.0,Gift Card,In-Store,Completed
ORD-101282,2024-02-24,Central,Illinois,CE-05,CUST-00426,Home Office,Apparel,Kids' Wear,3,38.52,0.05,7.99,Debit Card,Online,Completed
ORD-105130,2024-02-24,South,Georgia,SO-03,CUST-01647,Corporate,Electronics,Smartphones,3,239.2,0.0,0.0,Credit Card,In-Store,Completed
ORD-102041,2024-02-25,East,Massachusetts,EA-05,CUST-01102,Corporate,Apparel,Accessories,3,42.39,0.05,0.0,Debit Card,In-Store,Completed
ORD-101932,2024-02-25,Central,Missouri,CE-03,CUST-01495,Consumer,Apparel,Kids' Wear,2,71.92,0.1,0.0,Credit Card,In-Store,Completed
ORD-103267,2024-02-25,West,Washington,WE-03,CUST-00836,Consumer,Sporting Goods,Outdoor Gear,2,441.09,0.0,0.0,Credit Card,In-Store,Completed
ORD-101931,2024-02-25,West,Oregon,WE-01,CUST-00133,Consumer,Apparel,Men's Wear,1,66.06,0.0,0.0,Credit Card,In-Store,Completed
ORD-100093,2024-02-25,South,Texas,SO-05,CUST-00619,Corporate,Home Goods,Kitchenware,4,558.66,0.0,4.99,Credit Card,Online,Completed
ORD-100553,2024-02-25,South,Georgia,SO-01,CUST-00868,Consumer,Books,Educational,4,15.15,0.0,0.0,PayPal,Online,Completed
ORD-103847,2024-02-26,South,Florida,SO-01,CUST-01030,Consumer,Electronics,Smart Home,3,338.08,0.05,0.0,Debit Card,Online,Returned
ORD-101622,2024-02-26,East,New Jersey,EA-03,CUST-01758,Consumer,Electronics,Headphones,2,431.0,0.0,7.99,Credit Card,Online,Completed
ORD-102967,2024-02-26,Central,Illinois,CE-04,CUST-00126,Consumer,Electronics,Laptops,1,610.56,0.0,0.0,Credit Card,Online,Completed
ORD-103426,2024-02-27,East,New Jersey,EA-02,CUST-00816,Home Office,Home Goods,Kitchenware,4,189.83,0.0,0.0,Debit Card,Online,Completed
ORD-103549,2024-02-27,South,Georgia,SO-01,CUST-01364,Corporate,Electronics,Smart Home,2,352.0,0.0,0.0,Gift Card,In-Store,Completed
ORD-104047,2024-02-28,Central,Ohio,CE-03,CUST-01640,Consumer,Apparel,Accessories,3,44.62,0.0,7.99,Debit Card,Online,Completed
ORD-105702,2024-02-28,East,New Jersey,EA-02,CUST-00087,Consumer,Apparel,Kids' Wear,2,95.81,0.0,0.0,PayPal,In-Store,Completed
ORD-105032,2024-02-28,South,Georgia,SO-04,CUST-01398,Consumer,Beauty & Health,Haircare,5,41.04,0.0,0.0,Debit Card,Online,Completed
ORD-100858,2024-02-28,Central,Missouri,CE-04,CUST-01643,Corporate,Sporting Goods,Footwear,5,139.1,0.1,0.0,PayPal,In-Store,Completed
ORD-104110,2024-02-28,East,New Jersey,EA-03,CUST-01126,Consumer,Sporting Goods,Team Sports,1,128.4,0.0,12.99,Credit Card,Online,Completed
ORD-104489,2024-02-28,East,Massachusetts,EA-04,CUST-00683,Consumer,Home Goods,Bedding,3,282.98,0.0,0.0,Gift Card,Online,Completed
ORD-104555,2024-02-28,North,Wisconsin,NO-02,CUST-00921,Home Office,Electronics,Smart Home,4,458.32,0.0,0.0,Credit Card,In-Store,Completed
ORD-102848,2024-02-28,West,Oregon,WE-03,CUST-00315,Corporate,Sporting Goods,Cycling,2,116.5,0.1,0.0,Credit Card,Online,Returned
ORD-104159,2024-02-29,East,Massachusetts,EA-05,CUST-01198,Consumer,Electronics,Smartphones,4,208.19,0.0,4.99,Credit Card,Online,Completed
ORD-103685,2024-02-29,Central,Missouri,CE-01,CUST-01553,Consumer,Electronics,Smart Home,3,640.12,0.0,0.0,Credit Card,Online,Completed
ORD-105886,2024-02-29,North,North Dakota,NO-05,CUST-01251,Consumer,Apparel,Accessories,2,34.24,0.2,0.0,Cash,In-Store,Completed
ORD-101879,2024-02-29,North,Wisconsin,NO-05,CUST-01046,Consumer,Books,Fiction,3,6.0,0.0,7.99,Debit Card,Online,Completed
ORD-102031,2024-02-29,East,Massachusetts,EA-04,CUST-01038,Consumer,Electronics,Cameras,5,768.37,0.0,0.0,Credit Card,Online,Completed
ORD-105171,2024-02-29,South,Texas,SO-04,CUST-00442,Corporate,Home Goods,Decor,1,309.05,0.0,7.99,Credit Card,Online,Completed
ORD-102814,2024-02-29,East,New Jersey,EA-03,CUST-00223,Consumer,Apparel,Accessories,4,75.63,0.0,12.99,Credit Card,Online,Completed
ORD-100797,2024-02-29,Central,Missouri,CE-01,CUST-01262,Corporate,Apparel,Footwear,4,52.19,0.0,0.0,Credit Card,In-Store,Completed
ORD-104292,2024-02-29,North,Wisconsin,NO-02,CUST-00221,Consumer,Sporting Goods,Cycling,4,138.62,0.1,4.99,Credit Card,Online,Completed
ORD-101143,2024-02-29,North,North Dakota,NO-02,CUST-00655,Home Office,Home Goods,Decor,3,416.36,0.0,0.0,Credit Card,In-Store,Completed
ORD-103777,2024-03-01,West,Washington,WE-05,CUST-00196,Consumer,Apparel,Men's Wear,4,103.37,0.0,0.0,Debit Card,Online,Completed
ORD-105986,2024-03-01,North,Minnesota,NO-05,CUST-00061,Consumer,Books,Fiction,4,9.83,0.1,7.99,Credit Card,Online,Completed
ORD-100968,2024-03-01,South,Georgia,SO-04,CUST-01763,Consumer,Apparel,Accessories,3,39.28,0.05,7.99,Debit Card,Online,Returned
ORD-104383,2024-03-01,Central,Ohio,CE-02,CUST-00406,Consumer,Beauty & Health,Personal Care,3,49.65,0.25,0.0,Credit Card,Online,Completed
ORD-103415,2024-03-01,East,New York,EA-01,CUST-00492,Corporate,Electronics,Smart Home,7,324.8,0.1,0.0,Cash,In-Store,Completed
ORD-101470,2024-03-02,South,Florida,SO-05,CUST-00671,Corporate,Electronics,Laptops,2,638.04,0.05,0.0,Debit Card,In-Store,Completed
ORD-103592,2024-03-02,North,Minnesota,NO-04,CUST-01196,Consumer,Sporting Goods,Team Sports,4,153.37,0.0,7.99,Debit Card,Online,Completed
ORD-101017,2024-03-02,West,California,WE-03,CUST-00840,Consumer,Books,Non-Fiction,1,18.05,0.0,0.0,Debit Card,Online,Completed
ORD-103799,2024-03-02,Central,Illinois,CE-01,CUST-01710,Consumer,Apparel,Women's Wear,3,25.39,0.0,0.0,Gift Card,In-Store,Completed
ORD-101292,2024-03-02,Central,Missouri,CE-02,CUST-00556,Corporate,Apparel,Men's Wear,3,67.82,0.1,0.0,Credit Card,In-Store,Cancelled
ORD-104492,2024-03-02,East,New York,EA-04,CUST-00578,Consumer,Beauty & Health,Makeup,2,24.48,0.05,0.0,Credit Card,In-Store,Cancelled
ORD-101542,2024-03-02,South,Florida,SO-02,CUST-01330,Corporate,Books,Children's,3,29.13,0.15,0.0,Credit Card,In-Store,Completed
ORD-102792,2024-03-03,South,Texas,SO-01,CUST-00692,Corporate,Electronics,Laptops,1,311.54,0.05,12.99,Credit Card,Online,Completed
ORD-102463,2024-03-03,West,California,WE-05,CUST-01221,Home Office,Apparel,Kids' Wear,4,12.17,0.25,7.99,Credit Card,Online,Completed
ORD-100221,2024-03-03,South,Georgia,SO-05,CUST-00484,Home Office,Electronics,Smart Home,3,771.27,0.15,0.0,Credit Card,In-Store,Cancelled
ORD-105498,2024-03-03,West,Washington,WE-02,CUST-00778,Corporate,Apparel,Women's Wear,4,74.24,0.1,0.0,Credit Card,In-Store,Completed
ORD-105492,2024-03-03,North,North Dakota,NO-02,CUST-00861,Consumer,Home Goods,Decor,3,391.74,0.0,0.0,Credit Card,In-Store,Completed
ORD-105391,2024-03-03,South,Florida,SO-01,CUST-01034,Consumer,Electronics,Cameras,3,1200.0,0.0,0.0,Cash,In-Store,Completed
ORD-105741,2024-03-03,Central,Illinois,CE-03,CUST-01726,Corporate,Apparel,Men's Wear,6,35.71,0.0,12.99,Cash,Online,Returned
ORD-104937,2024-03-03,North,Minnesota,NO-05,CUST-01757,Corporate,Electronics,Cameras,1,794.53,0.0,0.0,Cash,In-Store,Completed
ORD-100765,2024-03-04,South,Texas,SO-01,CUST-00228,Consumer,Apparel,Kids' Wear,3,31.83,0.2,0.0,Cash,In-Store,Completed
ORD-104483,2024-03-04,West,California,WE-04,CUST-01349,Home Office,Apparel,Men's Wear,2,28.82,0.0,0.0,Credit Card,In-Store,Completed
ORD-100258,2024-03-04,East,New Jersey,EA-04,CUST-00750,Consumer,Apparel,Footwear,7,103.0,0.0,12.99,PayPal,Online,Completed
ORD-101453,2024-03-05,North,Wisconsin,NO-01,CUST-01626,Home Office,Home Goods,Furniture,3,317.7,0.15,0.0,Credit Card,Online,Completed
ORD-100659,2024-03-05,South,Florida,SO-04,CUST-01673,Consumer,Electronics,Headphones,6,166.96,0.25,0.0,Credit Card,In-Store,Completed
ORD-103601,2024-03-05,West,California,WE-04,CUST-00226,Consumer,Sporting Goods,Team Sports,2,145.16,0.15,0.0,Debit Card,Online,Completed
ORD-105102,2024-03-05,East,Massachusetts,EA-01,CUST-00784,Corporate,Home Goods,Bedding,3,224.25,0.0,0.0,Debit Card,In-Store,Completed
ORD-103610,2024-03-05,Central,Missouri,CE-05,CUST-00833,Corporate,Books,Non-Fiction,6,11.11,0.0,0.0,Debit Card,Online,Completed
ORD-105337,2024-03-05,West,California,WE-01,CUST-01233,Corporate,Apparel,Kids' Wear,5,118.21,0.15,7.99,Cash,Online,Completed
ORD-105388,2024-03-05,East,New Jersey,EA-03,CUST-00979,Consumer,Beauty & Health,Haircare,2,94.63,0.0,0.0,Credit Card,Online,Completed
ORD-102301,2024-03-06,East,New Jersey,EA-02,CUST-01297,Home Office,Apparel,Men's Wear,6,110.27,0.0,0.0,PayPal,In-Store,Completed
ORD-104528,2024-03-06,North,Minnesota,NO-03,CUST-00772,Consumer,Electronics,Cameras,2,452.53,0.2,4.99,PayPal,Online,Completed
ORD-101964,2024-03-06,South,Georgia,SO-03,CUST-00904,Consumer,Apparel,Men's Wear,3,46.94,0.1,0.0,Cash,In-Store,Completed
ORD-103004,2024-03-06,West,Oregon,WE-03,CUST-00216,Corporate,Apparel,Footwear,3,72.39,0.05,0.0,Credit Card,Online,Completed
ORD-103481,2024-03-06,East,New Jersey,EA-02,CUST-01420,Consumer,Beauty & Health,Haircare,3,30.19,0.0,0.0,Credit Card,In-Store,Completed
ORD-102255,2024-03-06,Central,Ohio,CE-03,CUST-00201,Home Office,Apparel,Women's Wear,4,58.66,0.15,4.99,Debit Card,Online,Completed
ORD-104358,2024-03-06,North,Minnesota,NO-05,CUST-00995,Consumer,Electronics,Smartphones,5,894.86,0.15,0.0,Credit Card,In-Store,Completed
ORD-104000,2024-03-06,East,New York,EA-02,CUST-00304,Corporate,Beauty & Health,Makeup,2,41.89,0.1,0.0,Cash,In-Store,Completed
ORD-100686,2024-03-06,South,Georgia,SO-04,CUST-00017,Corporate,Sporting Goods,Team Sports,3,198.95,0.05,0.0,Cash,In-Store,Completed
ORD-102502,2024-03-07,South,Texas,SO-01,CUST-00191,Corporate,Apparel,Women's Wear,4,40.51,0.0,4.99,Credit Card,Online,Completed
ORD-100413,2024-03-07,North,Wisconsin,NO-05,CUST-00190,Consumer,Books,Fiction,2,15.76,0.1,0.0,Gift Card,In-Store,Completed
ORD-103908,2024-03-07,West,Oregon,WE-05,CUST-01356,Consumer,Books,Comics,6,26.61,0.2,4.99,PayPal,Online,Completed
ORD-104991,2024-03-07,East,New Jersey,EA-05,CUST-00321,Consumer,Sporting Goods,Outdoor Gear,2,84.65,0.05,0.0,Debit Card,In-Store,Returned
ORD-105640,2024-03-07,West,Oregon,WE-04,CUST-00893,Consumer,Sporting Goods,Team Sports,4,111.18,0.0,4.99,Cash,Online,Completed
ORD-103566,2024-03-08,North,Wisconsin,NO-02,CUST-00531,Consumer,Beauty & Health,Skincare,3,80.26,0.1,0.0,PayPal,In-Store,Completed
ORD-103960,2024-03-08,North,Minnesota,NO-02,CUST-01191,Corporate,Apparel,Footwear,4,40.56,0.0,4.99,PayPal,Online,Completed
ORD-100724,2024-03-08,North,Minnesota,NO-03,CUST-00243,Corporate,Electronics,Smart Home,6,762.37,0.0,7.99,PayPal,Online,Completed
ORD-104382,2024-03-08,Central,Ohio,CE-04,CUST-01741,Consumer,Books,Non-Fiction,4,10.18,0.15,7.99,Cash,Online,Completed
ORD-104590,2024-03-09,South,Georgia,SO-05,CUST-01132,Consumer,Home Goods,Kitchenware,2,175.4,0.0,0.0,Credit Card,In-Store,Completed
ORD-104479,2024-03-09,West,Oregon,WE-05,CUST-00570,Home Office,Books,Educational,4,17.97,0.05,0.0,Cash,Online,Cancelled
ORD-105140,2024-03-09,South,Georgia,SO-04,CUST-00176,Consumer,Electronics,Smart Home,2,491.42,0.15,0.0,Credit Card,In-Store,Completed
ORD-105979,2024-03-09,East,New York,EA-03,CUST-01024,Consumer,Apparel,Kids' Wear,4,49.0,0.0,12.99,Credit Card,Online,Completed
ORD-104075,2024-03-09,North,Minnesota,NO-04,CUST-00565,Consumer,Apparel,Women's Wear,6,44.54,0.0,0.0,PayPal,In-Store,Completed
ORD-100359,2024-03-09,South,Texas,SO-03,CUST-01105,Corporate,Electronics,Smart Home,4,355.95,0.0,0.0,PayPal,In-Store,Completed
ORD-105376,2024-03-10,North,Minnesota,NO-03,CUST-01495,Home Office,Electronics,Headphones,4,293.23,0.0,7.99,Cash,Online,Completed
ORD-100939,2024-03-10,East,New Jersey,EA-05,CUST-00353,Consumer,Apparel,Footwear,3,95.45,0.05,0.0,Cash,In-Store,Completed
ORD-105088,2024-03-10,West,Oregon,WE-01,CUST-00174,Corporate,Home Goods,Furniture,6,615.82,0.0,4.99,Credit Card,Online,Completed
ORD-104521,2024-03-10,South,Texas,SO-02,CUST-00753,Corporate,Electronics,Smartphones,4,423.19,0.0,0.0,PayPal,Online,Completed
ORD-100802,2024-03-10,West,Oregon,WE-05,CUST-01690,Corporate,Apparel,Kids' Wear,2,65.6,0.0,7.99,Debit Card,Online,Completed
ORD-105425,2024-03-10,North,Minnesota,NO-02,CUST-00203,Consumer,Sporting Goods,Team Sports,1,196.4,0.15,0.0,Credit Card,Online,Completed
ORD-103786,2024-03-10,East,New York,EA-04,CUST-00017,Corporate,Beauty & Health,Haircare,3,21.35,0.05,7.99,Debit Card,Online,Completed
ORD-103399,2024-03-10,West,Oregon,WE-03,CUST-00326,Corporate,Home Goods,Kitchenware,6,196.25,0.1,0.0,PayPal,In-Store,Completed
ORD-102496,2024-03-10,North,Wisconsin,NO-02,CUST-01033,Consumer,Electronics,Cameras,3,337.77,0.2,0.0,Credit Card,In-Store,Completed
ORD-102364,2024-03-10,Central,Ohio,CE-01,CUST-00171,Consumer,Home Goods,Decor,4,654.39,0.05,0.0,Credit Card,In-Store,Completed
ORD-104287,2024-03-10,North,Wisconsin,NO-04,CUST-01181,Corporate,Apparel,Women's Wear,4,75.46,0.05,0.0,Credit Card,Online,Completed
ORD-100232,2024-03-10,South,Georgia,SO-02,CUST-00703,Corporate,Apparel,Footwear,2,71.8,0.0,0.0,Credit Card,Online,Completed
ORD-104109,2024-03-10,Central,Missouri,CE-01,CUST-00391,Consumer,Home Goods,Storage,4,496.76,0.1,0.0,Cash,In-Store,Completed
ORD-102844,2024-03-10,South,Florida,SO-01,CUST-00255,Home Office,Electronics,Smart Home,3,831.72,0.05,0.0,Credit Card,In-Store,Returned
ORD-103739,2024-03-11,West,Washington,WE-03,CUST-00349,Home Office,Electronics,Cameras,4,393.49,0.0,7.99,Credit Card,Online,Completed
ORD-105521,2024-03-11,East,New York,EA-05,CUST-00796,Consumer,Home Goods,Storage,4,442.76,0.0,0.0,Credit Card,Online,Completed
ORD-105101,2024-03-11,West,Oregon,WE-05,CUST-01512,Consumer,Apparel,Kids' Wear,3,43.25,0.05,4.99,Credit Card,Online,Completed
ORD-102746,2024-03-11,East,New York,EA-04,CUST-01488,Consumer,Home Goods,Kitchenware,2,183.69,0.0,0.0,Debit Card,In-Store,Completed
ORD-100284,2024-03-11,East,Massachusetts,EA-02,CUST-00222,Corporate,Electronics,Laptops,3,259.28,0.0,0.0,Credit Card,In-Store,Completed
ORD-103815,2024-03-11,North,Wisconsin,NO-03,CUST-00499,Consumer,Electronics,Laptops,5,396.91,0.1,0.0,Credit Card,In-Store,Completed
ORD-102096,2024-03-11,South,Texas,SO-05,CUST-00185,Corporate,Sporting Goods,Cycling,2,71.27,0.0,0.0,Debit Card,Online,Completed
ORD-104039,2024-03-11,West,Washington,WE-04,CUST-00628,Consumer,Sporting Goods,Outdoor Gear,5,162.25,0.05,0.0,Debit Card,In-Store,Completed
ORD-105325,2024-03-12,Central,Missouri,CE-03,CUST-00448,Consumer,Apparel,Accessories,2,35.74,0.0,4.99,Credit Card,Online,Completed
ORD-104187,2024-03-12,North,North Dakota,NO-04,CUST-01257,Consumer,Sporting Goods,Cycling,5,163.62,0.05,7.99,Cash,Online,Completed
ORD-103593,2024-03-12,North,North Dakota,NO-03,CUST-00471,Consumer,Electronics,Cameras,2,796.61,0.1,4.99,PayPal,Online,Returned
ORD-104451,2024-03-12,West,Oregon,WE-04,CUST-00648,Corporate,Electronics,Headphones,1,507.37,0.0,0.0,Gift Card,In-Store,Completed
ORD-103341,2024-03-12,West,Oregon,WE-03,CUST-00669,Consumer,Beauty & Health,Makeup,3,25.45,0.05,0.0,PayPal,In-Store,Completed
ORD-101595,2024-03-12,North,Minnesota,NO-05,CUST-01302,Consumer,Apparel,Kids' Wear,4,48.26,0.1,0.0,Debit Card,In-Store,Returned
ORD-105663,2024-03-12,East,New Jersey,EA-01,CUST-01034,Corporate,Apparel,Footwear,1,39.91,0.0,0.0,PayPal,In-Store,Completed
ORD-105496,2024-03-12,South,Florida,SO-02,CUST-01709,Corporate,Books,Children's,1,27.09,0.25,0.0,Debit Card,In-Store,Completed
ORD-101351,2024-03-12,North,North Dakota,NO-03,CUST-01734,Consumer,Electronics,Laptops,3,258.83,0.05,4.99,Credit Card,Online,Completed
ORD-105319,2024-03-13,South,Georgia,SO-03,CUST-01003,Consumer,Beauty & Health,Makeup,2,34.43,0.0,0.0,Debit Card,In-Store,Returned
ORD-101115,2024-03-13,East,New Jersey,EA-03,CUST-01229,Home Office,Books,Fiction,3,38.1,0.15,4.99,Cash,Online,Completed
ORD-102865,2024-03-13,West,Washington,WE-04,CUST-00707,Consumer,Apparel,Men's Wear,2,32.89,0.0,4.99,Credit Card,Online,Completed
ORD-101930,2024-03-13,South,Texas,SO-05,CUST-01610,Consumer,Apparel,Men's Wear,5,92.6,0.05,0.0,Credit Card,Online,Completed
ORD-105676,2024-03-13,West,California,WE-04,CUST-01250,Home Office,Electronics,Cameras,3,270.21,0.05,4.99,Credit Card,Online,Completed
ORD-101506,2024-03-13,West,California,WE-02,CUST-00427,Consumer,Electronics,Cameras,2,451.54,0.0,0.0,Credit Card,Online,Completed
ORD-102454,2024-03-14,East,Massachusetts,EA-01,CUST-00108,Home Office,Home Goods,Kitchenware,5,165.2,0.05,12.99,Debit Card,Online,Cancelled
ORD-100838,2024-03-14,East,Massachusetts,EA-01,CUST-01314,Consumer,Books,Comics,3,16.46,0.0,0.0,Debit Card,In-Store,Completed
ORD-103552,2024-03-14,West,Washington,WE-02,CUST-00090,Consumer,Apparel,Men's Wear,2,30.17,0.0,4.99,Credit Card,Online,Completed
ORD-105817,2024-03-14,West,Oregon,WE-01,CUST-00351,Consumer,Home Goods,Furniture,2,281.58,0.05,0.0,PayPal,In-Store,Completed
ORD-105649,2024-03-14,South,Texas,SO-01,CUST-00198,Consumer,Books,Educational,1,9.98,0.2,0.0,Credit Card,In-Store,Completed
ORD-103430,2024-03-14,West,Washington,WE-05,CUST-01092,Home Office,Home Goods,Decor,1,229.87,0.2,0.0,Credit Card,Online,Completed
ORD-104320,2024-03-14,East,Massachusetts,EA-03,CUST-01038,Consumer,Apparel,Men's Wear,2,49.78,0.05,0.0,Gift Card,In-Store,Completed
ORD-100697,2024-03-14,East,New Jersey,EA-05,CUST-01664,Corporate,Books,Fiction,3,12.54,0.2,0.0,Credit Card,In-Store,Completed
ORD-101832,2024-03-15,West,Oregon,WE-03,CUST-01056,Consumer,Sporting Goods,Outdoor Gear,3,249.35,0.0,0.0,PayPal,In-Store,Completed
ORD-105245,2024-03-15,Central,Missouri,CE-02,CUST-01721,Consumer,Apparel,Accessories,3,75.44,0.05,7.99,PayPal,Online,Completed
ORD-102863,2024-03-15,East,New Jersey,EA-03,CUST-00778,Consumer,Books,Educational,4,16.75,0.15,0.0,Gift Card,In-Store,Completed
ORD-101259,2024-03-15,West,Oregon,WE-05,CUST-01684,Consumer,Apparel,Footwear,3,63.15,0.1,0.0,Credit Card,In-Store,Completed
ORD-104275,2024-03-15,West,California,WE-04,CUST-01310,Consumer,Sporting Goods,Outdoor Gear,2,126.26,0.1,0.0,Debit Card,Online,Completed
ORD-102385,2024-03-15,South,Georgia,SO-05,CUST-01034,Corporate,Apparel,Accessories,4,65.66,0.1,0.0,Credit Card,Online,Completed
ORD-105142,2024-03-15,North,Wisconsin,NO-04,CUST-00920,Consumer,Home Goods,Storage,6,252.5,0.0,0.0,Credit Card,In-Store,Returned
ORD-101191,2024-03-15,West,Washington,WE-05,CUST-00263,Home Office,Books,Non-Fiction,2,14.7,0.1,0.0,PayPal,In-Store,Completed
ORD-105631,2024-03-16,South,Texas,SO-05,CUST-00946,Consumer,Apparel,Footwear,3,50.62,0.0,0.0,Gift Card,In-Store,Returned
ORD-104176,2024-03-16,South,Florida,SO-03,CUST-01779,Consumer,Home Goods,Furniture,2,290.51,0.0,0.0,Gift Card,Online,Completed
ORD-105393,2024-03-16,West,Washington,WE-01,CUST-01364,Corporate,Electronics,Smart Home,5,367.9,0.15,4.99,Cash,Online,Completed
ORD-102242,2024-03-16,South,Florida,SO-04,CUST-01252,Consumer,Electronics,Cameras,3,243.04,0.0,0.0,Credit Card,Online,Completed
ORD-100903,2024-03-16,East,Massachusetts,EA-01,CUST-01288,Home Office,Home Goods,Decor,5,181.43,0.05,4.99,Credit Card,Online,Completed
ORD-100786,2024-03-16,West,California,WE-04,CUST-00397,Home Office,Home Goods,Bedding,4,261.7,0.15,0.0,PayPal,In-Store,Completed
ORD-103323,2024-03-16,Central,Ohio,CE-05,CUST-00205,Corporate,Electronics,Cameras,3,437.08,0.05,0.0,Credit Card,In-Store,Completed
ORD-103963,2024-03-16,North,Minnesota,NO-03,CUST-00667,Corporate,Apparel,Men's Wear,3,46.15,0.0,0.0,Debit Card,Online,Completed
ORD-104224,2024-03-16,Central,Missouri,CE-03,CUST-01550,Corporate,Apparel,Footwear,3,150.0,0.0,4.99,Credit Card,Online,Completed
ORD-100496,2024-03-16,West,California,WE-05,CUST-01466,Corporate,Beauty & Health,Wellness,3,24.78,0.0,4.99,Gift Card,Online,Completed
ORD-103088,2024-03-16,East,New York,EA-01,CUST-00377,Corporate,Apparel,Footwear,3,53.34,0.05,4.99,PayPal,Online,Completed
ORD-100463,2024-03-16,East,New York,EA-01,CUST-01121,Consumer,Electronics,Smart Home,5,378.8,0.0,0.0,PayPal,In-Store,Completed
ORD-105226,2024-03-16,West,California,WE-05,CUST-00854,Consumer,Sporting Goods,Fitness Equipment,2,74.53,0.0,0.0,Cash,Online,Completed
ORD-103484,2024-03-16,North,Minnesota,NO-01,CUST-00844,Consumer,Electronics,Smartphones,2,474.01,0.1,0.0,Credit Card,In-Store,Completed
ORD-103142,2024-03-17,West,Washington,WE-02,CUST-00018,Consumer,Home Goods,Bedding,4,339.7,0.0,4.99,Credit Card,Online,Completed
ORD-102937,2024-03-17,East,Massachusetts,EA-03,CUST-01226,Consumer,Home Goods,Kitchenware,5,235.93,0.0,4.99,Debit Card,Online,Completed
ORD-100484,2024-03-17,South,Texas,SO-02,CUST-00465,Consumer,Home Goods,Storage,4,254.89,0.0,0.0,Credit Card,In-Store,Completed
ORD-104508,2024-03-17,West,Oregon,WE-05,CUST-01279,Corporate,Electronics,Laptops,2,389.26,0.0,7.99,Gift Card,Online,Completed
ORD-104248,2024-03-17,West,Washington,WE-01,CUST-00630,Home Office,Books,Non-Fiction,3,28.31,0.0,7.99,PayPal,Online,Returned
ORD-104206,2024-03-18,West,Washington,WE-03,CUST-01468,Corporate,Home Goods,Bedding,3,144.69,0.0,0.0,Credit Card,In-Store,Completed
ORD-102584,2024-03-18,West,California,WE-04,CUST-00630,Corporate,Sporting Goods,Cycling,3,209.09,0.0,7.99,Debit Card,Online,Completed
ORD-104211,2024-03-18,East,New Jersey,EA-03,CUST-00967,Consumer,Electronics,Headphones,4,746.0,0.0,0.0,PayPal,Online,Completed
ORD-100357,2024-03-18,South,Georgia,SO-02,CUST-01256,Consumer,Electronics,Cameras,4,454.49,0.05,0.0,Credit Card,In-Store,Returned
ORD-101408,2024-03-18,Central,Illinois,CE-04,CUST-01089,Consumer,Apparel,Men's Wear,3,108.16,0.1,0.0,Credit Card,In-Store,Completed
ORD-105919,2024-03-18,West,Oregon,WE-01,CUST-00028,Consumer,Sporting Goods,Fitness Equipment,3,133.98,0.05,7.99,Credit Card,Online,Completed
ORD-100791,2024-03-19,Central,Illinois,CE-04,CUST-00926,Corporate,Apparel,Accessories,2,66.82,0.05,0.0,Debit Card,Online,Completed
ORD-105891,2024-03-19,South,Florida,SO-04,CUST-01735,Consumer,Sporting Goods,Outdoor Gear,5,325.66,0.0,4.99,Credit Card,Online,Completed
ORD-100652,2024-03-19,North,Minnesota,NO-03,CUST-00952,Consumer,Sporting Goods,Team Sports,2,99.64,0.0,4.99,Cash,Online,Completed
ORD-103429,2024-03-19,West,Oregon,WE-02,CUST-01600,Corporate,Apparel,Kids' Wear,6,96.05,0.0,0.0,PayPal,In-Store,Returned
ORD-104303,2024-03-19,Central,Ohio,CE-05,CUST-01772,Corporate,Home Goods,Storage,3,166.36,0.0,0.0,Debit Card,In-Store,Completed
ORD-105859,2024-03-19,East,New Jersey,EA-03,CUST-01091,Consumer,Apparel,Kids' Wear,4,83.01,0.25,0.0,Credit Card,Online,Completed
ORD-101570,2024-03-19,Central,Ohio,CE-03,CUST-00358,Corporate,Books,Children's,4,22.41,0.0,4.99,Debit Card,Online,Completed
ORD-104535,2024-03-20,North,North Dakota,NO-01,CUST-00826,Home Office,Apparel,Footwear,4,45.16,0.15,0.0,Credit Card,In-Store,Completed
ORD-104344,2024-03-20,North,Wisconsin,NO-04,CUST-00523,Consumer,Electronics,Smartphones,3,435.07,0.0,7.99,Credit Card,Online,Returned
ORD-101965,2024-03-20,North,Wisconsin,NO-02,CUST-01779,Consumer,Electronics,Smart Home,4,160.13,0.15,4.99,Credit Card,Online,Cancelled
ORD-105636,2024-03-20,South,Texas,SO-05,CUST-00804,Consumer,Books,Fiction,4,14.53,0.0,7.99,Credit Card,Online,Completed
ORD-103083,2024-03-20,East,New Jersey,EA-03,CUST-01014,Consumer,Beauty & Health,Makeup,3,58.4,0.0,7.99,Debit Card,Online,Completed
ORD-101926,2024-03-21,East,New Jersey,EA-04,CUST-00394,Consumer,Home Goods,Bedding,2,269.58,0.05,12.99,Credit Card,Online,Completed
ORD-103968,2024-03-21,Central,Missouri,CE-02,CUST-01043,Home Office,Electronics,Laptops,7,524.93,0.0,0.0,Credit Card,In-Store,Completed
ORD-102488,2024-03-21,East,New Jersey,EA-03,CUST-01010,Consumer,Electronics,Smartphones,4,530.15,0.15,0.0,Debit Card,Online,Completed
ORD-105869,2024-03-21,North,Wisconsin,NO-01,CUST-01404,Consumer,Beauty & Health,Personal Care,7,31.77,0.0,0.0,Debit Card,In-Store,Returned
ORD-103108,2024-03-22,South,Texas,SO-02,CUST-01181,Consumer,Apparel,Kids' Wear,2,32.63,0.0,4.99,Cash,Online,Completed
ORD-100565,2024-03-22,North,North Dakota,NO-01,CUST-00115,Corporate,Beauty & Health,Makeup,2,31.52,0.0,0.0,Debit Card,In-Store,Returned
ORD-100993,2024-03-23,East,New Jersey,EA-05,CUST-01482,Corporate,Electronics,Cameras,4,1086.92,0.1,0.0,Credit Card,Online,Completed
ORD-100169,2024-03-23,West,California,WE-03,CUST-01798,Consumer,Electronics,Smart Home,6,236.83,0.0,0.0,Credit Card,Online,Cancelled
ORD-101876,2024-03-23,North,Wisconsin,NO-03,CUST-00648,Corporate,Sporting Goods,Team Sports,5,79.68,0.05,4.99,Debit Card,Online,Completed
ORD-100289,2024-03-23,Central,Illinois,CE-02,CUST-01433,Corporate,Beauty & Health,Haircare,2,45.95,0.05,0.0,Cash,In-Store,Completed
ORD-102878,2024-03-23,Central,Ohio,CE-02,CUST-00348,Corporate,Books,Non-Fiction,4,10.16,0.05,0.0,Gift Card,In-Store,Completed
ORD-100816,2024-03-23,Central,Missouri,CE-05,CUST-01605,Consumer,Electronics,Cameras,3,355.7,0.05,0.0,Credit Card,In-Store,Completed
ORD-102930,2024-03-23,Central,Illinois,CE-01,CUST-00568,Consumer,Electronics,Headphones,3,587.1,0.0,12.99,PayPal,Online,Completed
ORD-100910,2024-03-23,South,Florida,SO-01,CUST-00904,Consumer,Apparel,Kids' Wear,5,45.24,0.0,0.0,Gift Card,Online,Completed
ORD-101139,2024-03-24,Central,Missouri,CE-04,CUST-01070,Corporate,Electronics,Smartphones,3,604.25,0.2,4.99,Credit Card,Online,Completed
ORD-105041,2024-03-24,South,Florida,SO-02,CUST-01241,Consumer,Apparel,Men's Wear,3,110.01,0.0,0.0,PayPal,In-Store,Completed
ORD-100028,2024-03-24,North,North Dakota,NO-02,CUST-00756,Consumer,Apparel,Footwear,4,77.19,0.0,7.99,PayPal,Online,Completed
ORD-101359,2024-03-24,East,New Jersey,EA-02,CUST-01058,Corporate,Sporting Goods,Cycling,5,261.93,0.05,7.99,Credit Card,Online,Completed
ORD-102266,2024-03-24,North,Minnesota,NO-04,CUST-01547,Corporate,Apparel,Accessories,3,40.96,0.0,4.99,Credit Card,Online,Completed
ORD-103485,2024-03-24,West,California,WE-01,CUST-00143,Consumer,Beauty & Health,Haircare,4,47.47,0.05,7.99,Credit Card,Online,Returned
ORD-102795,2024-03-25,North,Wisconsin,NO-05,CUST-01722,Consumer,Books,Educational,2,15.68,0.0,0.0,Debit Card,In-Store,Completed
ORD-104478,2024-03-25,South,Georgia,SO-04,CUST-01769,Corporate,Electronics,Smartphones,3,891.63,0.15,0.0,Credit Card,Online,Completed
ORD-105693,2024-03-25,North,Wisconsin,NO-04,CUST-00752,Consumer,Apparel,Footwear,4,96.06,0.0,4.99,Credit Card,Online,Completed
ORD-102235,2024-03-25,North,Wisconsin,NO-04,CUST-00377,Consumer,Sporting Goods,Cycling,4,148.96,0.0,0.0,Credit Card,Online,Cancelled
ORD-101114,2024-03-25,North,Wisconsin,NO-01,CUST-01752,Corporate,Apparel,Footwear,1,34.81,0.0,0.0,Debit Card,Online,Completed
ORD-100646,2024-03-25,Central,Ohio,CE-03,CUST-00513,Consumer,Beauty & Health,Skincare,2,33.08,0.05,0.0,PayPal,In-Store,Completed
ORD-101379,2024-03-25,North,Wisconsin,NO-04,CUST-01188,Consumer,Books,Non-Fiction,3,8.19,0.0,0.0,Debit Card,In-Store,Completed
ORD-103448,2024-03-25,South,Georgia,SO-05,CUST-00361,Corporate,Books,Non-Fiction,2,25.4,0.0,0.0,Gift Card,Online,Completed
ORD-104134,2024-03-25,North,Minnesota,NO-05,CUST-00697,Corporate,Home Goods,Furniture,6,385.6,0.0,4.99,Credit Card,Online,Completed
ORD-102348,2024-03-25,East,Massachusetts,EA-01,CUST-01147,Corporate,Beauty & Health,Skincare,2,35.44,0.1,0.0,PayPal,Online,Completed
ORD-101917,2024-03-25,South,Georgia,SO-03,CUST-01501,Consumer,Apparel,Footwear,2,29.78,0.0,12.99,Credit Card,Online,Returned
ORD-104072,2024-03-26,South,Georgia,SO-04,CUST-01663,Consumer,Home Goods,Decor,1,397.64,0.0,4.99,Credit Card,Online,Completed
ORD-103792,2024-03-26,South,Florida,SO-02,CUST-00085,Consumer,Home Goods,Decor,3,458.81,0.0,4.99,Debit Card,Online,Returned
ORD-100520,2024-03-26,West,California,WE-02,CUST-00859,Consumer,Apparel,Women's Wear,4,24.28,0.1,7.99,Credit Card,Online,Completed
ORD-101582,2024-03-26,South,Georgia,SO-04,CUST-01060,Home Office,Books,Fiction,3,39.3,0.15,0.0,PayPal,In-Store,Completed
ORD-100849,2024-03-27,Central,Ohio,CE-01,CUST-00288,Corporate,Home Goods,Decor,3,174.65,0.05,7.99,Debit Card,Online,Returned
ORD-105835,2024-03-27,West,Washington,WE-04,CUST-01384,Consumer,Electronics,Cameras,2,1077.94,0.0,12.99,Credit Card,Online,Completed
ORD-103729,2024-03-27,North,North Dakota,NO-02,CUST-00113,Consumer,Electronics,Laptops,2,514.12,0.0,0.0,Cash,In-Store,Completed
ORD-100976,2024-03-27,South,Texas,SO-03,CUST-00940,Consumer,Apparel,Footwear,2,122.49,0.0,4.99,PayPal,Online,Completed
ORD-104299,2024-03-27,East,Massachusetts,EA-02,CUST-00519,Consumer,Books,Educational,2,13.98,0.0,0.0,Credit Card,Online,Completed
ORD-100711,2024-03-27,West,Washington,WE-05,CUST-00719,Consumer,Home Goods,Kitchenware,1,349.47,0.0,12.99,Credit Card,Online,Completed
ORD-104703,2024-03-27,North,Minnesota,NO-03,CUST-00357,Corporate,Apparel,Accessories,1,64.21,0.15,0.0,Credit Card,In-Store,Completed
ORD-104285,2024-03-27,South,Texas,SO-05,CUST-00477,Consumer,Apparel,Men's Wear,3,36.06,0.0,0.0,Cash,Online,Returned
ORD-103371,2024-03-27,Central,Ohio,CE-01,CUST-01024,Home Office,Apparel,Men's Wear,6,31.38,0.05,0.0,Debit Card,In-Store,Completed
ORD-102691,2024-03-27,Central,Ohio,CE-05,CUST-01743,Corporate,Beauty & Health,Skincare,4,69.15,0.0,0.0,Gift Card,In-Store,Returned
ORD-103766,2024-03-28,Central,Illinois,CE-05,CUST-00721,Corporate,Apparel,Women's Wear,1,105.01,0.0,0.0,PayPal,In-Store,Completed
ORD-103648,2024-03-28,West,California,WE-02,CUST-01663,Corporate,Books,Educational,4,8.89,0.05,4.99,Credit Card,Online,Completed
ORD-105434,2024-03-28,North,North Dakota,NO-04,CUST-00860,Consumer,Apparel,Accessories,3,38.72,0.0,0.0,Credit Card,In-Store,Completed
ORD-100979,2024-03-28,Central,Missouri,CE-05,CUST-01203,Corporate,Apparel,Accessories,3,37.99,0.0,0.0,PayPal,In-Store,Completed
ORD-104868,2024-03-28,Central,Missouri,CE-03,CUST-01246,Corporate,Home Goods,Bedding,5,157.15,0.0,4.99,Debit Card,Online,Completed
ORD-105782,2024-03-28,North,Minnesota,NO-04,CUST-01048,Consumer,Home Goods,Storage,1,150.01,0.0,4.99,PayPal,Online,Completed
ORD-104716,2024-03-28,South,Texas,SO-01,CUST-01618,Corporate,Electronics,Cameras,2,489.48,0.05,0.0,Cash,In-Store,Completed
ORD-101031,2024-03-28,East,New York,EA-03,CUST-00007,Consumer,Books,Comics,1,15.05,0.0,0.0,Credit Card,In-Store,Completed
ORD-105644,2024-03-28,West,California,WE-05,CUST-00284,Consumer,Books,Fiction,6,8.9,0.05,0.0,Credit Card,Online,Completed
ORD-103437,2024-03-28,South,Texas,SO-04,CUST-00248,Home Office,Books,Comics,4,25.15,0.0,0.0,Debit Card,In-Store,Completed
ORD-100949,2024-03-29,East,New Jersey,EA-05,CUST-01057,Consumer,Sporting Goods,Cycling,2,172.26,0.05,4.99,Debit Card,Online,Returned
ORD-104999,2024-03-29,North,Wisconsin,NO-02,CUST-01517,Corporate,Books,Children's,2,22.93,0.05,0.0,Credit Card,In-Store,Completed
ORD-103074,2024-03-29,West,California,WE-02,CUST-00731,Corporate,Electronics,Smartphones,3,259.15,0.0,0.0,Debit Card,In-Store,Completed
ORD-103338,2024-03-29,West,Oregon,WE-05,CUST-00206,Consumer,Home Goods,Decor,5,287.69,0.25,4.99,Credit Card,Online,Completed
ORD-100054,2024-03-29,South,Texas,SO-05,CUST-01156,Corporate,Home Goods,Decor,5,247.02,0.0,4.99,Credit Card,Online,Completed
ORD-105229,2024-03-29,East,New York,EA-04,CUST-00306,Consumer,Books,Educational,5,26.98,0.05,0.0,Credit Card,Online,Completed
ORD-104922,2024-03-29,Central,Ohio,CE-04,CUST-00124,Corporate,Electronics,Headphones,5,428.83,0.15,4.99,Debit Card,Online,Completed
ORD-105605,2024-03-29,East,New York,EA-02,CUST-01386,Consumer,Apparel,Women's Wear,5,58.79,0.0,4.99,Debit Card,Online,Returned
ORD-104523,2024-03-29,Central,Illinois,CE-03,CUST-00237,Consumer,Apparel,Kids' Wear,6,69.75,0.0,0.0,PayPal,In-Store,Completed
ORD-102227,2024-03-30,West,California,WE-01,CUST-01217,Consumer,Apparel,Kids' Wear,5,48.07,0.05,0.0,Gift Card,In-Store,Completed
ORD-103062,2024-03-30,West,California,WE-05,CUST-01224,Consumer,Sporting Goods,Fitness Equipment,5,244.37,0.05,0.0,Cash,In-Store,Returned
ORD-101952,2024-03-30,East,New Jersey,EA-03,CUST-01502,Home Office,Electronics,Smartphones,3,395.56,0.0,0.0,PayPal,In-Store,Completed
ORD-104351,2024-03-30,South,Georgia,SO-02,CUST-00692,Consumer,Beauty & Health,Wellness,1,29.41,0.0,0.0,Credit Card,Online,Completed
ORD-102248,2024-03-30,Central,Missouri,CE-02,CUST-00375,Consumer,Home Goods,Decor,2,334.73,0.0,7.99,PayPal,Online,Completed
ORD-100003,2024-03-30,South,Georgia,SO-03,CUST-01717,Home Office,Apparel,Accessories,2,61.6,0.15,0.0,Cash,Online,Completed
ORD-104336,2024-03-31,East,New Jersey,EA-01,CUST-00449,Consumer,Apparel,Accessories,5,50.22,0.15,0.0,Credit Card,In-Store,Completed
ORD-104987,2024-03-31,North,North Dakota,NO-02,CUST-00457,Consumer,Electronics,Cameras,1,213.98,0.0,0.0,Cash,Online,Completed
ORD-100950,2024-03-31,Central,Missouri,CE-04,CUST-00389,Consumer,Apparel,Women's Wear,5,25.87,0.05,4.99,Credit Card,Online,Returned
ORD-101268,2024-03-31,South,Florida,SO-01,CUST-00192,Consumer,Electronics,Smart Home,3,348.68,0.05,0.0,Credit Card,In-Store,Completed
ORD-101660,2024-03-31,South,Georgia,SO-02,CUST-01234,Consumer,Apparel,Footwear,6,86.96,0.05,4.99,Cash,Online,Completed
ORD-105033,2024-03-31,East,Massachusetts,EA-02,CUST-01372,Consumer,Sporting Goods,Fitness Equipment,5,160.22,0.2,0.0,Cash,In-Store,Completed
ORD-104422,2024-03-31,South,Texas,SO-05,CUST-01136,Home Office,Books,Fiction,3,6.0,0.1,0.0,Credit Card,In-Store,Completed
ORD-104500,2024-03-31,North,North Dakota,NO-03,CUST-00159,Corporate,Books,Children's,4,18.19,0.0,0.0,Credit Card,In-Store,Completed
ORD-103463,2024-03-31,East,New York,EA-01,CUST-00228,Consumer,Beauty & Health,Haircare,4,45.11,0.0,0.0,Gift Card,Online,Returned
ORD-100008,2024-04-01,East,New Jersey,EA-04,CUST-00990,Consumer,Electronics,Smart Home,4,675.45,0.0,0.0,PayPal,In-Store,Completed
ORD-105112,2024-04-01,West,Oregon,WE-05,CUST-00745,Consumer,Apparel,Footwear,4,50.51,0.0,0.0,Credit Card,Online,Completed
ORD-102387,2024-04-01,North,Minnesota,NO-05,CUST-00860,Consumer,Home Goods,Furniture,2,202.4,0.0,0.0,Credit Card,Online,Completed
ORD-104876,2024-04-01,North,Wisconsin,NO-01,CUST-00109,Consumer,Home Goods,Kitchenware,2,514.8,0.05,4.99,Credit Card,Online,Completed
ORD-102275,2024-04-01,West,Oregon,WE-05,CUST-00102,Consumer,Home Goods,Bedding,4,767.89,0.0,7.99,Credit Card,Online,Completed
ORD-101551,2024-04-01,South,Florida,SO-03,CUST-00109,Corporate,Apparel,Men's Wear,2,75.22,0.0,0.0,Debit Card,Online,Completed
ORD-102941,2024-04-01,East,New York,EA-02,CUST-00498,Corporate,Apparel,Footwear,6,26.8,0.0,0.0,Debit Card,Online,Completed
ORD-104114,2024-04-01,South,Georgia,SO-02,CUST-00829,Consumer,Sporting Goods,Footwear,6,112.13,0.15,0.0,Debit Card,In-Store,Returned
ORD-105045,2024-04-02,West,Oregon,WE-05,CUST-00212,Consumer,Beauty & Health,Makeup,4,23.18,0.1,7.99,Debit Card,Online,Completed
ORD-102261,2024-04-02,North,Minnesota,NO-01,CUST-00722,Consumer,Apparel,Men's Wear,4,63.19,0.2,0.0,Credit Card,In-Store,Completed
ORD-103947,2024-04-02,North,Wisconsin,NO-01,CUST-00306,Corporate,Books,Fiction,2,7.89,0.15,4.99,Credit Card,Online,Completed
ORD-101831,2024-04-02,East,New Jersey,EA-04,CUST-01084,Consumer,Apparel,Accessories,1,72.13,0.0,0.0,Credit Card,Online,Completed
ORD-104274,2024-04-02,Central,Ohio,CE-05,CUST-01324,Consumer,Beauty & Health,Skincare,3,39.47,0.25,7.99,Debit Card,Online,Completed
ORD-101933,2024-04-03,Central,Missouri,CE-04,CUST-00779,Consumer,Electronics,Laptops,2,661.82,0.0,0.0,Credit Card,In-Store,Completed
ORD-102577,2024-04-03,East,Massachusetts,EA-05,CUST-01138,Consumer,Home Goods,Furniture,1,172.65,0.15,12.99,PayPal,Online,Completed
ORD-102430,2024-04-03,West,Washington,WE-02,CUST-00036,Consumer,Apparel,Accessories,3,86.3,0.2,0.0,Credit Card,In-Store,Completed
ORD-100961,2024-04-03,North,Minnesota,NO-01,CUST-00110,Home Office,Books,Children's,3,10.44,0.2,4.99,PayPal,Online,Completed
ORD-104073,2024-04-03,East,New Jersey,EA-03,CUST-00272,Home Office,Apparel,Kids' Wear,2,30.55,0.1,12.99,Debit Card,Online,Completed
ORD-105136,2024-04-03,North,Wisconsin,NO-01,CUST-01351,Consumer,Home Goods,Decor,4,218.27,0.0,0.0,Cash,Online,Completed
ORD-105360,2024-04-03,West,Oregon,WE-05,CUST-01550,Consumer,Books,Fiction,3,12.46,0.0,7.99,Debit Card,Online,Completed
ORD-101494,2024-04-03,East,New York,EA-04,CUST-01251,Consumer,Books,Children's,5,8.21,0.0,4.99,Cash,Online,Completed
ORD-103056,2024-04-03,South,Texas,SO-05,CUST-01723,Consumer,Electronics,Smart Home,1,594.31,0.0,0.0,Debit Card,Online,Completed
ORD-103926,2024-04-03,South,Georgia,SO-01,CUST-00396,Consumer,Electronics,Laptops,7,238.41,0.0,12.99,Debit Card,Online,Completed
ORD-104361,2024-04-04,East,New York,EA-04,CUST-00652,Consumer,Home Goods,Kitchenware,6,147.49,0.15,0.0,Credit Card,In-Store,Returned
ORD-102332,2024-04-04,Central,Ohio,CE-01,CUST-00579,Consumer,Apparel,Accessories,2,103.07,0.0,0.0,Debit Card,Online,Completed
ORD-105838,2024-04-04,West,Oregon,WE-04,CUST-01474,Corporate,Electronics,Smartphones,2,409.23,0.05,0.0,PayPal,In-Store,Completed
ORD-104661,2024-04-04,East,Massachusetts,EA-01,CUST-00583,Consumer,Apparel,Men's Wear,3,52.42,0.1,0.0,Gift Card,In-Store,Completed
ORD-104355,2024-04-05,North,Minnesota,NO-02,CUST-00425,Consumer,Beauty & Health,Wellness,4,49.41,0.0,0.0,Debit Card,Online,Completed
ORD-103252,2024-04-05,South,Georgia,SO-01,CUST-00296,Home Office,Sporting Goods,Outdoor Gear,4,155.0,0.25,0.0,PayPal,Online,Returned
ORD-104087,2024-04-06,South,Florida,SO-05,CUST-00415,Home Office,Electronics,Headphones,2,412.74,0.0,0.0,Debit Card,In-Store,Completed
ORD-102405,2024-04-06,South,Texas,SO-02,CUST-01688,Corporate,Beauty & Health,Personal Care,3,39.32,0.0,4.99,Debit Card,Online,Completed
ORD-100541,2024-04-06,South,Texas,SO-02,CUST-00430,Consumer,Sporting Goods,Footwear,6,157.72,0.0,0.0,Credit Card,In-Store,Returned
ORD-103491,2024-04-06,South,Florida,SO-02,CUST-01521,Home Office,Books,Non-Fiction,4,35.64,0.0,0.0,Debit Card,In-Store,Completed
ORD-101688,2024-04-06,North,Wisconsin,NO-05,CUST-01572,Corporate,Apparel,Women's Wear,4,97.84,0.0,0.0,PayPal,Online,Completed
ORD-100204,2024-04-06,East,New Jersey,EA-05,CUST-00711,Consumer,Electronics,Headphones,3,184.12,0.0,0.0,Debit Card,In-Store,Completed
ORD-105297,2024-04-06,Central,Illinois,CE-02,CUST-00264,Corporate,Apparel,Footwear,3,68.86,0.2,12.99,Cash,Online,Returned
ORD-100803,2024-04-06,South,Florida,SO-03,CUST-01281,Consumer,Electronics,Laptops,7,532.24,0.05,4.99,Credit Card,Online,Completed
ORD-100662,2024-04-06,West,Washington,WE-03,CUST-00721,Consumer,Electronics,Cameras,3,255.23,0.1,4.99,Credit Card,Online,Completed
ORD-103125,2024-04-06,Central,Illinois,CE-05,CUST-01693,Home Office,Electronics,Headphones,4,273.95,0.0,0.0,Gift Card,In-Store,Completed
ORD-101578,2024-04-07,South,Florida,SO-05,CUST-00912,Consumer,Apparel,Women's Wear,4,23.02,0.1,0.0,PayPal,In-Store,Completed
ORD-103674,2024-04-07,West,Washington,WE-02,CUST-00688,Consumer,Books,Non-Fiction,2,9.33,0.0,0.0,Cash,In-Store,Completed
ORD-101508,2024-04-07,West,Oregon,WE-02,CUST-00135,Consumer,Electronics,Laptops,3,380.78,0.0,0.0,Credit Card,In-Store,Completed
ORD-104164,2024-04-07,East,Massachusetts,EA-02,CUST-01440,Consumer,Apparel,Women's Wear,3,38.85,0.05,0.0,Gift Card,In-Store,Completed
ORD-103231,2024-04-07,West,Washington,WE-03,CUST-00479,Home Office,Apparel,Women's Wear,4,60.58,0.0,0.0,Credit Card,In-Store,Completed
ORD-101092,2024-04-07,West,Oregon,WE-03,CUST-00410,Consumer,Apparel,Men's Wear,4,93.02,0.25,4.99,Credit Card,Online,Completed
ORD-100030,2024-04-07,East,New Jersey,EA-03,CUST-01236,Consumer,Home Goods,Kitchenware,2,115.55,0.0,7.99,Debit Card,Online,Completed
ORD-102664,2024-04-07,South,Georgia,SO-05,CUST-00475,Consumer,Sporting Goods,Outdoor Gear,2,168.11,0.05,4.99,Cash,Online,Completed
ORD-105430,2024-04-07,East,New Jersey,EA-04,CUST-01753,Consumer,Beauty & Health,Haircare,1,40.07,0.0,0.0,Credit Card,Online,Returned
ORD-105215,2024-04-07,East,Massachusetts,EA-04,CUST-01550,Consumer,Books,Children's,8,22.62,0.05,0.0,PayPal,In-Store,Completed
ORD-102264,2024-04-07,West,Oregon,WE-02,CUST-00279,Corporate,Electronics,Headphones,5,200.91,0.0,0.0,Debit Card,In-Store,Completed
ORD-102322,2024-04-07,North,Minnesota,NO-05,CUST-01568,Consumer,Electronics,Smart Home,3,609.15,0.2,0.0,Cash,In-Store,Completed
ORD-102034,2024-04-08,South,Florida,SO-04,CUST-01139,Home Office,Home Goods,Storage,4,195.27,0.0,0.0,Credit Card,In-Store,Completed
ORD-105553,2024-04-09,South,Florida,SO-01,CUST-00014,Consumer,Apparel,Men's Wear,2,72.02,0.15,0.0,Credit Card,In-Store,Completed
ORD-103071,2024-04-09,East,Massachusetts,EA-01,CUST-00167,Consumer,Books,Fiction,4,6.45,0.25,0.0,PayPal,In-Store,Completed
ORD-104892,2024-04-09,North,North Dakota,NO-01,CUST-00244,Consumer,Electronics,Headphones,4,280.3,0.0,4.99,Credit Card,Online,Completed
ORD-104495,2024-04-09,North,Minnesota,NO-03,CUST-01352,Home Office,Books,Non-Fiction,7,25.89,0.25,0.0,Cash,In-Store,Returned
ORD-105488,2024-04-09,South,Texas,SO-04,CUST-00663,Corporate,Apparel,Women's Wear,4,65.33,0.2,0.0,Debit Card,In-Store,Completed
ORD-100146,2024-04-09,East,Massachusetts,EA-02,CUST-00360,Corporate,Books,Educational,6,20.49,0.0,4.99,Cash,Online,Completed
ORD-105125,2024-04-09,East,Massachusetts,EA-05,CUST-01559,Consumer,Home Goods,Furniture,2,343.68,0.0,0.0,Cash,Online,Completed
ORD-103472,2024-04-09,North,Minnesota,NO-02,CUST-00355,Consumer,Beauty & Health,Personal Care,3,63.38,0.05,7.99,Credit Card,Online,Completed
ORD-101992,2024-04-09,Central,Illinois,CE-03,CUST-01745,Home Office,Apparel,Kids' Wear,2,31.15,0.05,12.99,Credit Card,Online,Completed
ORD-101531,2024-04-09,West,Oregon,WE-03,CUST-00093,Consumer,Electronics,Smartphones,3,415.0,0.0,0.0,Cash,Online,Completed
ORD-100695,2024-04-10,North,North Dakota,NO-02,CUST-01125,Corporate,Home Goods,Furniture,4,468.09,0.0,0.0,Credit Card,In-Store,Completed
ORD-102290,2024-04-10,East,New York,EA-04,CUST-01364,Corporate,Home Goods,Decor,1,134.22,0.0,0.0,Credit Card,In-Store,Completed
ORD-105366,2024-04-10,South,Texas,SO-03,CUST-00918,Consumer,Home Goods,Furniture,1,214.99,0.0,12.99,Credit Card,Online,Completed
ORD-103209,2024-04-10,West,Oregon,WE-05,CUST-01759,Corporate,Electronics,Laptops,4,414.58,0.0,0.0,Debit Card,Online,Completed
ORD-101556,2024-04-10,South,Georgia,SO-03,CUST-01356,Consumer,Apparel,Women's Wear,2,72.19,0.0,0.0,Cash,In-Store,Returned
ORD-100020,2024-04-11,East,New Jersey,EA-04,CUST-01398,Consumer,Electronics,Smartphones,4,684.7,0.0,0.0,Debit Card,Online,Completed
ORD-100793,2024-04-11,West,Washington,WE-04,CUST-01133,Consumer,Books,Children's,2,9.87,0.15,0.0,PayPal,Online,Returned
ORD-103700,2024-04-11,East,Massachusetts,EA-01,CUST-01601,Home Office,Apparel,Footwear,2,55.04,0.0,0.0,Credit Card,In-Store,Completed
ORD-100327,2024-04-11,South,Florida,SO-01,CUST-01775,Home Office,Beauty & Health,Haircare,5,59.42,0.0,4.99,Credit Card,Online,Returned
ORD-103861,2024-04-11,West,California,WE-02,CUST-01773,Consumer,Electronics,Cameras,5,341.48,0.2,12.99,Cash,Online,Completed
ORD-102352,2024-04-12,West,Washington,WE-04,CUST-01132,Consumer,Apparel,Footwear,1,102.73,0.0,4.99,PayPal,Online,Completed
ORD-103109,2024-04-12,West,Oregon,WE-03,CUST-00303,Corporate,Apparel,Footwear,5,81.96,0.05,12.99,PayPal,Online,Completed
ORD-100510,2024-04-12,East,New Jersey,EA-01,CUST-00853,Consumer,Apparel,Men's Wear,2,89.88,0.0,0.0,Credit Card,In-Store,Completed
ORD-101843,2024-04-12,South,Georgia,SO-01,CUST-01510,Consumer,Home Goods,Kitchenware,7,138.15,0.0,4.99,Cash,Online,Completed
ORD-101086,2024-04-12,South,Georgia,SO-02,CUST-01643,Corporate,Electronics,Smart Home,4,192.11,0.0,0.0,Cash,In-Store,Completed
ORD-103852,2024-04-12,Central,Illinois,CE-04,CUST-00924,Consumer,Sporting Goods,Fitness Equipment,2,195.54,0.1,7.99,Credit Card,Online,Completed
ORD-105076,2024-04-13,West,Washington,WE-03,CUST-01570,Corporate,Apparel,Women's Wear,3,53.07,0.0,0.0,PayPal,In-Store,Completed
ORD-103813,2024-04-13,West,Washington,WE-02,CUST-00448,Consumer,Electronics,Smartphones,2,199.72,0.05,0.0,Gift Card,In-Store,Completed
ORD-104221,2024-04-13,Central,Ohio,CE-05,CUST-00654,Consumer,Electronics,Cameras,2,622.13,0.05,0.0,Debit Card,In-Store,Completed
ORD-101787,2024-04-13,West,California,WE-02,CUST-01696,Home Office,Sporting Goods,Outdoor Gear,3,278.41,0.2,12.99,Debit Card,Online,Completed
ORD-105928,2024-04-13,East,New York,EA-04,CUST-00885,Consumer,Beauty & Health,Personal Care,5,36.25,0.0,7.99,Debit Card,Online,Completed
ORD-102543,2024-04-13,Central,Ohio,CE-01,CUST-00457,Consumer,Apparel,Footwear,5,78.13,0.0,0.0,Debit Card,Online,Completed
ORD-104537,2024-04-14,West,California,WE-05,CUST-01633,Corporate,Apparel,Footwear,5,41.82,0.0,4.99,PayPal,Online,Completed
ORD-100260,2024-04-14,West,Oregon,WE-01,CUST-01061,Consumer,Sporting Goods,Footwear,2,180.67,0.15,0.0,PayPal,In-Store,Completed
ORD-102117,2024-04-14,East,New York,EA-01,CUST-00309,Consumer,Books,Comics,4,13.33,0.05,0.0,Credit Card,In-Store,Completed
ORD-101729,2024-04-14,West,Oregon,WE-03,CUST-01021,Corporate,Apparel,Men's Wear,6,79.44,0.05,0.0,Gift Card,In-Store,Completed
ORD-101045,2024-04-14,South,Florida,SO-03,CUST-00400,Consumer,Electronics,Cameras,3,475.86,0.15,4.99,Gift Card,Online,Completed
ORD-103658,2024-04-14,Central,Illinois,CE-01,CUST-00673,Consumer,Apparel,Men's Wear,5,108.34,0.1,7.99,Debit Card,Online,Completed
ORD-100345,2024-04-14,West,Washington,WE-04,CUST-00963,Consumer,Apparel,Kids' Wear,2,44.7,0.0,0.0,Debit Card,In-Store,Completed
ORD-101822,2024-04-14,South,Texas,SO-03,CUST-01409,Consumer,Apparel,Women's Wear,3,81.36,0.0,0.0,Credit Card,In-Store,Cancelled
ORD-105311,2024-04-14,East,New York,EA-04,CUST-01168,Consumer,Home Goods,Storage,5,175.86,0.05,0.0,Debit Card,In-Store,Completed
ORD-101896,2024-04-14,East,New York,EA-02,CUST-01741,Consumer,Apparel,Kids' Wear,3,68.04,0.0,0.0,Debit Card,In-Store,Returned
ORD-103238,2024-04-15,North,North Dakota,NO-01,CUST-00334,Corporate,Apparel,Women's Wear,4,123.31,0.0,0.0,Credit Card,Online,Completed
ORD-104199,2024-04-15,North,Wisconsin,NO-05,CUST-00591,Consumer,Sporting Goods,Footwear,5,164.23,0.0,0.0,Debit Card,Online,Completed
ORD-101398,2024-04-15,West,California,WE-04,CUST-00062,Corporate,Sporting Goods,Team Sports,3,292.21,0.0,0.0,Debit Card,Online,Completed
ORD-101249,2024-04-15,Central,Ohio,CE-04,CUST-01296,Corporate,Beauty & Health,Makeup,1,43.71,0.1,0.0,Debit Card,In-Store,Completed
ORD-102307,2024-04-15,North,Minnesota,NO-02,CUST-01482,Home Office,Apparel,Women's Wear,5,33.98,0.15,0.0,Credit Card,Online,Completed
ORD-101170,2024-04-15,Central,Illinois,CE-01,CUST-00884,Corporate,Books,Non-Fiction,1,38.29,0.0,4.99,Credit Card,Online,Completed
ORD-105160,2024-04-15,West,Oregon,WE-04,CUST-00197,Home Office,Home Goods,Kitchenware,2,428.86,0.0,0.0,Credit Card,Online,Completed
ORD-103135,2024-04-15,East,New York,EA-02,CUST-01451,Corporate,Home Goods,Kitchenware,3,188.33,0.2,0.0,Debit Card,In-Store,Completed
ORD-105953,2024-04-15,Central,Ohio,CE-01,CUST-01606,Consumer,Apparel,Kids' Wear,4,37.4,0.05,0.0,Credit Card,In-Store,Completed
ORD-105036,2024-04-16,South,Georgia,SO-01,CUST-01113,Consumer,Apparel,Footwear,4,84.28,0.0,0.0,Credit Card,In-Store,Returned
ORD-101451,2024-04-16,West,Oregon,WE-04,CUST-00721,Home Office,Electronics,Smartphones,3,826.31,0.0,4.99,Credit Card,Online,Completed
ORD-101280,2024-04-16,South,Florida,SO-05,CUST-01633,Consumer,Electronics,Cameras,1,594.02,0.25,0.0,Debit Card,In-Store,Completed
ORD-100544,2024-04-16,West,California,WE-05,CUST-00467,Consumer,Sporting Goods,Fitness Equipment,4,371.82,0.15,0.0,PayPal,In-Store,Returned
ORD-104194,2024-04-17,North,Wisconsin,NO-04,CUST-01592,Consumer,Electronics,Cameras,4,944.19,0.1,12.99,Credit Card,Online,Completed
ORD-101154,2024-04-17,West,Washington,WE-01,CUST-01592,Consumer,Electronics,Headphones,4,592.42,0.2,0.0,Credit Card,In-Store,Completed
ORD-100432,2024-04-17,South,Texas,SO-04,CUST-01106,Corporate,Home Goods,Furniture,2,329.68,0.05,0.0,Credit Card,Online,Completed
ORD-105664,2024-04-17,West,Washington,WE-05,CUST-00349,Consumer,Apparel,Footwear,5,37.74,0.25,0.0,PayPal,Online,Completed
ORD-100624,2024-04-17,Central,Illinois,CE-02,CUST-01556,Consumer,Beauty & Health,Haircare,6,30.92,0.05,0.0,Debit Card,Online,Completed
ORD-101708,2024-04-18,South,Georgia,SO-02,CUST-00294,Consumer,Beauty & Health,Skincare,2,35.19,0.25,7.99,Cash,Online,Completed
ORD-100756,2024-04-18,North,Wisconsin,NO-02,CUST-00648,Consumer,Electronics,Headphones,3,287.12,0.15,12.99,Credit Card,Online,Completed
ORD-103425,2024-04-18,West,Oregon,WE-03,CUST-00042,Corporate,Home Goods,Furniture,3,300.33,0.15,0.0,PayPal,In-Store,Returned
ORD-104043,2024-04-18,South,Texas,SO-05,CUST-01052,Consumer,Apparel,Accessories,3,52.99,0.0,0.0,PayPal,In-Store,Completed
ORD-100491,2024-04-18,Central,Illinois,CE-02,CUST-00489,Corporate,Home Goods,Storage,4,282.87,0.05,4.99,Cash,Online,Completed
ORD-101496,2024-04-18,South,Texas,SO-02,CUST-01454,Consumer,Electronics,Headphones,2,366.89,0.0,4.99,Debit Card,Online,Completed
ORD-101922,2024-04-18,Central,Missouri,CE-05,CUST-01462,Consumer,Books,Fiction,3,8.66,0.25,0.0,Credit Card,Online,Completed
ORD-103330,2024-04-19,Central,Illinois,CE-03,CUST-01074,Consumer,Apparel,Men's Wear,6,65.81,0.0,0.0,Credit Card,Online,Completed
ORD-101193,2024-04-19,South,Florida,SO-05,CUST-01638,Consumer,Beauty & Health,Personal Care,4,55.78,0.15,0.0,Credit Card,Online,Completed
ORD-105447,2024-04-19,West,California,WE-05,CUST-00562,Corporate,Home Goods,Kitchenware,3,125.47,0.0,0.0,Gift Card,In-Store,Completed
ORD-100559,2024-04-19,East,New York,EA-01,CUST-00977,Consumer,Sporting Goods,Outdoor Gear,3,162.64,0.0,7.99,Credit Card,Online,Completed
ORD-102464,2024-04-19,South,Texas,SO-05,CUST-01634,Consumer,Electronics,Smart Home,9,117.76,0.05,0.0,Credit Card,Online,Completed
ORD-102161,2024-04-19,West,Washington,WE-02,CUST-00053,Consumer,Books,Non-Fiction,2,24.28,0.0,0.0,PayPal,In-Store,Returned
ORD-102797,2024-04-20,Central,Illinois,CE-03,CUST-01285,Consumer,Electronics,Smart Home,6,984.51,0.0,0.0,Credit Card,In-Store,Completed
ORD-104739,2024-04-20,West,Oregon,WE-04,CUST-00308,Consumer,Apparel,Women's Wear,2,36.1,0.0,0.0,Debit Card,In-Store,Completed
ORD-102744,2024-04-20,East,New Jersey,EA-03,CUST-01761,Home Office,Books,Fiction,3,11.17,0.0,0.0,PayPal,In-Store,Completed
ORD-100573,2024-04-20,South,Florida,SO-01,CUST-00281,Consumer,Electronics,Cameras,2,678.59,0.05,0.0,Credit Card,Online,Completed
ORD-103014,2024-04-20,West,California,WE-01,CUST-00958,Consumer,Home Goods,Storage,5,171.33,0.1,4.99,Debit Card,Online,Completed
ORD-105955,2024-04-20,Central,Illinois,CE-03,CUST-01052,Consumer,Electronics,Cameras,4,457.32,0.0,7.99,Debit Card,Online,Returned
ORD-105148,2024-04-21,East,New Jersey,EA-05,CUST-00840,Consumer,Electronics,Smartphones,3,327.0,0.05,0.0,Debit Card,In-Store,Completed
ORD-101731,2024-04-21,West,Washington,WE-02,CUST-00927,Consumer,Electronics,Headphones,5,759.26,0.0,4.99,PayPal,Online,Completed
ORD-100081,2024-04-21,Central,Ohio,CE-02,CUST-01366,Consumer,Electronics,Cameras,2,803.72,0.0,4.99,Cash,Online,Completed
ORD-104946,2024-04-21,North,Minnesota,NO-02,CUST-00491,Home Office,Home Goods,Storage,1,270.7,0.0,4.99,PayPal,Online,Completed
ORD-102462,2024-04-21,West,California,WE-03,CUST-01171,Consumer,Electronics,Smart Home,5,1200.0,0.0,0.0,Credit Card,Online,Completed
ORD-103505,2024-04-21,Central,Missouri,CE-03,CUST-00775,Corporate,Apparel,Kids' Wear,1,53.4,0.05,0.0,PayPal,In-Store,Completed
ORD-103713,2024-04-21,North,Wisconsin,NO-01,CUST-00248,Consumer,Apparel,Men's Wear,5,107.09,0.0,7.99,PayPal,Online,Completed
ORD-101643,2024-04-21,Central,Missouri,CE-05,CUST-00652,Home Office,Apparel,Accessories,2,32.46,0.2,0.0,PayPal,Online,Completed
ORD-105044,2024-04-21,East,Massachusetts,EA-01,CUST-00763,Consumer,Electronics,Cameras,6,380.58,0.0,0.0,Credit Card,In-Store,Cancelled
ORD-101568,2024-04-21,Central,Illinois,CE-03,CUST-01074,Consumer,Books,Children's,2,10.62,0.0,0.0,Debit Card,In-Store,Completed
ORD-105905,2024-04-21,West,California,WE-02,CUST-00839,Consumer,Sporting Goods,Cycling,5,159.72,0.0,12.99,Credit Card,Online,Completed
ORD-103063,2024-04-21,North,North Dakota,NO-04,CUST-00113,Consumer,Apparel,Accessories,2,60.8,0.0,4.99,Credit Card,Online,Completed
ORD-101362,2024-04-21,East,New York,EA-01,CUST-00411,Consumer,Home Goods,Bedding,4,265.56,0.05,0.0,Debit Card,In-Store,Completed
ORD-103932,2024-04-21,West,Oregon,WE-03,CUST-00232,Consumer,Electronics,Headphones,1,478.47,0.0,0.0,Credit Card,Online,Completed
ORD-103421,2024-04-21,East,New York,EA-04,CUST-01363,Consumer,Apparel,Kids' Wear,2,39.71,0.0,0.0,PayPal,In-Store,Completed
ORD-100298,2024-04-21,East,New Jersey,EA-03,CUST-00390,Corporate,Electronics,Headphones,2,557.55,0.2,0.0,Credit Card,In-Store,Completed
ORD-100912,2024-04-22,Central,Ohio,CE-01,CUST-01797,Consumer,Electronics,Laptops,5,1023.57,0.05,7.99,Credit Card,Online,Completed
ORD-103555,2024-04-22,East,Massachusetts,EA-01,CUST-00380,Consumer,Apparel,Footwear,5,83.51,0.25,0.0,Debit Card,In-Store,Completed
ORD-101818,2024-04-22,North,North Dakota,NO-05,CUST-01135,Consumer,Electronics,Headphones,5,453.01,0.1,0.0,Credit Card,In-Store,Completed
ORD-103003,2024-04-22,West,Washington,WE-02,CUST-00609,Corporate,Apparel,Kids' Wear,3,53.38,0.0,4.99,Gift Card,Online,Completed
ORD-100749,2024-04-22,East,Massachusetts,EA-04,CUST-01153,Consumer,Electronics,Smartphones,7,229.39,0.0,4.99,Credit Card,Online,Completed
ORD-102585,2024-04-22,East,New York,EA-03,CUST-00514,Consumer,Electronics,Cameras,5,612.42,0.0,0.0,PayPal,Online,Completed
ORD-103427,2024-04-22,North,North Dakota,NO-01,CUST-00175,Corporate,Home Goods,Bedding,6,258.65,0.0,0.0,PayPal,In-Store,Completed
ORD-104082,2024-04-23,Central,Missouri,CE-02,CUST-00632,Consumer,Beauty & Health,Makeup,3,73.53,0.15,0.0,PayPal,In-Store,Returned
ORD-101043,2024-04-23,North,North Dakota,NO-03,CUST-01448,Consumer,Home Goods,Decor,7,292.08,0.1,4.99,Cash,Online,Completed
ORD-105648,2024-04-23,East,New York,EA-04,CUST-00357,Home Office,Electronics,Smartphones,4,487.99,0.1,0.0,Cash,Online,Completed
ORD-100349,2024-04-23,West,Oregon,WE-04,CUST-01533,Corporate,Books,Fiction,3,22.45,0.15,0.0,PayPal,In-Store,Returned
ORD-104357,2024-04-23,South,Georgia,SO-04,CUST-00816,Consumer,Electronics,Headphones,4,238.98,0.0,0.0,Gift Card,Online,Completed
ORD-104513,2024-04-23,South,Georgia,SO-01,CUST-00715,Corporate,Beauty & Health,Skincare,3,33.33,0.15,7.99,PayPal,Online,Completed
ORD-104860,2024-04-23,West,Washington,WE-04,CUST-01230,Consumer,Home Goods,Kitchenware,5,305.69,0.0,12.99,Debit Card,Online,Completed
ORD-105544,2024-04-24,Central,Illinois,CE-01,CUST-00452,Corporate,Electronics,Smartphones,5,458.4,0.2,0.0,Credit Card,In-Store,Returned
ORD-102514,2024-04-24,East,Massachusetts,EA-04,CUST-00802,Consumer,Home Goods,Furniture,6,190.08,0.15,0.0,Credit Card,Online,Completed
ORD-102457,2024-04-24,Central,Ohio,CE-03,CUST-01113,Corporate,Beauty & Health,Personal Care,2,43.68,0.15,0.0,Credit Card,Online,Completed
ORD-101245,2024-04-24,West,Oregon,WE-01,CUST-01744,Consumer,Sporting Goods,Outdoor Gear,2,269.96,0.0,0.0,Credit Card,In-Store,Completed
ORD-105776,2024-04-24,North,Minnesota,NO-05,CUST-00195,Home Office,Home Goods,Decor,8,183.61,0.05,0.0,Credit Card,Online,Completed
ORD-105881,2024-04-24,Central,Missouri,CE-04,CUST-01606,Consumer,Electronics,Headphones,2,518.04,0.0,0.0,Credit Card,Online,Returned
ORD-101059,2024-04-25,East,Massachusetts,EA-01,CUST-00047,Home Office,Home Goods,Kitchenware,5,220.25,0.0,0.0,Credit Card,Online,Completed
ORD-100483,2024-04-25,South,Georgia,SO-01,CUST-01777,Corporate,Electronics,Cameras,7,254.23,0.0,0.0,Cash,Online,Completed
ORD-100612,2024-04-25,South,Texas,SO-03,CUST-00902,Corporate,Apparel,Men's Wear,2,16.78,0.0,0.0,Debit Card,Online,Completed
ORD-100752,2024-04-25,West,Oregon,WE-02,CUST-01376,Consumer,Apparel,Kids' Wear,4,86.97,0.05,0.0,Gift Card,In-Store,Cancelled
ORD-104854,2024-04-25,North,North Dakota,NO-01,CUST-01039,Consumer,Books,Non-Fiction,4,9.98,0.0,0.0,Debit Card,Online,Completed
ORD-103629,2024-04-25,East,Massachusetts,EA-05,CUST-00588,Corporate,Apparel,Footwear,4,41.69,0.15,0.0,Credit Card,In-Store,Completed
ORD-100382,2024-04-26,West,California,WE-03,CUST-00238,Consumer,Home Goods,Storage,3,274.27,0.0,0.0,Credit Card,In-Store,Completed
ORD-105872,2024-04-26,North,Minnesota,NO-03,CUST-01118,Home Office,Apparel,Women's Wear,2,27.5,0.1,4.99,Credit Card,Online,Returned
ORD-103268,2024-04-26,East,New York,EA-05,CUST-00641,Consumer,Home Goods,Kitchenware,2,139.23,0.2,0.0,Debit Card,In-Store,Completed
ORD-105736,2024-04-26,West,Oregon,WE-03,CUST-00637,Consumer,Beauty & Health,Skincare,6,62.41,0.05,4.99,Gift Card,Online,Completed
ORD-105659,2024-04-26,East,New Jersey,EA-03,CUST-00701,Consumer,Home Goods,Bedding,3,330.19,0.0,0.0,Cash,Online,Completed
ORD-105839,2024-04-27,North,Minnesota,NO-02,CUST-01777,Corporate,Electronics,Headphones,3,720.3,0.1,0.0,PayPal,In-Store,Completed
ORD-102600,2024-04-27,East,New York,EA-02,CUST-01775,Corporate,Electronics,Smart Home,5,209.55,0.2,0.0,Gift Card,In-Store,Completed
ORD-103150,2024-04-27,Central,Missouri,CE-02,CUST-00076,Consumer,Books,Fiction,5,16.31,0.1,0.0,Debit Card,In-Store,Completed
ORD-105808,2024-04-27,Central,Illinois,CE-01,CUST-00530,Consumer,Home Goods,Storage,4,521.36,0.1,0.0,PayPal,In-Store,Returned
ORD-104307,2024-04-27,West,Oregon,WE-05,CUST-01604,Consumer,Home Goods,Furniture,2,224.83,0.05,0.0,PayPal,Online,Completed
ORD-100480,2024-04-27,South,Florida,SO-03,CUST-01408,Consumer,Home Goods,Furniture,6,159.11,0.0,0.0,PayPal,In-Store,Completed
ORD-103888,2024-04-27,East,New Jersey,EA-04,CUST-00608,Corporate,Home Goods,Decor,2,290.66,0.0,0.0,Credit Card,Online,Completed
ORD-102762,2024-04-28,North,Wisconsin,NO-03,CUST-00368,Corporate,Books,Children's,5,31.87,0.0,0.0,PayPal,Online,Completed
ORD-100229,2024-04-28,South,Georgia,SO-03,CUST-00426,Consumer,Home Goods,Storage,3,247.78,0.05,0.0,Debit Card,In-Store,Completed
ORD-104679,2024-04-28,North,Minnesota,NO-01,CUST-01023,Corporate,Books,Non-Fiction,4,6.0,0.15,0.0,Debit Card,In-Store,Completed
ORD-101363,2024-04-28,South,Texas,SO-02,CUST-00256,Consumer,Electronics,Cameras,3,599.56,0.05,4.99,Cash,Online,Completed
ORD-102265,2024-04-28,South,Georgia,SO-05,CUST-00704,Corporate,Apparel,Accessories,2,28.53,0.0,0.0,Credit Card,Online,Completed
ORD-103249,2024-04-28,West,California,WE-03,CUST-01599,Corporate,Beauty & Health,Skincare,5,33.88,0.1,12.99,Credit Card,Online,Completed
ORD-105115,2024-04-28,West,Washington,WE-04,CUST-01653,Home Office,Electronics,Smart Home,4,424.44,0.0,4.99,Credit Card,Online,Completed
ORD-105900,2024-04-28,North,Wisconsin,NO-01,CUST-01630,Consumer,Home Goods,Storage,5,217.56,0.0,0.0,Cash,In-Store,Completed
ORD-104100,2024-04-28,East,New York,EA-01,CUST-00643,Consumer,Home Goods,Storage,3,408.14,0.05,0.0,Credit Card,Online,Completed
ORD-105756,2024-04-28,North,Minnesota,NO-02,CUST-00432,Corporate,Sporting Goods,Team Sports,3,217.85,0.0,0.0,Debit Card,In-Store,Completed
ORD-104349,2024-04-28,West,Washington,WE-05,CUST-00058,Consumer,Electronics,Laptops,3,558.74,0.05,0.0,Credit Card,In-Store,Completed
ORD-105499,2024-04-29,Central,Ohio,CE-01,CUST-01451,Consumer,Sporting Goods,Outdoor Gear,1,186.51,0.0,4.99,Credit Card,Online,Returned
ORD-100839,2024-04-29,North,Minnesota,NO-03,CUST-00045,Consumer,Home Goods,Bedding,4,51.41,0.25,0.0,Debit Card,In-Store,Completed
ORD-100161,2024-04-29,East,Massachusetts,EA-01,CUST-01388,Corporate,Electronics,Laptops,2,769.32,0.05,0.0,Debit Card,Online,Cancelled
ORD-101172,2024-04-29,East,New Jersey,EA-03,CUST-00530,Consumer,Sporting Goods,Outdoor Gear,3,253.74,0.0,7.99,PayPal,Online,Completed
ORD-103342,2024-04-29,West,California,WE-03,CUST-00726,Corporate,Home Goods,Decor,1,243.76,0.0,0.0,Debit Card,Online,Completed
ORD-100414,2024-04-29,North,North Dakota,NO-01,CUST-01091,Consumer,Apparel,Women's Wear,5,48.65,0.0,4.99,Credit Card,Online,Completed
ORD-101182,2024-04-29,North,North Dakota,NO-03,CUST-00959,Consumer,Beauty & Health,Wellness,1,30.95,0.0,0.0,Credit Card,In-Store,Completed
ORD-104185,2024-04-29,South,Florida,SO-04,CUST-00648,Consumer,Electronics,Smart Home,6,373.33,0.05,7.99,Debit Card,Online,Completed
ORD-103029,2024-04-29,North,Wisconsin,NO-02,CUST-00708,Consumer,Apparel,Women's Wear,3,30.6,0.0,0.0,Credit Card,Online,Completed
ORD-100928,2024-04-30,East,Massachusetts,EA-02,CUST-00765,Consumer,Electronics,Laptops,3,337.89,0.05,0.0,Credit Card,In-Store,Completed
ORD-101549,2024-04-30,North,Minnesota,NO-01,CUST-01018,Consumer,Apparel,Women's Wear,2,40.63,0.1,0.0,PayPal,Online,Completed
ORD-105770,2024-04-30,South,Georgia,SO-04,CUST-01450,Corporate,Books,Educational,2,28.72,0.0,0.0,Debit Card,Online,Completed
ORD-104133,2024-04-30,Central,Ohio,CE-02,CUST-01182,Consumer,Apparel,Women's Wear,4,62.88,0.15,0.0,Debit Card,Online,Returned
ORD-100114,2024-04-30,West,Oregon,WE-04,CUST-01502,Consumer,Beauty & Health,Skincare,4,76.0,0.0,0.0,PayPal,In-Store,Completed
ORD-102630,2024-04-30,South,Texas,SO-03,CUST-01695,Corporate,Home Goods,Decor,4,330.78,0.1,7.99,Credit Card,Online,Returned
ORD-100193,2024-04-30,Central,Missouri,CE-03,CUST-00526,Consumer,Electronics,Cameras,5,548.14,0.0,0.0,PayPal,In-Store,Completed
ORD-100584,2024-04-30,Central,Ohio,CE-02,CUST-00786,Consumer,Home Goods,Decor,4,80.8,0.0,7.99,Credit Card,Online,Returned
ORD-100162,2024-04-30,East,New Jersey,EA-05,CUST-00381,Consumer,Home Goods,Bedding,1,189.4,0.05,0.0,PayPal,Online,Completed
ORD-102822,2024-05-01,South,Texas,SO-02,CUST-01348,Home Office,Apparel,Footwear,2,40.8,0.0,0.0,Debit Card,In-Store,Completed
ORD-102166,2024-05-01,West,Oregon,WE-04,CUST-01700,Consumer,Sporting Goods,Team Sports,2,476.6,0.0,0.0,Credit Card,Online,Completed
ORD-101174,2024-05-01,West,Oregon,WE-05,CUST-00524,Consumer,Apparel,Footwear,3,68.99,0.05,0.0,Credit Card,Online,Cancelled
ORD-102278,2024-05-01,North,North Dakota,NO-05,CUST-00894,Consumer,Home Goods,Furniture,3,589.77,0.0,0.0,Credit Card,In-Store,Completed
ORD-102126,2024-05-01,West,Washington,WE-02,CUST-01444,Consumer,Books,Children's,1,12.94,0.0,7.99,Cash,Online,Completed
ORD-102097,2024-05-01,South,Florida,SO-01,CUST-01120,Corporate,Apparel,Kids' Wear,1,30.58,0.0,12.99,PayPal,Online,Completed
ORD-105013,2024-05-02,West,Oregon,WE-02,CUST-00764,Corporate,Home Goods,Decor,2,190.97,0.0,0.0,Credit Card,Online,Completed
ORD-104865,2024-05-02,South,Florida,SO-01,CUST-01258,Consumer,Books,Fiction,2,10.54,0.0,0.0,Credit Card,In-Store,Completed
ORD-104799,2024-05-02,East,New Jersey,EA-02,CUST-01638,Consumer,Apparel,Footwear,6,53.73,0.0,0.0,Debit Card,Online,Completed
ORD-104957,2024-05-02,Central,Missouri,CE-05,CUST-00731,Home Office,Electronics,Smart Home,3,220.81,0.2,0.0,Credit Card,In-Store,Completed
ORD-100346,2024-05-02,Central,Illinois,CE-04,CUST-00698,Consumer,Electronics,Cameras,4,567.7,0.05,0.0,Debit Card,In-Store,Completed
ORD-103887,2024-05-02,South,Georgia,SO-05,CUST-00553,Corporate,Apparel,Men's Wear,3,117.04,0.0,4.99,Credit Card,Online,Completed
ORD-101958,2024-05-03,South,Florida,SO-02,CUST-01742,Consumer,Apparel,Women's Wear,2,74.76,0.0,0.0,Credit Card,In-Store,Completed
ORD-101786,2024-05-03,West,Washington,WE-04,CUST-00013,Consumer,Beauty & Health,Personal Care,2,21.35,0.0,0.0,Debit Card,In-Store,Returned
ORD-102328,2024-05-03,East,New Jersey,EA-04,CUST-00413,Consumer,Home Goods,Storage,3,441.52,0.0,0.0,Debit Card,In-Store,Completed
ORD-102749,2024-05-03,Central,Missouri,CE-04,CUST-00171,Consumer,Electronics,Headphones,2,204.34,0.0,7.99,Debit Card,Online,Completed
ORD-100101,2024-05-03,Central,Illinois,CE-02,CUST-01111,Consumer,Apparel,Women's Wear,3,69.32,0.15,12.99,Credit Card,Online,Completed
ORD-101882,2024-05-03,Central,Illinois,CE-04,CUST-00846,Corporate,Electronics,Smart Home,3,435.01,0.0,0.0,Credit Card,Online,Cancelled
ORD-103462,2024-05-03,East,New York,EA-05,CUST-00258,Consumer,Electronics,Smartphones,3,1200.0,0.1,0.0,Debit Card,In-Store,Completed
ORD-102350,2024-05-03,North,Minnesota,NO-05,CUST-00293,Consumer,Apparel,Accessories,3,75.42,0.2,0.0,Cash,In-Store,Completed
ORD-101298,2024-05-03,West,California,WE-04,CUST-00759,Consumer,Sporting Goods,Outdoor Gear,3,215.33,0.0,4.99,Credit Card,Online,Completed
ORD-103365,2024-05-03,North,North Dakota,NO-05,CUST-00880,Consumer,Home Goods,Bedding,2,84.98,0.1,4.99,Debit Card,Online,Completed
ORD-101783,2024-05-04,West,Washington,WE-03,CUST-01041,Consumer,Books,Fiction,2,26.37,0.0,0.0,Credit Card,In-Store,Returned
ORD-104214,2024-05-04,North,Minnesota,NO-03,CUST-01687,Home Office,Electronics,Cameras,3,347.45,0.0,0.0,Debit Card,In-Store,Completed
ORD-103110,2024-05-04,East,New Jersey,EA-02,CUST-00527,Consumer,Apparel,Accessories,2,88.16,0.0,0.0,Credit Card,In-Store,Completed
ORD-100087,2024-05-04,West,California,WE-01,CUST-00848,Corporate,Sporting Goods,Cycling,1,188.83,0.0,4.99,Credit Card,Online,Completed
ORD-100303,2024-05-04,South,Georgia,SO-05,CUST-01707,Consumer,Sporting Goods,Fitness Equipment,3,52.31,0.0,4.99,Credit Card,Online,Completed
ORD-102399,2024-05-04,West,California,WE-02,CUST-01293,Consumer,Home Goods,Kitchenware,3,224.43,0.1,0.0,Gift Card,In-Store,Completed
ORD-105826,2024-05-04,South,Texas,SO-04,CUST-00260,Consumer,Apparel,Kids' Wear,4,112.65,0.0,0.0,Credit Card,In-Store,Completed
ORD-101428,2024-05-05,Central,Ohio,CE-04,CUST-01063,Corporate,Electronics,Laptops,5,474.22,0.0,0.0,Credit Card,Online,Completed
ORD-105526,2024-05-05,North,Minnesota,NO-03,CUST-01213,Consumer,Apparel,Men's Wear,3,52.48,0.1,7.99,Credit Card,Online,Completed
ORD-101225,2024-05-05,South,Georgia,SO-04,CUST-00106,Consumer,Beauty & Health,Skincare,5,23.54,0.0,0.0,Credit Card,Online,Returned
ORD-105559,2024-05-05,North,Minnesota,NO-05,CUST-01724,Consumer,Books,Comics,1,10.62,0.2,0.0,Credit Card,In-Store,Cancelled
ORD-105672,2024-05-06,East,Massachusetts,EA-05,CUST-01364,Consumer,Home Goods,Storage,3,248.59,0.1,0.0,Cash,In-Store,Completed
ORD-100779,2024-05-07,North,Minnesota,NO-01,CUST-00222,Consumer,Sporting Goods,Team Sports,9,307.27,0.0,0.0,Credit Card,In-Store,Completed
ORD-101706,2024-05-07,West,Washington,WE-03,CUST-01324,Consumer,Home Goods,Furniture,2,491.25,0.0,0.0,Credit Card,In-Store,Completed
ORD-100591,2024-05-07,North,Minnesota,NO-04,CUST-00729,Consumer,Electronics,Laptops,4,718.68,0.25,4.99,Gift Card,Online,Completed
ORD-101682,2024-05-07,North,Minnesota,NO-04,CUST-00343,Corporate,Electronics,Smartphones,5,382.61,0.15,0.0,Credit Card,In-Store,Returned
ORD-105589,2024-05-07,North,Wisconsin,NO-04,CUST-00702,Home Office,Electronics,Cameras,2,564.99,0.0,0.0,Credit Card,In-Store,Completed
ORD-104227,2024-05-07,West,Washington,WE-02,CUST-01641,Home Office,Home Goods,Decor,3,233.05,0.15,0.0,Credit Card,In-Store,Completed
ORD-102811,2024-05-07,East,Massachusetts,EA-05,CUST-00726,Corporate,Home Goods,Storage,4,555.09,0.0,7.99,Debit Card,Online,Completed
ORD-102575,2024-05-07,Central,Ohio,CE-02,CUST-00535,Consumer,Apparel,Kids' Wear,6,79.33,0.0,4.99,Debit Card,Online,Completed
ORD-101928,2024-05-08,West,Oregon,WE-01,CUST-01292,Consumer,Sporting Goods,Team Sports,2,201.77,0.0,7.99,Credit Card,Online,Completed
ORD-103027,2024-05-08,North,North Dakota,NO-03,CUST-01249,Home Office,Beauty & Health,Skincare,1,31.89,0.2,0.0,Credit Card,In-Store,Completed
ORD-100200,2024-05-08,South,Georgia,SO-05,CUST-00532,Consumer,Sporting Goods,Cycling,6,220.63,0.0,0.0,Debit Card,In-Store,Completed
ORD-104014,2024-05-08,East,Massachusetts,EA-02,CUST-01114,Home Office,Books,Children's,4,22.39,0.05,0.0,Debit Card,In-Store,Completed
ORD-104413,2024-05-08,East,Massachusetts,EA-05,CUST-00752,Consumer,Electronics,Cameras,3,133.24,0.15,0.0,Credit Card,In-Store,Completed
ORD-101577,2024-05-08,West,Oregon,WE-02,CUST-00919,Home Office,Electronics,Smartphones,2,939.53,0.0,12.99,Cash,Online,Completed
ORD-100355,2024-05-08,North,North Dakota,NO-04,CUST-01335,Home Office,Apparel,Accessories,1,54.96,0.0,4.99,Credit Card,Online,Completed
ORD-101956,2024-05-09,Central,Ohio,CE-05,CUST-01558,Consumer,Apparel,Accessories,2,42.64,0.25,0.0,Credit Card,Online,Completed
ORD-102177,2024-05-09,West,Washington,WE-01,CUST-01673,Consumer,Home Goods,Decor,4,160.91,0.0,12.99,Credit Card,Online,Completed
ORD-104875,2024-05-09,Central,Ohio,CE-01,CUST-01765,Consumer,Apparel,Accessories,5,57.93,0.0,0.0,Debit Card,In-Store,Completed
ORD-100361,2024-05-09,South,Georgia,SO-05,CUST-01469,Home Office,Electronics,Laptops,3,823.58,0.0,0.0,Cash,Online,Returned
ORD-105725,2024-05-09,West,Washington,WE-03,CUST-00475,Consumer,Beauty & Health,Haircare,5,64.89,0.0,0.0,PayPal,In-Store,Completed
ORD-105202,2024-05-09,Central,Missouri,CE-05,CUST-01439,Consumer,Electronics,Smartphones,4,474.72,0.0,0.0,Credit Card,In-Store,Completed
ORD-102643,2024-05-10,South,Texas,SO-03,CUST-00945,Consumer,Apparel,Kids' Wear,4,48.19,0.25,0.0,Debit Card,In-Store,Completed
ORD-101824,2024-05-10,West,California,WE-02,CUST-00222,Consumer,Home Goods,Decor,2,197.54,0.0,0.0,Credit Card,In-Store,Completed
ORD-100872,2024-05-10,West,Oregon,WE-05,CUST-00677,Consumer,Sporting Goods,Outdoor Gear,3,359.55,0.0,4.99,Credit Card,Online,Returned
ORD-105519,2024-05-10,West,California,WE-02,CUST-00985,Home Office,Beauty & Health,Makeup,2,65.79,0.0,0.0,Credit Card,In-Store,Completed
ORD-104333,2024-05-10,North,Minnesota,NO-05,CUST-00142,Corporate,Apparel,Footwear,4,68.48,0.1,0.0,Credit Card,In-Store,Completed
ORD-101315,2024-05-10,West,Washington,WE-04,CUST-00103,Home Office,Home Goods,Furniture,3,694.29,0.0,0.0,Cash,In-Store,Completed
ORD-102670,2024-05-11,West,Washington,WE-02,CUST-01303,Consumer,Home Goods,Decor,1,266.14,0.15,0.0,Debit Card,Online,Completed
ORD-102398,2024-05-11,South,Florida,SO-04,CUST-01675,Corporate,Home Goods,Kitchenware,6,115.14,0.0,7.99,PayPal,Online,Completed
ORD-105980,2024-05-11,North,Minnesota,NO-03,CUST-00739,Home Office,Apparel,Kids' Wear,6,61.56,0.0,0.0,Gift Card,In-Store,Completed
ORD-104392,2024-05-11,Central,Ohio,CE-04,CUST-00296,Corporate,Electronics,Laptops,2,1200.0,0.05,0.0,Debit Card,In-Store,Returned
ORD-104628,2024-05-11,East,New York,EA-02,CUST-01479,Consumer,Beauty & Health,Skincare,6,41.02,0.25,0.0,Gift Card,In-Store,Returned
ORD-103595,2024-05-11,South,Georgia,SO-02,CUST-00407,Consumer,Books,Non-Fiction,2,12.13,0.0,0.0,Cash,In-Store,Completed
ORD-101849,2024-05-11,North,Wisconsin,NO-02,CUST-00883,Consumer,Apparel,Footwear,3,14.1,0.0,0.0,Debit Card,In-Store,Completed
ORD-104595,2024-05-11,East,Massachusetts,EA-02,CUST-00990,Home Office,Electronics,Smartphones,4,758.82,0.05,0.0,Credit Card,In-Store,Completed
ORD-100238,2024-05-11,Central,Missouri,CE-05,CUST-00825,Corporate,Apparel,Accessories,3,60.09,0.2,0.0,Debit Card,Online,Returned
ORD-104579,2024-05-11,Central,Illinois,CE-03,CUST-01342,Home Office,Sporting Goods,Footwear,6,190.38,0.25,0.0,Debit Card,Online,Completed
ORD-104832,2024-05-11,North,Wisconsin,NO-05,CUST-01694,Consumer,Home Goods,Furniture,2,389.32,0.15,7.99,PayPal,Online,Completed
ORD-100174,2024-05-11,West,Oregon,WE-04,CUST-00668,Corporate,Apparel,Accessories,3,22.67,0.0,0.0,PayPal,Online,Completed
ORD-100658,2024-05-12,West,Oregon,WE-04,CUST-01590,Consumer,Electronics,Headphones,1,510.51,0.0,0.0,Debit Card,In-Store,Completed
ORD-105689,2024-05-12,Central,Ohio,CE-01,CUST-00967,Corporate,Home Goods,Kitchenware,5,256.45,0.0,7.99,Debit Card,Online,Completed
ORD-105573,2024-05-12,Central,Ohio,CE-02,CUST-01066,Corporate,Home Goods,Furniture,5,224.99,0.0,4.99,PayPal,Online,Completed
ORD-102716,2024-05-12,North,North Dakota,NO-04,CUST-00068,Corporate,Sporting Goods,Outdoor Gear,2,122.69,0.0,0.0,Cash,Online,Completed
ORD-105522,2024-05-12,West,California,WE-01,CUST-01776,Consumer,Apparel,Footwear,3,51.04,0.0,0.0,PayPal,Online,Completed
ORD-101516,2024-05-13,East,New Jersey,EA-04,CUST-01127,Consumer,Books,Educational,2,19.5,0.0,0.0,Debit Card,In-Store,Completed
ORD-105923,2024-05-13,Central,Ohio,CE-01,CUST-00989,Home Office,Apparel,Women's Wear,2,70.58,0.0,0.0,Credit Card,In-Store,Completed
ORD-105574,2024-05-13,West,Washington,WE-03,CUST-01007,Corporate,Apparel,Kids' Wear,4,27.1,0.15,0.0,Debit Card,Online,Completed
ORD-102579,2024-05-13,East,New Jersey,EA-01,CUST-01412,Consumer,Books,Comics,3,13.9,0.0,0.0,Credit Card,Online,Cancelled
ORD-105146,2024-05-14,North,Wisconsin,NO-01,CUST-00096,Consumer,Apparel,Women's Wear,3,37.64,0.1,7.99,Credit Card,Online,Completed
ORD-104266,2024-05-14,South,Florida,SO-01,CUST-00131,Consumer,Home Goods,Bedding,3,460.99,0.0,0.0,Debit Card,In-Store,Completed
ORD-103459,2024-05-14,South,Texas,SO-04,CUST-00472,Home Office,Sporting Goods,Footwear,2,237.7,0.0,0.0,Debit Card,In-Store,Returned
ORD-104709,2024-05-14,South,Georgia,SO-02,CUST-01198,Corporate,Electronics,Cameras,7,695.09,0.0,0.0,Credit Card,In-Store,Completed
ORD-105384,2024-05-14,East,New Jersey,EA-02,CUST-01478,Consumer,Home Goods,Furniture,2,146.61,0.1,0.0,Credit Card,In-Store,Completed
ORD-103296,2024-05-14,East,New York,EA-05,CUST-00213,Corporate,Electronics,Laptops,2,440.56,0.1,0.0,Credit Card,In-Store,Completed
ORD-104993,2024-05-14,West,Oregon,WE-02,CUST-01082,Consumer,Apparel,Footwear,7,95.72,0.05,4.99,PayPal,Online,Completed
ORD-103064,2024-05-14,Central,Illinois,CE-03,CUST-00626,Consumer,Apparel,Kids' Wear,1,67.46,0.0,0.0,Credit Card,Online,Completed
ORD-100461,2024-05-14,West,Oregon,WE-03,CUST-01533,Consumer,Electronics,Cameras,2,104.67,0.0,0.0,Gift Card,In-Store,Completed
ORD-104270,2024-05-14,East,Massachusetts,EA-02,CUST-01417,Consumer,Home Goods,Bedding,4,591.18,0.0,0.0,Debit Card,Online,Completed
ORD-105576,2024-05-15,West,Oregon,WE-01,CUST-01182,Consumer,Sporting Goods,Team Sports,4,317.55,0.2,0.0,Credit Card,Online,Completed
ORD-100277,2024-05-15,North,Minnesota,NO-01,CUST-00941,Consumer,Apparel,Men's Wear,4,41.9,0.0,4.99,Debit Card,Online,Completed
ORD-101091,2024-05-15,North,Minnesota,NO-02,CUST-00589,Corporate,Home Goods,Decor,4,380.84,0.0,0.0,PayPal,In-Store,Completed
ORD-103445,2024-05-15,South,Florida,SO-05,CUST-01510,Consumer,Home Goods,Furniture,3,255.66,0.1,7.99,Debit Card,Online,Completed
ORD-105541,2024-05-15,East,New Jersey,EA-01,CUST-01450,Corporate,Apparel,Women's Wear,3,62.86,0.0,4.99,Cash,Online,Completed
ORD-100218,2024-05-15,Central,Ohio,CE-03,CUST-01448,Consumer,Home Goods,Decor,6,115.09,0.0,0.0,Debit Card,In-Store,Completed
ORD-101709,2024-05-15,West,Oregon,WE-01,CUST-01050,Corporate,Beauty & Health,Wellness,5,80.88,0.0,0.0,Debit Card,Online,Completed
ORD-103155,2024-05-15,East,New Jersey,EA-05,CUST-00529,Home Office,Apparel,Footwear,2,43.34,0.0,12.99,Credit Card,Online,Completed
ORD-104547,2024-05-15,East,New Jersey,EA-03,CUST-01637,Consumer,Apparel,Footwear,3,57.87,0.05,0.0,Debit Card,In-Store,Completed
ORD-104145,2024-05-15,North,Minnesota,NO-05,CUST-00184,Consumer,Apparel,Kids' Wear,3,55.37,0.0,0.0,Credit Card,In-Store,Completed
ORD-101611,2024-05-16,North,Wisconsin,NO-03,CUST-01277,Consumer,Electronics,Smartphones,5,383.43,0.25,0.0,Debit Card,Online,Completed
ORD-102160,2024-05-16,Central,Illinois,CE-03,CUST-00262,Corporate,Home Goods,Bedding,5,532.23,0.0,0.0,Credit Card,In-Store,Completed
ORD-101335,2024-05-16,Central,Illinois,CE-04,CUST-00684,Corporate,Beauty & Health,Personal Care,2,37.45,0.0,0.0,Credit Card,In-Store,Completed
ORD-101461,2024-05-16,West,Washington,WE-05,CUST-00666,Corporate,Apparel,Women's Wear,2,35.67,0.0,0.0,Credit Card,Online,Completed
ORD-102058,2024-05-16,North,Minnesota,NO-03,CUST-00737,Corporate,Sporting Goods,Fitness Equipment,3,364.85,0.05,0.0,Credit Card,In-Store,Completed
ORD-102667,2024-05-17,West,California,WE-02,CUST-00393,Corporate,Apparel,Women's Wear,5,119.91,0.0,7.99,Cash,Online,Completed
ORD-100212,2024-05-17,South,Texas,SO-01,CUST-00938,Corporate,Apparel,Footwear,1,150.0,0.0,7.99,Debit Card,Online,Completed
ORD-102273,2024-05-17,East,New Jersey,EA-03,CUST-01262,Consumer,Electronics,Headphones,4,499.82,0.0,0.0,Credit Card,In-Store,Completed
ORD-105780,2024-05-17,East,New Jersey,EA-01,CUST-00634,Consumer,Home Goods,Storage,3,178.82,0.15,0.0,Debit Card,Online,Completed
ORD-101234,2024-05-17,North,Minnesota,NO-01,CUST-00123,Consumer,Beauty & Health,Haircare,1,20.11,0.05,0.0,Debit Card,In-Store,Completed
ORD-102370,2024-05-17,West,Oregon,WE-01,CUST-00594,Corporate,Home Goods,Decor,1,437.38,0.15,4.99,Credit Card,Online,Returned
ORD-100942,2024-05-17,South,Georgia,SO-05,CUST-00410,Corporate,Apparel,Men's Wear,3,42.32,0.05,0.0,Cash,In-Store,Completed
ORD-102184,2024-05-18,West,California,WE-05,CUST-00399,Corporate,Electronics,Headphones,3,472.13,0.0,7.99,Credit Card,Online,Completed
ORD-100886,2024-05-18,East,Massachusetts,EA-03,CUST-00998,Corporate,Beauty & Health,Haircare,1,64.13,0.0,0.0,Cash,In-Store,Completed
ORD-103339,2024-05-19,South,Texas,SO-03,CUST-00081,Consumer,Apparel,Footwear,4,114.17,0.1,0.0,PayPal,In-Store,Completed
ORD-102029,2024-05-19,South,Texas,SO-03,CUST-01776,Corporate,Apparel,Footwear,2,46.57,0.25,4.99,Debit Card,Online,Completed
ORD-102893,2024-05-19,East,Massachusetts,EA-04,CUST-01687,Corporate,Electronics,Smart Home,3,170.69,0.0,0.0,Credit Card,In-Store,Completed
ORD-103417,2024-05-19,West,California,WE-01,CUST-01637,Consumer,Books,Educational,3,16.78,0.0,0.0,Credit Card,In-Store,Completed
ORD-102114,2024-05-19,South,Texas,SO-05,CUST-01377,Consumer,Apparel,Accessories,3,35.25,0.05,0.0,Credit Card,In-Store,Completed
ORD-101218,2024-05-19,South,Georgia,SO-02,CUST-01203,Corporate,Apparel,Kids' Wear,1,32.03,0.25,0.0,Credit Card,In-Store,Returned
ORD-105732,2024-05-20,South,Texas,SO-03,CUST-00737,Consumer,Apparel,Accessories,3,109.1,0.05,0.0,Credit Card,Online,Completed
ORD-105603,2024-05-20,North,Minnesota,NO-01,CUST-01317,Consumer,Home Goods,Bedding,5,347.79,0.0,0.0,Gift Card,Online,Returned
ORD-101124,2024-05-20,East,New Jersey,EA-02,CUST-00571,Consumer,Electronics,Smartphones,2,500.07,0.0,0.0,Credit Card,In-Store,Completed
ORD-103170,2024-05-20,North,Wisconsin,NO-01,CUST-00112,Corporate,Home Goods,Furniture,4,115.44,0.0,0.0,Credit Card,In-Store,Completed
ORD-103845,2024-05-21,North,North Dakota,NO-03,CUST-00291,Home Office,Electronics,Smartphones,4,409.85,0.15,0.0,PayPal,Online,Completed
ORD-103054,2024-05-21,West,California,WE-01,CUST-00585,Consumer,Sporting Goods,Outdoor Gear,2,81.99,0.2,0.0,Cash,In-Store,Completed
ORD-101384,2024-05-21,Central,Illinois,CE-05,CUST-00122,Home Office,Home Goods,Decor,1,159.13,0.15,0.0,Debit Card,Online,Completed
ORD-102850,2024-05-21,East,New York,EA-02,CUST-00719,Consumer,Apparel,Men's Wear,4,33.09,0.0,0.0,Credit Card,In-Store,Completed
ORD-103311,2024-05-21,Central,Illinois,CE-04,CUST-00181,Corporate,Apparel,Footwear,3,29.13,0.0,0.0,Debit Card,In-Store,Completed
ORD-105708,2024-05-21,West,Washington,WE-04,CUST-00053,Corporate,Electronics,Smartphones,2,135.27,0.0,0.0,Credit Card,In-Store,Completed
ORD-101995,2024-05-21,South,Georgia,SO-03,CUST-01607,Home Office,Apparel,Women's Wear,4,57.53,0.0,0.0,Credit Card,In-Store,Completed
ORD-101861,2024-05-21,South,Florida,SO-04,CUST-00705,Consumer,Apparel,Footwear,3,45.95,0.0,4.99,Debit Card,Online,Completed
ORD-102087,2024-05-21,South,Georgia,SO-03,CUST-01560,Corporate,Books,Educational,3,7.65,0.0,0.0,Credit Card,In-Store,Completed
ORD-101835,2024-05-21,East,New York,EA-04,CUST-00657,Home Office,Books,Non-Fiction,6,32.37,0.0,0.0,Gift Card,In-Store,Completed
ORD-100220,2024-05-22,West,California,WE-05,CUST-00325,Consumer,Books,Children's,3,11.94,0.1,7.99,Credit Card,Online,Completed
ORD-103778,2024-05-22,South,Georgia,SO-01,CUST-01750,Corporate,Electronics,Cameras,4,382.08,0.0,7.99,Credit Card,Online,Completed
ORD-102659,2024-05-22,South,Texas,SO-03,CUST-01481,Consumer,Beauty & Health,Haircare,3,60.84,0.0,4.99,Debit Card,Online,Completed
ORD-101463,2024-05-22,East,New York,EA-02,CUST-01123,Consumer,Electronics,Smartphones,4,270.72,0.0,0.0,Cash,In-Store,Completed
ORD-105055,2024-05-23,Central,Missouri,CE-04,CUST-01497,Consumer,Home Goods,Bedding,4,148.73,0.0,0.0,Credit Card,In-Store,Cancelled
ORD-102540,2024-05-23,South,Florida,SO-05,CUST-01129,Consumer,Electronics,Smart Home,4,530.4,0.15,0.0,Debit Card,In-Store,Completed
ORD-100877,2024-05-23,East,New Jersey,EA-02,CUST-00136,Consumer,Apparel,Footwear,5,27.66,0.0,0.0,Credit Card,Online,Completed
ORD-101005,2024-05-23,West,Washington,WE-01,CUST-01596,Consumer,Sporting Goods,Team Sports,3,304.4,0.0,0.0,Credit Card,In-Store,Completed
ORD-103795,2024-05-23,North,Minnesota,NO-02,CUST-00992,Corporate,Apparel,Men's Wear,3,11.52,0.15,0.0,Credit Card,In-Store,Returned
ORD-103774,2024-05-23,South,Florida,SO-05,CUST-00135,Consumer,Electronics,Smartphones,4,573.17,0.1,4.99,Debit Card,Online,Completed
ORD-103494,2024-05-23,North,Wisconsin,NO-03,CUST-00563,Consumer,Apparel,Men's Wear,3,91.77,0.2,0.0,Cash,In-Store,Completed
ORD-101459,2024-05-23,South,Texas,SO-01,CUST-00510,Consumer,Apparel,Women's Wear,3,24.89,0.0,4.99,PayPal,Online,Completed
ORD-103868,2024-05-23,North,Minnesota,NO-01,CUST-01546,Consumer,Apparel,Footwear,2,60.11,0.0,4.99,Credit Card,Online,Completed
ORD-101328,2024-05-23,South,Florida,SO-02,CUST-00410,Consumer,Home Goods,Storage,1,179.08,0.0,12.99,Credit Card,Online,Completed
ORD-100352,2024-05-23,North,Minnesota,NO-02,CUST-00602,Consumer,Electronics,Smart Home,2,599.86,0.0,0.0,Credit Card,In-Store,Completed
ORD-104255,2024-05-23,Central,Ohio,CE-05,CUST-01168,Home Office,Apparel,Footwear,2,46.64,0.15,0.0,Debit Card,In-Store,Completed
ORD-101147,2024-05-23,South,Florida,SO-04,CUST-01009,Consumer,Apparel,Women's Wear,4,57.55,0.0,0.0,Credit Card,In-Store,Completed
ORD-100185,2024-05-24,South,Florida,SO-02,CUST-01597,Consumer,Electronics,Smartphones,3,1027.91,0.25,4.99,Credit Card,Online,Completed
ORD-101784,2024-05-24,North,Minnesota,NO-05,CUST-00981,Home Office,Books,Fiction,5,18.52,0.1,7.99,Debit Card,Online,Completed
ORD-104264,2024-05-24,West,California,WE-05,CUST-01738,Corporate,Sporting Goods,Fitness Equipment,4,229.98,0.0,0.0,PayPal,Online,Completed
ORD-103359,2024-05-24,West,Oregon,WE-01,CUST-01370,Corporate,Electronics,Smartphones,2,619.47,0.0,7.99,Credit Card,Online,Completed
ORD-103927,2024-05-24,West,Washington,WE-05,CUST-01080,Home Office,Electronics,Headphones,4,381.14,0.15,4.99,Credit Card,Online,Completed
ORD-104038,2024-05-24,Central,Missouri,CE-03,CUST-00103,Consumer,Home Goods,Decor,4,534.35,0.1,0.0,Debit Card,In-Store,Completed
ORD-102931,2024-05-25,East,New York,EA-04,CUST-00001,Consumer,Sporting Goods,Fitness Equipment,3,156.89,0.0,0.0,PayPal,Online,Returned
ORD-100322,2024-05-25,South,Texas,SO-01,CUST-00154,Corporate,Apparel,Men's Wear,4,30.98,0.0,4.99,PayPal,Online,Completed
ORD-101806,2024-05-25,South,Florida,SO-02,CUST-00600,Consumer,Apparel,Footwear,3,56.7,0.0,0.0,PayPal,In-Store,Returned
ORD-105237,2024-05-25,West,Washington,WE-03,CUST-01487,Consumer,Apparel,Men's Wear,2,88.54,0.05,0.0,Credit Card,In-Store,Completed
ORD-101810,2024-05-25,East,New Jersey,EA-03,CUST-01125,Consumer,Electronics,Smart Home,4,280.33,0.0,0.0,Credit Card,In-Store,Completed
ORD-104637,2024-05-26,East,Massachusetts,EA-01,CUST-00409,Home Office,Apparel,Men's Wear,2,40.32,0.0,12.99,Credit Card,Online,Returned
ORD-103946,2024-05-26,West,Washington,WE-04,CUST-01299,Corporate,Sporting Goods,Outdoor Gear,3,119.76,0.0,0.0,Credit Card,Online,Completed
ORD-102831,2024-05-26,North,Wisconsin,NO-04,CUST-01207,Consumer,Sporting Goods,Outdoor Gear,3,198.79,0.0,0.0,Cash,Online,Completed
ORD-105487,2024-05-26,South,Florida,SO-03,CUST-00935,Consumer,Apparel,Footwear,3,34.82,0.0,7.99,Credit Card,Online,Completed
ORD-103599,2024-05-26,Central,Illinois,CE-02,CUST-00076,Corporate,Sporting Goods,Cycling,3,153.99,0.0,7.99,Gift Card,Online,Cancelled
ORD-103315,2024-05-26,West,Oregon,WE-03,CUST-00063,Consumer,Apparel,Men's Wear,2,30.5,0.0,7.99,Credit Card,Online,Completed
ORD-103854,2024-05-26,East,New York,EA-04,CUST-01175,Consumer,Apparel,Accessories,2,53.78,0.05,7.99,Debit Card,Online,Completed
ORD-100045,2024-05-26,West,Washington,WE-02,CUST-01360,Consumer,Books,Fiction,3,13.22,0.15,0.0,Debit Card,In-Store,Completed
ORD-105598,2024-05-26,North,North Dakota,NO-03,CUST-01666,Consumer,Books,Comics,3,12.17,0.05,0.0,Debit Card,Online,Completed
ORD-103373,2024-05-26,East,New Jersey,EA-04,CUST-00796,Corporate,Sporting Goods,Cycling,5,128.46,0.0,0.0,Credit Card,In-Store,Cancelled
ORD-101617,2024-05-26,South,Texas,SO-05,CUST-00613,Consumer,Apparel,Women's Wear,5,22.48,0.1,0.0,Credit Card,In-Store,Completed
ORD-104132,2024-05-26,South,Georgia,SO-04,CUST-01758,Corporate,Books,Children's,4,6.14,0.0,4.99,Credit Card,Online,Completed
ORD-103736,2024-05-26,North,Wisconsin,NO-01,CUST-01185,Consumer,Home Goods,Furniture,4,213.31,0.0,7.99,PayPal,Online,Completed
ORD-104556,2024-05-27,South,Florida,SO-02,CUST-01572,Home Office,Home Goods,Storage,2,235.95,0.0,0.0,PayPal,In-Store,Completed
ORD-104702,2024-05-27,East,New York,EA-04,CUST-00330,Consumer,Home Goods,Furniture,4,444.44,0.05,7.99,Credit Card,Online,Completed
ORD-100841,2024-05-27,West,Oregon,WE-03,CUST-01092,Consumer,Electronics,Smart Home,5,336.85,0.0,12.99,Debit Card,Online,Completed
ORD-102915,2024-05-27,South,Georgia,SO-05,CUST-00301,Corporate,Apparel,Men's Wear,5,66.65,0.25,0.0,Debit Card,In-Store,Completed
ORD-100970,2024-05-27,North,Wisconsin,NO-04,CUST-01340,Consumer,Apparel,Men's Wear,5,66.62,0.1,0.0,Credit Card,Online,Completed
ORD-105791,2024-05-27,West,Oregon,WE-01,CUST-01516,Consumer,Apparel,Footwear,4,104.42,0.0,4.99,Cash,Online,Returned
ORD-100207,2024-05-27,Central,Missouri,CE-04,CUST-00151,Consumer,Apparel,Women's Wear,4,55.82,0.0,7.99,PayPal,Online,Completed
ORD-104982,2024-05-27,South,Georgia,SO-05,CUST-01699,Consumer,Apparel,Women's Wear,6,33.23,0.15,12.99,Credit Card,Online,Completed
ORD-103746,2024-05-27,North,Wisconsin,NO-03,CUST-01525,Corporate,Apparel,Footwear,5,66.86,0.0,0.0,PayPal,Online,Completed
ORD-103176,2024-05-28,North,Minnesota,NO-02,CUST-01271,Consumer,Books,Fiction,7,8.61,0.0,4.99,Credit Card,Online,Completed
ORD-105230,2024-05-28,South,Florida,SO-02,CUST-00101,Corporate,Sporting Goods,Team Sports,3,171.72,0.0,4.99,Debit Card,Online,Completed
ORD-101404,2024-05-28,South,Georgia,SO-04,CUST-00325,Corporate,Electronics,Smart Home,4,322.55,0.05,4.99,Debit Card,Online,Completed
ORD-102019,2024-05-28,South,Texas,SO-01,CUST-01189,Consumer,Beauty & Health,Makeup,3,41.6,0.0,12.99,Gift Card,Online,Completed
ORD-104105,2024-05-28,West,California,WE-05,CUST-01115,Corporate,Electronics,Smart Home,5,518.12,0.05,0.0,Debit Card,In-Store,Completed
ORD-102189,2024-05-29,North,North Dakota,NO-01,CUST-01072,Consumer,Home Goods,Furniture,2,300.78,0.0,0.0,Credit Card,Online,Completed
ORD-100732,2024-05-29,North,North Dakota,NO-01,CUST-01592,Consumer,Apparel,Women's Wear,4,57.69,0.15,4.99,Credit Card,Online,Completed
ORD-100951,2024-05-29,West,California,WE-03,CUST-01058,Corporate,Apparel,Women's Wear,3,48.76,0.15,0.0,Credit Card,Online,Completed
ORD-104138,2024-05-29,Central,Missouri,CE-02,CUST-00302,Consumer,Apparel,Women's Wear,2,64.5,0.05,0.0,Credit Card,In-Store,Completed
ORD-101632,2024-05-29,East,New York,EA-02,CUST-00480,Consumer,Beauty & Health,Personal Care,3,112.78,0.0,0.0,Debit Card,In-Store,Completed
ORD-104365,2024-05-30,South,Florida,SO-05,CUST-01481,Corporate,Sporting Goods,Footwear,4,124.81,0.0,0.0,Credit Card,Online,Returned
ORD-105917,2024-05-30,East,New York,EA-01,CUST-01510,Consumer,Beauty & Health,Haircare,2,32.04,0.15,4.99,Gift Card,Online,Completed
ORD-102812,2024-05-30,South,Texas,SO-01,CUST-01701,Corporate,Electronics,Laptops,6,729.51,0.0,0.0,Debit Card,Online,Cancelled
ORD-105043,2024-05-30,South,Florida,SO-03,CUST-01307,Consumer,Apparel,Women's Wear,4,55.91,0.05,7.99,Credit Card,Online,Completed
ORD-102635,2024-05-30,East,New York,EA-02,CUST-01288,Consumer,Home Goods,Decor,4,317.3,0.0,0.0,Cash,In-Store,Completed
ORD-105988,2024-05-30,East,Massachusetts,EA-05,CUST-00195,Consumer,Apparel,Footwear,3,31.61,0.15,4.99,Debit Card,Online,Completed
ORD-103147,2024-05-30,East,Massachusetts,EA-01,CUST-01751,Consumer,Electronics,Headphones,5,525.62,0.0,0.0,Credit Card,In-Store,Completed
ORD-100596,2024-05-31,West,California,WE-03,CUST-00303,Corporate,Books,Children's,5,18.1,0.0,0.0,Credit Card,In-Store,Completed
ORD-101475,2024-05-31,South,Texas,SO-01,CUST-00725,Corporate,Sporting Goods,Cycling,4,156.93,0.0,0.0,Credit Card,In-Store,Cancelled
ORD-105020,2024-05-31,Central,Illinois,CE-02,CUST-00008,Consumer,Home Goods,Furniture,2,399.9,0.0,4.99,Credit Card,Online,Completed
ORD-103389,2024-05-31,South,Florida,SO-04,CUST-00868,Consumer,Apparel,Kids' Wear,5,23.75,0.0,0.0,Credit Card,Online,Completed
ORD-101566,2024-05-31,Central,Missouri,CE-02,CUST-00982,Consumer,Electronics,Headphones,4,297.55,0.0,4.99,PayPal,Online,Completed
ORD-103467,2024-05-31,Central,Ohio,CE-04,CUST-01591,Corporate,Books,Fiction,2,21.74,0.1,0.0,Gift Card,In-Store,Returned
ORD-103567,2024-05-31,Central,Illinois,CE-05,CUST-00357,Corporate,Beauty & Health,Skincare,1,108.15,0.05,0.0,Credit Card,In-Store,Completed
ORD-101433,2024-05-31,Central,Missouri,CE-04,CUST-01276,Corporate,Electronics,Laptops,5,472.69,0.0,0.0,Debit Card,In-Store,Returned
ORD-102234,2024-05-31,Central,Ohio,CE-03,CUST-00374,Consumer,Sporting Goods,Fitness Equipment,2,362.26,0.0,0.0,Credit Card,In-Store,Completed
ORD-100683,2024-06-01,West,California,WE-03,CUST-01183,Consumer,Apparel,Accessories,2,41.04,0.05,0.0,Debit Card,In-Store,Completed
ORD-103697,2024-06-01,West,Washington,WE-02,CUST-00756,Consumer,Apparel,Footwear,3,38.59,0.0,0.0,Debit Card,Online,Completed
ORD-102345,2024-06-01,North,Wisconsin,NO-04,CUST-01539,Corporate,Home Goods,Storage,5,457.06,0.0,0.0,Credit Card,Online,Completed
ORD-104474,2024-06-01,East,New Jersey,EA-02,CUST-00392,Corporate,Electronics,Smartphones,2,642.21,0.0,12.99,Debit Card,Online,Completed
ORD-101495,2024-06-01,North,Minnesota,NO-05,CUST-00641,Home Office,Home Goods,Furniture,2,486.74,0.0,0.0,Credit Card,Online,Completed
ORD-105877,2024-06-01,Central,Missouri,CE-04,CUST-00858,Consumer,Home Goods,Furniture,2,622.33,0.0,0.0,Cash,Online,Completed
ORD-102055,2024-06-01,West,Oregon,WE-05,CUST-00527,Consumer,Books,Children's,3,37.67,0.0,12.99,Credit Card,Online,Returned
ORD-102125,2024-06-01,South,Florida,SO-03,CUST-01751,Consumer,Electronics,Cameras,5,572.95,0.05,4.99,Credit Card,Online,Completed
ORD-104548,2024-06-01,South,Florida,SO-04,CUST-00313,Consumer,Home Goods,Bedding,2,170.34,0.1,12.99,Debit Card,Online,Completed
ORD-100894,2024-06-01,North,North Dakota,NO-01,CUST-00329,Home Office,Books,Children's,3,16.93,0.0,0.0,Debit Card,Online,Completed
ORD-102252,2024-06-01,North,Minnesota,NO-02,CUST-01191,Consumer,Home Goods,Kitchenware,6,255.21,0.1,0.0,Credit Card,In-Store,Completed
ORD-104412,2024-06-02,South,Florida,SO-04,CUST-01014,Consumer,Electronics,Laptops,2,428.26,0.0,0.0,Credit Card,In-Store,Completed
ORD-101615,2024-06-02,North,Wisconsin,NO-02,CUST-00415,Home Office,Home Goods,Storage,6,261.07,0.0,0.0,PayPal,In-Store,Completed
ORD-105611,2024-06-02,Central,Ohio,CE-03,CUST-01189,Home Office,Electronics,Smartphones,6,490.2,0.0,0.0,Debit Card,In-Store,Completed
ORD-102192,2024-06-02,West,Oregon,WE-03,CUST-00652,Corporate,Apparel,Accessories,2,45.18,0.15,4.99,Credit Card,Online,Completed
ORD-104588,2024-06-03,West,California,WE-05,CUST-00759,Home Office,Books,Non-Fiction,2,17.54,0.15,0.0,Credit Card,In-Store,Completed
ORD-103329,2024-06-03,East,New Jersey,EA-01,CUST-00908,Corporate,Apparel,Footwear,3,29.82,0.05,7.99,Credit Card,Online,Completed
ORD-104668,2024-06-03,North,Wisconsin,NO-04,CUST-01345,Corporate,Apparel,Men's Wear,3,32.63,0.0,7.99,Gift Card,Online,Completed
ORD-104030,2024-06-03,South,Texas,SO-05,CUST-00634,Home Office,Home Goods,Furniture,1,306.71,0.1,0.0,PayPal,Online,Completed
ORD-103028,2024-06-03,Central,Illinois,CE-05,CUST-01139,Consumer,Home Goods,Decor,2,346.99,0.1,0.0,Credit Card,In-Store,Completed
ORD-103918,2024-06-03,West,Oregon,WE-04,CUST-01706,Corporate,Home Goods,Storage,4,147.9,0.0,0.0,Credit Card,In-Store,Completed
ORD-100543,2024-06-03,North,Wisconsin,NO-04,CUST-00749,Consumer,Home Goods,Storage,3,800.0,0.0,0.0,Credit Card,In-Store,Completed
ORD-100881,2024-06-03,Central,Illinois,CE-05,CUST-00368,Home Office,Beauty & Health,Haircare,3,87.38,0.1,4.99,Cash,Online,Completed
ORD-100547,2024-06-03,West,California,WE-04,CUST-00390,Consumer,Apparel,Footwear,5,148.42,0.0,0.0,Credit Card,In-Store,Completed
ORD-103095,2024-06-04,South,Texas,SO-01,CUST-00958,Consumer,Sporting Goods,Fitness Equipment,3,323.24,0.0,7.99,PayPal,Online,Completed
ORD-104022,2024-06-04,Central,Missouri,CE-05,CUST-00289,Consumer,Apparel,Men's Wear,3,56.83,0.0,0.0,Debit Card,Online,Completed
ORD-101442,2024-06-04,West,Oregon,WE-04,CUST-01109,Consumer,Apparel,Women's Wear,2,94.48,0.0,0.0,Credit Card,In-Store,Cancelled
ORD-103000,2024-06-04,North,North Dakota,NO-03,CUST-01136,Home Office,Apparel,Men's Wear,3,40.48,0.0,0.0,PayPal,In-Store,Completed
ORD-104322,2024-06-04,North,Wisconsin,NO-02,CUST-01745,Corporate,Books,Comics,2,16.34,0.0,4.99,Debit Card,Online,Completed
ORD-103620,2024-06-04,North,Minnesota,NO-01,CUST-00604,Consumer,Books,Educational,4,17.63,0.25,0.0,Cash,Online,Completed
ORD-104024,2024-06-04,South,Georgia,SO-04,CUST-00528,Consumer,Apparel,Kids' Wear,1,84.94,0.0,12.99,Credit Card,Online,Completed
ORD-100156,2024-06-04,North,Wisconsin,NO-04,CUST-00575,Consumer,Books,Comics,4,13.13,0.0,7.99,Credit Card,Online,Completed
ORD-100418,2024-06-04,North,North Dakota,NO-05,CUST-00927,Consumer,Books,Comics,1,29.43,0.2,7.99,Credit Card,Online,Returned
ORD-102374,2024-06-04,West,Washington,WE-01,CUST-01762,Consumer,Home Goods,Furniture,3,324.65,0.05,0.0,Debit Card,Online,Returned
ORD-103126,2024-06-04,East,New Jersey,EA-05,CUST-00168,Consumer,Apparel,Women's Wear,4,117.73,0.0,0.0,PayPal,In-Store,Cancelled
ORD-104181,2024-06-04,East,Massachusetts,EA-04,CUST-01186,Corporate,Sporting Goods,Fitness Equipment,3,124.79,0.1,7.99,PayPal,Online,Returned
ORD-102751,2024-06-05,East,New Jersey,EA-02,CUST-01095,Corporate,Books,Comics,2,23.08,0.15,0.0,Debit Card,Online,Completed
ORD-103008,2024-06-05,Central,Ohio,CE-05,CUST-01212,Consumer,Home Goods,Storage,4,157.69,0.0,0.0,Debit Card,In-Store,Returned
ORD-103538,2024-06-05,West,California,WE-04,CUST-00076,Home Office,Beauty & Health,Haircare,2,76.66,0.05,0.0,Debit Card,In-Store,Completed
ORD-104953,2024-06-05,North,North Dakota,NO-02,CUST-00743,Consumer,Electronics,Cameras,5,168.69,0.0,0.0,Credit Card,In-Store,Completed
ORD-105746,2024-06-05,North,Minnesota,NO-01,CUST-01754,Consumer,Home Goods,Storage,4,301.29,0.15,0.0,Debit Card,In-Store,Completed
ORD-104068,2024-06-05,Central,Illinois,CE-02,CUST-01312,Home Office,Beauty & Health,Haircare,4,29.72,0.1,4.99,PayPal,Online,Completed
ORD-101439,2024-06-05,North,North Dakota,NO-03,CUST-01156,Consumer,Beauty & Health,Wellness,2,62.61,0.25,0.0,Credit Card,In-Store,Completed
ORD-105927,2024-06-05,North,Minnesota,NO-04,CUST-00600,Corporate,Apparel,Accessories,1,87.79,0.0,0.0,PayPal,In-Store,Completed
ORD-103211,2024-06-05,East,New York,EA-02,CUST-00864,Consumer,Electronics,Laptops,1,476.59,0.0,7.99,Credit Card,Online,Completed
ORD-105651,2024-06-06,North,Wisconsin,NO-01,CUST-01333,Home Office,Beauty & Health,Wellness,4,25.85,0.0,0.0,Credit Card,In-Store,Completed
ORD-103451,2024-06-06,North,Minnesota,NO-01,CUST-01622,Consumer,Apparel,Kids' Wear,6,43.91,0.15,4.99,Debit Card,Online,Completed
ORD-104752,2024-06-06,North,Wisconsin,NO-05,CUST-00071,Consumer,Home Goods,Furniture,3,126.15,0.15,0.0,PayPal,Online,Completed
ORD-104571,2024-06-06,West,Washington,WE-03,CUST-00090,Consumer,Beauty & Health,Wellness,3,28.39,0.15,0.0,Debit Card,In-Store,Completed
ORD-104464,2024-06-06,North,North Dakota,NO-03,CUST-01730,Consumer,Apparel,Accessories,4,28.76,0.0,0.0,Debit Card,Online,Completed
ORD-101934,2024-06-07,West,Washington,WE-02,CUST-01683,Consumer,Apparel,Kids' Wear,2,111.58,0.1,0.0,PayPal,In-Store,Completed
ORD-103867,2024-06-07,North,Minnesota,NO-05,CUST-01698,Consumer,Apparel,Women's Wear,1,51.32,0.0,0.0,Debit Card,In-Store,Completed
ORD-105656,2024-06-07,East,New Jersey,EA-01,CUST-01497,Corporate,Beauty & Health,Wellness,3,45.83,0.1,0.0,Credit Card,In-Store,Completed
ORD-102168,2024-06-07,South,Florida,SO-02,CUST-01165,Consumer,Home Goods,Kitchenware,2,254.41,0.0,0.0,PayPal,In-Store,Returned
ORD-101457,2024-06-07,North,North Dakota,NO-05,CUST-01557,Corporate,Apparel,Men's Wear,5,74.49,0.25,4.99,Credit Card,Online,Completed
ORD-105186,2024-06-07,East,Massachusetts,EA-05,CUST-01037,Home Office,Home Goods,Decor,3,86.48,0.1,12.99,Credit Card,Online,Completed
ORD-104125,2024-06-07,East,New York,EA-01,CUST-00012,Consumer,Beauty & Health,Personal Care,3,100.0,0.0,4.99,Credit Card,Online,Completed
ORD-104240,2024-06-07,North,North Dakota,NO-03,CUST-01307,Consumer,Electronics,Headphones,3,389.56,0.1,0.0,Debit Card,Online,Completed
ORD-105154,2024-06-07,South,Texas,SO-02,CUST-01094,Consumer,Electronics,Headphones,4,296.0,0.0,7.99,Cash,Online,Completed
ORD-103069,2024-06-07,West,Washington,WE-03,CUST-00816,Consumer,Apparel,Men's Wear,5,62.87,0.0,0.0,PayPal,Online,Completed
ORD-104071,2024-06-07,North,Wisconsin,NO-03,CUST-00324,Consumer,Apparel,Women's Wear,4,106.56,0.05,4.99,PayPal,Online,Completed
ORD-102404,2024-06-08,South,Georgia,SO-02,CUST-01786,Consumer,Apparel,Footwear,2,55.71,0.0,0.0,PayPal,In-Store,Completed
ORD-103452,2024-06-08,West,Oregon,WE-03,CUST-00896,Consumer,Home Goods,Decor,2,239.56,0.0,0.0,Cash,Online,Completed
ORD-105432,2024-06-08,South,Florida,SO-02,CUST-00473,Home Office,Home Goods,Bedding,4,310.14,0.0,0.0,Credit Card,In-Store,Completed
ORD-102663,2024-06-08,West,Oregon,WE-05,CUST-00289,Consumer,Electronics,Smart Home,1,137.61,0.0,0.0,Credit Card,In-Store,Completed
ORD-104430,2024-06-08,West,California,WE-01,CUST-00686,Home Office,Electronics,Laptops,3,436.7,0.0,0.0,Gift Card,In-Store,Returned
ORD-100170,2024-06-08,Central,Illinois,CE-04,CUST-00574,Consumer,Home Goods,Storage,1,479.0,0.0,0.0,Credit Card,Online,Completed
ORD-102530,2024-06-08,West,California,WE-02,CUST-00101,Consumer,Sporting Goods,Outdoor Gear,5,118.36,0.0,0.0,Credit Card,In-Store,Completed
ORD-105734,2024-06-08,South,Texas,SO-02,CUST-00584,Consumer,Home Goods,Furniture,3,108.47,0.0,0.0,Debit Card,In-Store,Completed
ORD-103204,2024-06-08,South,Florida,SO-02,CUST-00264,Consumer,Books,Non-Fiction,7,10.27,0.2,0.0,Debit Card,In-Store,Returned
ORD-105714,2024-06-08,Central,Illinois,CE-03,CUST-01236,Home Office,Electronics,Smartphones,4,409.75,0.05,0.0,PayPal,Online,Completed
ORD-102696,2024-06-08,Central,Illinois,CE-01,CUST-00777,Corporate,Apparel,Accessories,2,39.47,0.0,4.99,Cash,Online,Completed
ORD-103684,2024-06-08,North,Wisconsin,NO-01,CUST-00897,Consumer,Apparel,Kids' Wear,6,58.47,0.0,0.0,Cash,In-Store,Completed
ORD-101142,2024-06-08,West,Washington,WE-05,CUST-00319,Consumer,Apparel,Men's Wear,1,77.65,0.0,7.99,Credit Card,Online,Completed
ORD-103892,2024-06-08,Central,Ohio,CE-04,CUST-00657,Consumer,Books,Non-Fiction,5,27.36,0.0,0.0,Credit Card,Online,Completed
ORD-104646,2024-06-08,North,North Dakota,NO-02,CUST-00606,Consumer,Beauty & Health,Wellness,4,35.25,0.0,0.0,Gift Card,In-Store,Completed
ORD-104557,2024-06-09,South,Texas,SO-03,CUST-01203,Consumer,Home Goods,Furniture,3,130.6,0.0,0.0,Debit Card,In-Store,Completed
ORD-104678,2024-06-09,North,North Dakota,NO-04,CUST-00871,Consumer,Electronics,Headphones,3,293.5,0.05,0.0,Credit Card,Online,Returned
ORD-104126,2024-06-09,East,New York,EA-05,CUST-00693,Consumer,Home Goods,Decor,2,228.34,0.0,4.99,Credit Card,Online,Completed
ORD-101077,2024-06-09,West,Washington,WE-04,CUST-00055,Consumer,Home Goods,Kitchenware,1,435.28,0.15,0.0,Debit Card,Online,Completed
ORD-100647,2024-06-09,South,Florida,SO-01,CUST-00498,Corporate,Electronics,Laptops,5,212.74,0.1,0.0,Debit Card,In-Store,Completed
ORD-102346,2024-06-09,North,North Dakota,NO-01,CUST-00781,Corporate,Books,Fiction,6,17.74,0.0,7.99,Credit Card,Online,Returned
ORD-103701,2024-06-09,South,Florida,SO-02,CUST-01276,Consumer,Apparel,Footwear,3,81.32,0.05,0.0,Credit Card,Online,Cancelled
ORD-102769,2024-06-09,South,Georgia,SO-01,CUST-00434,Consumer,Home Goods,Storage,3,269.59,0.15,4.99,Credit Card,Online,Completed
ORD-104008,2024-06-09,Central,Missouri,CE-05,CUST-01282,Consumer,Electronics,Smartphones,7,942.47,0.0,0.0,Credit Card,Online,Completed
ORD-103085,2024-06-10,East,Massachusetts,EA-04,CUST-00902,Corporate,Apparel,Men's Wear,5,127.13,0.05,0.0,Credit Card,In-Store,Completed
ORD-101337,2024-06-10,West,Washington,WE-01,CUST-00151,Consumer,Beauty & Health,Wellness,4,34.85,0.1,0.0,Credit Card,Online,Completed
ORD-101793,2024-06-10,West,California,WE-03,CUST-01210,Consumer,Home Goods,Storage,3,479.56,0.2,0.0,PayPal,In-Store,Completed
ORD-101153,2024-06-10,North,Minnesota,NO-02,CUST-00553,Home Office,Electronics,Headphones,3,321.86,0.1,4.99,Cash,Online,Completed
ORD-105948,2024-06-10,East,New Jersey,EA-01,CUST-00049,Corporate,Electronics,Smart Home,4,120.93,0.0,4.99,Credit Card,Online,Completed
ORD-101217,2024-06-10,West,California,WE-05,CUST-01490,Consumer,Beauty & Health,Haircare,2,32.2,0.1,4.99,Credit Card,Online,Completed
ORD-101537,2024-06-11,East,New Jersey,EA-04,CUST-00155,Corporate,Apparel,Women's Wear,1,59.47,0.0,4.99,PayPal,Online,Completed
ORD-100709,2024-06-11,West,Washington,WE-03,CUST-00973,Consumer,Apparel,Kids' Wear,4,107.49,0.0,4.99,Credit Card,Online,Completed
ORD-105428,2024-06-11,East,New York,EA-04,CUST-01719,Consumer,Apparel,Accessories,3,16.61,0.05,0.0,Debit Card,In-Store,Completed
ORD-101134,2024-06-12,North,Minnesota,NO-02,CUST-00394,Consumer,Beauty & Health,Makeup,2,61.84,0.0,4.99,Credit Card,Online,Completed
ORD-104074,2024-06-12,East,New Jersey,EA-05,CUST-00578,Consumer,Electronics,Cameras,4,144.66,0.0,0.0,Credit Card,In-Store,Completed
ORD-105138,2024-06-12,South,Georgia,SO-05,CUST-00065,Consumer,Home Goods,Decor,5,289.92,0.05,4.99,Cash,Online,Completed
ORD-104182,2024-06-12,Central,Missouri,CE-03,CUST-01467,Home Office,Home Goods,Decor,4,432.3,0.05,4.99,Debit Card,Online,Completed
ORD-105735,2024-06-12,West,California,WE-05,CUST-01056,Consumer,Electronics,Cameras,3,333.04,0.2,7.99,Gift Card,Online,Completed
ORD-105597,2024-06-12,Central,Illinois,CE-01,CUST-01392,Corporate,Apparel,Women's Wear,6,71.62,0.0,7.99,Debit Card,Online,Completed
ORD-100373,2024-06-12,West,Oregon,WE-04,CUST-01134,Consumer,Home Goods,Kitchenware,3,221.97,0.0,0.0,Gift Card,In-Store,Completed
ORD-101206,2024-06-12,West,California,WE-05,CUST-00562,Home Office,Home Goods,Storage,3,204.19,0.0,4.99,Credit Card,Online,Completed
ORD-102587,2024-06-12,North,Wisconsin,NO-05,CUST-00261,Consumer,Sporting Goods,Team Sports,1,314.96,0.0,7.99,Cash,Online,Completed
ORD-101449,2024-06-12,Central,Illinois,CE-01,CUST-00599,Consumer,Home Goods,Bedding,4,121.72,0.0,0.0,PayPal,In-Store,Completed
ORD-104625,2024-06-12,East,New York,EA-04,CUST-01074,Home Office,Sporting Goods,Fitness Equipment,4,192.0,0.0,7.99,Credit Card,Online,Completed
ORD-100038,2024-06-13,North,Wisconsin,NO-04,CUST-00413,Consumer,Home Goods,Kitchenware,4,152.96,0.0,0.0,Credit Card,Online,Returned
ORD-105692,2024-06-13,East,Massachusetts,EA-03,CUST-00104,Consumer,Apparel,Kids' Wear,3,29.79,0.0,0.0,PayPal,In-Store,Completed
ORD-104405,2024-06-13,North,Wisconsin,NO-05,CUST-01266,Home Office,Apparel,Footwear,3,40.68,0.0,7.99,PayPal,Online,Completed
ORD-104887,2024-06-13,West,California,WE-03,CUST-01064,Corporate,Sporting Goods,Outdoor Gear,3,261.4,0.0,7.99,PayPal,Online,Cancelled
ORD-103839,2024-06-13,North,North Dakota,NO-01,CUST-00710,Consumer,Beauty & Health,Haircare,2,29.89,0.25,7.99,Credit Card,Online,Completed
ORD-105995,2024-06-13,Central,Ohio,CE-03,CUST-01283,Corporate,Apparel,Men's Wear,3,47.8,0.05,0.0,Cash,Online,Completed
ORD-103022,2024-06-14,West,Washington,WE-04,CUST-01372,Home Office,Home Goods,Bedding,4,248.76,0.05,0.0,Debit Card,In-Store,Completed
ORD-103179,2024-06-14,Central,Missouri,CE-01,CUST-01401,Consumer,Books,Non-Fiction,6,20.4,0.15,0.0,Credit Card,In-Store,Completed
ORD-100504,2024-06-14,East,Massachusetts,EA-01,CUST-01141,Consumer,Books,Fiction,1,14.89,0.0,0.0,Cash,Online,Completed
ORD-105936,2024-06-14,East,New York,EA-05,CUST-00552,Home Office,Electronics,Laptops,2,422.46,0.05,0.0,PayPal,Online,Completed
ORD-101254,2024-06-14,North,Minnesota,NO-01,CUST-00853,Consumer,Apparel,Kids' Wear,5,62.83,0.05,0.0,Credit Card,In-Store,Completed
ORD-102170,2024-06-15,North,North Dakota,NO-03,CUST-00992,Consumer,Apparel,Women's Wear,10,28.71,0.0,0.0,Debit Card,In-Store,Completed
ORD-105749,2024-06-15,Central,Missouri,CE-02,CUST-00492,Consumer,Books,Fiction,4,17.31,0.05,4.99,Debit Card,Online,Completed
ORD-105470,2024-06-15,West,Washington,WE-03,CUST-00965,Consumer,Home Goods,Kitchenware,3,286.6,0.0,4.99,Credit Card,Online,Completed
ORD-102333,2024-06-15,East,Massachusetts,EA-04,CUST-01341,Consumer,Books,Fiction,3,6.0,0.0,4.99,Credit Card,Online,Completed
ORD-102627,2024-06-15,North,Wisconsin,NO-01,CUST-00899,Home Office,Electronics,Smart Home,4,680.07,0.0,12.99,Debit Card,Online,Completed
ORD-102518,2024-06-16,West,California,WE-03,CUST-00294,Corporate,Apparel,Men's Wear,3,43.16,0.0,4.99,Debit Card,Online,Completed
ORD-102410,2024-06-16,West,Oregon,WE-05,CUST-00976,Consumer,Electronics,Laptops,3,498.08,0.0,0.0,Credit Card,In-Store,Completed
ORD-100986,2024-06-16,North,North Dakota,NO-02,CUST-00295,Consumer,Home Goods,Storage,4,328.46,0.0,0.0,Cash,In-Store,Completed
ORD-103928,2024-06-16,Central,Ohio,CE-01,CUST-01473,Consumer,Sporting Goods,Cycling,1,115.19,0.05,0.0,Credit Card,Online,Completed
ORD-103269,2024-06-16,East,Massachusetts,EA-04,CUST-00156,Corporate,Apparel,Men's Wear,2,53.02,0.0,0.0,Debit Card,In-Store,Completed
ORD-101776,2024-06-16,North,Wisconsin,NO-02,CUST-00057,Consumer,Electronics,Headphones,5,458.79,0.05,12.99,Credit Card,Online,Completed
ORD-102389,2024-06-16,Central,Ohio,CE-05,CUST-00429,Consumer,Home Goods,Furniture,6,211.22,0.0,0.0,Credit Card,In-Store,Completed
ORD-101186,2024-06-16,North,North Dakota,NO-03,CUST-01434,Home Office,Apparel,Kids' Wear,2,79.54,0.05,0.0,Credit Card,In-Store,Returned
ORD-105410,2024-06-16,East,Massachusetts,EA-01,CUST-01196,Corporate,Electronics,Smart Home,5,286.86,0.0,0.0,Credit Card,In-Store,Completed
ORD-101293,2024-06-17,North,Wisconsin,NO-01,CUST-00012,Consumer,Electronics,Cameras,1,746.9,0.0,0.0,Credit Card,In-Store,Completed
ORD-104218,2024-06-17,North,Wisconsin,NO-05,CUST-01617,Consumer,Apparel,Footwear,3,59.62,0.15,0.0,Credit Card,In-Store,Completed
ORD-104051,2024-06-17,North,Minnesota,NO-03,CUST-00319,Home Office,Home Goods,Kitchenware,5,348.67,0.25,0.0,PayPal,In-Store,Completed
ORD-101456,2024-06-17,West,Washington,WE-04,CUST-01373,Consumer,Apparel,Kids' Wear,2,29.76,0.0,0.0,PayPal,Online,Completed
ORD-101880,2024-06-17,East,New York,EA-04,CUST-00557,Consumer,Electronics,Headphones,4,211.3,0.0,4.99,Credit Card,Online,Completed
ORD-104623,2024-06-18,South,Georgia,SO-04,CUST-00434,Consumer,Beauty & Health,Haircare,4,62.95,0.05,0.0,Credit Card,In-Store,Completed
ORD-104889,2024-06-18,North,Wisconsin,NO-02,CUST-01700,Consumer,Electronics,Laptops,4,792.15,0.0,7.99,Cash,Online,Completed
ORD-103753,2024-06-18,Central,Missouri,CE-03,CUST-00130,Home Office,Sporting Goods,Outdoor Gear,2,119.22,0.2,0.0,Credit Card,In-Store,Completed
ORD-103457,2024-06-18,South,Florida,SO-03,CUST-00407,Consumer,Apparel,Kids' Wear,2,33.61,0.0,0.0,Credit Card,In-Store,Completed
ORD-100176,2024-06-18,West,Oregon,WE-03,CUST-00105,Corporate,Books,Comics,4,19.72,0.0,0.0,Credit Card,In-Store,Completed
ORD-101625,2024-06-18,South,Florida,SO-04,CUST-00708,Consumer,Beauty & Health,Wellness,6,39.44,0.0,4.99,Credit Card,Online,Completed
ORD-100609,2024-06-18,South,Florida,SO-01,CUST-01671,Corporate,Sporting Goods,Fitness Equipment,5,106.35,0.0,0.0,Debit Card,In-Store,Completed
ORD-100211,2024-06-19,North,North Dakota,NO-03,CUST-01178,Corporate,Sporting Goods,Fitness Equipment,6,166.34,0.0,0.0,Credit Card,In-Store,Completed
ORD-103256,2024-06-19,Central,Missouri,CE-01,CUST-00394,Home Office,Home Goods,Storage,3,211.79,0.0,4.99,Gift Card,Online,Completed
ORD-101724,2024-06-19,South,Florida,SO-04,CUST-01676,Corporate,Electronics,Smart Home,4,300.07,0.05,0.0,Debit Card,Online,Completed
ORD-101006,2024-06-19,East,New York,EA-05,CUST-00647,Consumer,Apparel,Footwear,4,100.85,0.0,7.99,PayPal,Online,Completed
ORD-105236,2024-06-19,West,Oregon,WE-02,CUST-00378,Consumer,Apparel,Accessories,5,60.01,0.0,0.0,Gift Card,In-Store,Completed
ORD-104584,2024-06-19,North,Wisconsin,NO-03,CUST-01114,Corporate,Apparel,Men's Wear,2,49.92,0.15,0.0,Gift Card,In-Store,Completed
ORD-105745,2024-06-19,East,New York,EA-04,CUST-01203,Consumer,Electronics,Laptops,2,248.08,0.0,0.0,PayPal,In-Store,Completed
ORD-104826,2024-06-19,South,Florida,SO-01,CUST-01673,Corporate,Electronics,Cameras,3,227.38,0.05,0.0,Debit Card,In-Store,Completed
ORD-104456,2024-06-19,South,Texas,SO-01,CUST-00319,Consumer,Home Goods,Kitchenware,3,164.25,0.25,0.0,Debit Card,In-Store,Completed
ORD-105532,2024-06-19,East,Massachusetts,EA-04,CUST-01721,Consumer,Books,Children's,3,15.55,0.15,7.99,Credit Card,Online,Completed
ORD-103810,2024-06-19,East,Massachusetts,EA-03,CUST-01691,Consumer,Home Goods,Kitchenware,2,330.64,0.0,0.0,Credit Card,In-Store,Completed
ORD-105477,2024-06-20,North,Minnesota,NO-02,CUST-00357,Consumer,Apparel,Men's Wear,5,38.24,0.0,0.0,Debit Card,In-Store,Completed
ORD-101446,2024-06-20,Central,Illinois,CE-04,CUST-01520,Corporate,Apparel,Kids' Wear,4,150.0,0.0,12.99,Credit Card,Online,Cancelled
ORD-104188,2024-06-20,East,New Jersey,EA-05,CUST-00666,Corporate,Apparel,Footwear,5,25.81,0.0,0.0,Credit Card,In-Store,Returned
ORD-101590,2024-06-20,Central,Illinois,CE-05,CUST-00891,Corporate,Home Goods,Decor,4,105.14,0.15,0.0,Debit Card,In-Store,Completed
ORD-105484,2024-06-20,West,Oregon,WE-02,CUST-00344,Consumer,Sporting Goods,Outdoor Gear,3,127.48,0.0,0.0,PayPal,In-Store,Completed
ORD-104080,2024-06-20,South,Texas,SO-03,CUST-00720,Consumer,Beauty & Health,Wellness,2,32.05,0.0,0.0,Cash,In-Store,Completed
ORD-105349,2024-06-20,West,Washington,WE-04,CUST-00416,Home Office,Home Goods,Decor,5,164.53,0.0,0.0,Credit Card,In-Store,Completed
ORD-102520,2024-06-20,East,New Jersey,EA-01,CUST-00670,Consumer,Home Goods,Storage,5,764.3,0.0,4.99,Credit Card,Online,Completed
ORD-102372,2024-06-20,North,Wisconsin,NO-05,CUST-00359,Corporate,Books,Children's,5,14.75,0.0,0.0,Credit Card,Online,Completed
ORD-103362,2024-06-20,Central,Ohio,CE-05,CUST-01306,Corporate,Electronics,Cameras,2,393.14,0.1,7.99,Credit Card,Online,Completed
ORD-101214,2024-06-21,West,California,WE-05,CUST-00892,Corporate,Electronics,Laptops,1,632.58,0.0,7.99,Debit Card,Online,Cancelled
ORD-102955,2024-06-21,North,Minnesota,NO-03,CUST-01708,Consumer,Home Goods,Storage,5,164.22,0.0,0.0,PayPal,Online,Completed
ORD-102178,2024-06-21,North,North Dakota,NO-04,CUST-00635,Consumer,Electronics,Cameras,4,328.56,0.15,4.99,Credit Card,Online,Completed
ORD-102891,2024-06-21,Central,Illinois,CE-01,CUST-00050,Consumer,Home Goods,Kitchenware,3,264.2,0.0,12.99,Gift Card,Online,Completed
ORD-103213,2024-06-21,South,Florida,SO-05,CUST-01767,Home Office,Books,Fiction,4,12.4,0.25,0.0,Debit Card,In-Store,Completed
ORD-100780,2024-06-21,South,Florida,SO-04,CUST-00016,Consumer,Sporting Goods,Footwear,6,244.33,0.15,0.0,Gift Card,In-Store,Completed
ORD-100991,2024-06-22,West,Washington,WE-01,CUST-01136,Corporate,Electronics,Smartphones,3,344.12,0.0,7.99,Gift Card,Online,Completed
ORD-105363,2024-06-22,South,Florida,SO-02,CUST-00023,Consumer,Apparel,Footwear,3,96.59,0.05,0.0,Debit Card,In-Store,Completed
ORD-101920,2024-06-22,Central,Ohio,CE-01,CUST-01154,Consumer,Apparel,Men's Wear,6,44.96,0.0,0.0,PayPal,In-Store,Completed
ORD-102103,2024-06-22,Central,Missouri,CE-04,CUST-00276,Consumer,Home Goods,Decor,3,338.27,0.25,0.0,Cash,Online,Completed
ORD-104877,2024-06-22,West,California,WE-05,CUST-00734,Home Office,Electronics,Smartphones,1,249.92,0.05,0.0,Credit Card,In-Store,Completed
ORD-104491,2024-06-22,North,Minnesota,NO-01,CUST-01539,Home Office,Apparel,Footwear,2,37.76,0.05,0.0,Gift Card,In-Store,Completed
ORD-101586,2024-06-22,Central,Missouri,CE-05,CUST-00436,Consumer,Apparel,Men's Wear,2,46.09,0.0,0.0,Debit Card,In-Store,Completed
ORD-101679,2024-06-22,West,Washington,WE-02,CUST-01562,Consumer,Apparel,Footwear,2,134.16,0.0,0.0,PayPal,In-Store,Completed
ORD-101270,2024-06-22,North,Wisconsin,NO-05,CUST-00518,Home Office,Electronics,Cameras,5,628.36,0.05,7.99,Debit Card,Online,Completed
ORD-100315,2024-06-22,East,New York,EA-02,CUST-01405,Consumer,Beauty & Health,Personal Care,3,54.9,0.15,0.0,Credit Card,In-Store,Completed
ORD-101717,2024-06-22,South,Texas,SO-04,CUST-00208,Consumer,Home Goods,Furniture,6,377.08,0.0,0.0,Credit Card,In-Store,Completed
ORD-101487,2024-06-22,West,California,WE-01,CUST-00443,Corporate,Home Goods,Decor,3,211.09,0.0,0.0,Credit Card,Online,Completed
ORD-100481,2024-06-22,East,New York,EA-01,CUST-00600,Corporate,Apparel,Accessories,3,42.61,0.0,0.0,Debit Card,In-Store,Completed
ORD-103356,2024-06-22,North,North Dakota,NO-02,CUST-00261,Consumer,Apparel,Women's Wear,5,19.46,0.0,0.0,Credit Card,Online,Completed
ORD-101108,2024-06-22,North,Minnesota,NO-01,CUST-01311,Consumer,Home Goods,Bedding,5,373.96,0.2,0.0,Credit Card,In-Store,Completed
ORD-100257,2024-06-22,East,Massachusetts,EA-04,CUST-01689,Consumer,Apparel,Accessories,3,50.64,0.15,0.0,Cash,In-Store,Completed
ORD-103369,2024-06-22,West,California,WE-04,CUST-01150,Consumer,Electronics,Cameras,3,544.17,0.0,0.0,PayPal,Online,Completed
ORD-103243,2024-06-23,South,Florida,SO-02,CUST-01025,Corporate,Electronics,Laptops,5,545.32,0.15,12.99,PayPal,Online,Returned
ORD-100798,2024-06-23,West,Washington,WE-01,CUST-01162,Consumer,Beauty & Health,Haircare,2,28.1,0.0,12.99,Credit Card,Online,Completed
ORD-101020,2024-06-23,East,New Jersey,EA-04,CUST-01722,Consumer,Sporting Goods,Outdoor Gear,5,288.67,0.0,0.0,Debit Card,In-Store,Completed
ORD-100266,2024-06-23,West,Oregon,WE-04,CUST-00386,Corporate,Apparel,Women's Wear,4,145.15,0.0,0.0,Credit Card,Online,Completed
ORD-101152,2024-06-23,Central,Ohio,CE-03,CUST-00736,Consumer,Beauty & Health,Makeup,5,21.26,0.1,12.99,Debit Card,Online,Completed
ORD-104012,2024-06-23,South,Georgia,SO-01,CUST-00304,Consumer,Electronics,Headphones,3,317.31,0.0,12.99,PayPal,Online,Completed
ORD-105566,2024-06-23,West,Washington,WE-04,CUST-00400,Consumer,Books,Non-Fiction,5,9.13,0.2,4.99,Cash,Online,Completed
ORD-105252,2024-06-23,South,Georgia,SO-01,CUST-01029,Consumer,Home Goods,Storage,4,240.46,0.15,4.99,Credit Card,Online,Completed
ORD-101035,2024-06-23,West,Washington,WE-01,CUST-01630,Consumer,Sporting Goods,Outdoor Gear,2,280.69,0.1,0.0,Credit Card,Online,Returned
ORD-100381,2024-06-23,South,Florida,SO-05,CUST-00509,Home Office,Home Goods,Kitchenware,4,195.99,0.2,0.0,Gift Card,In-Store,Completed
ORD-104669,2024-06-23,West,California,WE-05,CUST-00581,Consumer,Sporting Goods,Cycling,3,253.36,0.25,0.0,Credit Card,In-Store,Completed
ORD-102951,2024-06-23,West,Washington,WE-04,CUST-00487,Corporate,Apparel,Footwear,4,40.64,0.05,0.0,Debit Card,In-Store,Completed
ORD-103458,2024-06-23,West,California,WE-04,CUST-00223,Consumer,Sporting Goods,Team Sports,4,122.17,0.2,0.0,Gift Card,Online,Completed
ORD-104122,2024-06-24,East,New Jersey,EA-02,CUST-01092,Consumer,Electronics,Smart Home,4,238.96,0.0,0.0,Credit Card,In-Store,Completed
ORD-100500,2024-06-24,West,California,WE-02,CUST-00836,Home Office,Home Goods,Storage,1,260.86,0.25,0.0,Cash,In-Store,Completed
ORD-103473,2024-06-25,North,Minnesota,NO-02,CUST-01525,Consumer,Sporting Goods,Team Sports,3,482.92,0.0,7.99,Debit Card,Online,Completed
ORD-103379,2024-06-25,Central,Missouri,CE-02,CUST-01515,Corporate,Apparel,Footwear,2,73.22,0.0,0.0,Credit Card,In-Store,Completed
ORD-104189,2024-06-26,South,Texas,SO-05,CUST-01284,Home Office,Electronics,Laptops,3,679.09,0.0,4.99,Credit Card,Online,Completed
ORD-105191,2024-06-26,Central,Ohio,CE-02,CUST-00204,Corporate,Electronics,Cameras,2,355.61,0.05,12.99,Debit Card,Online,Completed
ORD-105113,2024-06-26,West,Oregon,WE-01,CUST-01615,Consumer,Sporting Goods,Cycling,4,140.48,0.0,0.0,Credit Card,In-Store,Completed
ORD-105232,2024-06-26,South,Georgia,SO-05,CUST-00117,Consumer,Beauty & Health,Haircare,4,62.07,0.0,4.99,Cash,Online,Completed
ORD-100435,2024-06-26,West,Oregon,WE-04,CUST-01213,Home Office,Electronics,Headphones,1,290.27,0.0,0.0,Credit Card,In-Store,Completed
ORD-102965,2024-06-26,Central,Ohio,CE-03,CUST-00859,Home Office,Home Goods,Kitchenware,4,353.92,0.05,4.99,Cash,Online,Completed
ORD-103084,2024-06-26,West,Oregon,WE-04,CUST-01304,Corporate,Apparel,Accessories,3,57.0,0.05,4.99,Credit Card,Online,Completed
ORD-102313,2024-06-27,East,New York,EA-01,CUST-01178,Consumer,Apparel,Kids' Wear,3,27.14,0.0,0.0,Credit Card,In-Store,Completed
ORD-105473,2024-06-27,Central,Illinois,CE-01,CUST-00149,Consumer,Sporting Goods,Team Sports,3,293.98,0.15,0.0,Credit Card,Online,Completed
ORD-105583,2024-06-27,North,Wisconsin,NO-01,CUST-01486,Consumer,Beauty & Health,Skincare,2,24.14,0.05,4.99,Credit Card,Online,Completed
ORD-104230,2024-06-27,South,Texas,SO-04,CUST-01411,Consumer,Beauty & Health,Haircare,2,120.0,0.0,4.99,Debit Card,Online,Completed
ORD-104238,2024-06-27,Central,Missouri,CE-04,CUST-01632,Corporate,Apparel,Accessories,5,109.12,0.0,0.0,Cash,In-Store,Completed
ORD-100278,2024-06-27,East,New Jersey,EA-02,CUST-01486,Corporate,Books,Children's,5,8.57,0.25,0.0,Credit Card,In-Store,Completed
ORD-103244,2024-06-27,Central,Ohio,CE-03,CUST-00223,Home Office,Books,Fiction,5,14.5,0.25,0.0,Debit Card,In-Store,Completed
ORD-100137,2024-06-28,East,New Jersey,EA-01,CUST-00449,Consumer,Apparel,Men's Wear,2,81.16,0.0,0.0,Credit Card,In-Store,Cancelled
ORD-105666,2024-06-28,South,Florida,SO-03,CUST-01207,Consumer,Sporting Goods,Footwear,4,110.57,0.0,0.0,Credit Card,In-Store,Completed
ORD-102639,2024-06-28,North,Wisconsin,NO-05,CUST-00432,Consumer,Apparel,Women's Wear,2,30.89,0.0,0.0,Credit Card,Online,Completed
ORD-102267,2024-06-28,West,California,WE-04,CUST-01753,Consumer,Apparel,Men's Wear,3,31.04,0.0,0.0,Debit Card,In-Store,Completed
ORD-101281,2024-06-28,West,Washington,WE-04,CUST-00468,Consumer,Apparel,Accessories,4,42.0,0.0,7.99,Cash,Online,Completed
ORD-100267,2024-06-28,North,North Dakota,NO-05,CUST-00338,Corporate,Beauty & Health,Wellness,3,35.73,0.0,0.0,PayPal,In-Store,Completed
ORD-102978,2024-06-29,East,Massachusetts,EA-01,CUST-00149,Consumer,Home Goods,Storage,2,465.32,0.0,0.0,Debit Card,Online,Completed
ORD-100337,2024-06-29,North,Wisconsin,NO-04,CUST-00799,Corporate,Apparel,Men's Wear,6,36.28,0.05,0.0,Gift Card,In-Store,Completed
ORD-102982,2024-06-29,North,Minnesota,NO-03,CUST-00803,Corporate,Apparel,Women's Wear,4,49.93,0.1,4.99,Credit Card,Online,Returned
ORD-104644,2024-06-29,South,Texas,SO-05,CUST-00446,Consumer,Books,Non-Fiction,3,27.82,0.05,0.0,Credit Card,In-Store,Completed
ORD-103045,2024-06-29,Central,Illinois,CE-03,CUST-00802,Home Office,Apparel,Accessories,3,62.47,0.15,4.99,PayPal,Online,Completed
ORD-102631,2024-06-29,West,Washington,WE-01,CUST-00153,Home Office,Apparel,Footwear,4,35.86,0.0,0.0,Debit Card,In-Store,Completed
ORD-105454,2024-06-29,Central,Illinois,CE-01,CUST-00853,Consumer,Apparel,Accessories,1,97.91,0.0,12.99,Credit Card,Online,Completed
ORD-100560,2024-06-29,West,Oregon,WE-02,CUST-01793,Corporate,Electronics,Headphones,2,303.79,0.15,0.0,PayPal,Online,Completed
ORD-102220,2024-06-29,East,Massachusetts,EA-03,CUST-00366,Consumer,Sporting Goods,Footwear,3,122.18,0.1,0.0,Cash,In-Store,Completed
ORD-101437,2024-06-29,East,New York,EA-03,CUST-01634,Consumer,Apparel,Footwear,3,37.45,0.0,0.0,Credit Card,In-Store,Completed
ORD-103712,2024-06-30,West,Washington,WE-01,CUST-01136,Consumer,Apparel,Accessories,3,70.9,0.0,0.0,PayPal,In-Store,Completed
ORD-102388,2024-06-30,West,Oregon,WE-04,CUST-01461,Home Office,Home Goods,Decor,4,340.0,0.05,0.0,Credit Card,Online,Completed
ORD-105011,2024-06-30,Central,Illinois,CE-02,CUST-00228,Consumer,Electronics,Laptops,7,166.96,0.1,0.0,PayPal,Online,Completed
ORD-101014,2024-06-30,East,New Jersey,EA-04,CUST-00531,Home Office,Sporting Goods,Outdoor Gear,5,439.85,0.1,0.0,PayPal,In-Store,Completed
ORD-103465,2024-06-30,East,Massachusetts,EA-01,CUST-00742,Consumer,Electronics,Headphones,3,364.83,0.1,0.0,Credit Card,In-Store,Completed
ORD-100438,2024-06-30,South,Florida,SO-04,CUST-01647,Consumer,Electronics,Smartphones,2,548.91,0.0,0.0,Debit Card,In-Store,Completed
ORD-101299,2024-06-30,Central,Illinois,CE-03,CUST-00561,Consumer,Books,Non-Fiction,1,19.05,0.2,7.99,Debit Card,Online,Returned
ORD-103152,2024-06-30,South,Georgia,SO-01,CUST-00980,Corporate,Home Goods,Kitchenware,3,533.45,0.0,0.0,Credit Card,In-Store,Returned
ORD-104768,2024-06-30,East,New Jersey,EA-04,CUST-00021,Consumer,Apparel,Women's Wear,1,30.28,0.05,0.0,Credit Card,Online,Completed
ORD-105513,2024-07-01,South,Florida,SO-02,CUST-00145,Corporate,Electronics,Headphones,2,512.14,0.05,7.99,Debit Card,Online,Completed
ORD-101943,2024-07-01,East,Massachusetts,EA-05,CUST-00884,Consumer,Home Goods,Furniture,3,252.69,0.2,0.0,Credit Card,In-Store,Completed
ORD-103434,2024-07-01,East,New Jersey,EA-02,CUST-01559,Consumer,Sporting Goods,Cycling,4,69.55,0.0,0.0,Cash,Online,Completed
ORD-104973,2024-07-01,South,Georgia,SO-05,CUST-00106,Consumer,Home Goods,Storage,6,183.46,0.0,0.0,Credit Card,In-Store,Completed
ORD-101399,2024-07-01,North,Wisconsin,NO-02,CUST-00216,Corporate,Apparel,Footwear,1,56.68,0.05,0.0,Credit Card,Online,Completed
ORD-100800,2024-07-01,West,Washington,WE-04,CUST-00764,Consumer,Sporting Goods,Team Sports,5,241.43,0.05,0.0,Debit Card,In-Store,Completed
ORD-100074,2024-07-01,South,Texas,SO-04,CUST-00447,Home Office,Apparel,Accessories,3,119.88,0.0,0.0,Credit Card,In-Store,Completed
ORD-102608,2024-07-01,Central,Missouri,CE-01,CUST-01309,Consumer,Home Goods,Kitchenware,3,260.63,0.25,4.99,Gift Card,Online,Completed
ORD-103070,2024-07-01,East,Massachusetts,EA-05,CUST-01123,Corporate,Apparel,Men's Wear,5,26.88,0.0,0.0,Cash,In-Store,Completed
ORD-102561,2024-07-01,West,Washington,WE-04,CUST-00164,Consumer,Beauty & Health,Personal Care,4,91.51,0.1,0.0,Credit Card,In-Store,Completed
ORD-102758,2024-07-01,East,Massachusetts,EA-03,CUST-00029,Home Office,Home Goods,Storage,3,299.0,0.05,0.0,Credit Card,In-Store,Completed
ORD-103312,2024-07-02,Central,Ohio,CE-05,CUST-00990,Consumer,Beauty & Health,Personal Care,5,39.39,0.1,0.0,Debit Card,Online,Completed
ORD-105822,2024-07-02,East,New York,EA-03,CUST-01343,Consumer,Electronics,Cameras,4,565.89,0.05,0.0,Debit Card,Online,Completed
ORD-100009,2024-07-02,East,Massachusetts,EA-03,CUST-01626,Corporate,Apparel,Accessories,3,101.25,0.0,0.0,PayPal,In-Store,Completed
ORD-101150,2024-07-02,South,Florida,SO-01,CUST-00384,Consumer,Home Goods,Decor,2,320.73,0.0,7.99,Credit Card,Online,Completed
ORD-102047,2024-07-02,North,North Dakota,NO-01,CUST-00135,Consumer,Sporting Goods,Fitness Equipment,5,135.74,0.0,0.0,Credit Card,Online,Completed
ORD-101189,2024-07-02,West,Washington,WE-04,CUST-00910,Corporate,Apparel,Accessories,5,57.28,0.0,0.0,Cash,In-Store,Completed
ORD-101649,2024-07-02,South,Florida,SO-02,CUST-01063,Consumer,Electronics,Smart Home,4,294.96,0.0,7.99,Credit Card,Online,Returned
ORD-104665,2024-07-03,North,Minnesota,NO-02,CUST-00737,Consumer,Electronics,Headphones,3,460.48,0.1,7.99,Cash,Online,Completed
ORD-102934,2024-07-03,South,Florida,SO-05,CUST-01503,Consumer,Books,Children's,3,9.12,0.0,4.99,Cash,Online,Completed
ORD-103973,2024-07-03,South,Georgia,SO-05,CUST-00544,Consumer,Electronics,Laptops,3,183.37,0.0,0.0,Debit Card,In-Store,Completed
ORD-101304,2024-07-03,North,Wisconsin,NO-02,CUST-00864,Corporate,Home Goods,Decor,4,147.59,0.0,4.99,Debit Card,Online,Completed
ORD-101540,2024-07-03,West,Washington,WE-03,CUST-00571,Consumer,Home Goods,Furniture,3,375.48,0.2,0.0,Credit Card,In-Store,Completed
ORD-105285,2024-07-03,Central,Ohio,CE-05,CUST-00957,Corporate,Home Goods,Decor,1,226.69,0.0,4.99,Credit Card,Online,Returned
ORD-105912,2024-07-04,Central,Ohio,CE-01,CUST-01278,Consumer,Apparel,Women's Wear,3,52.37,0.0,4.99,Credit Card,Online,Completed
ORD-102142,2024-07-04,South,Florida,SO-05,CUST-00410,Home Office,Home Goods,Bedding,3,196.14,0.0,0.0,PayPal,In-Store,Completed
ORD-105555,2024-07-04,West,California,WE-04,CUST-01744,Consumer,Home Goods,Furniture,4,447.66,0.05,4.99,PayPal,Online,Completed
ORD-105678,2024-07-05,West,California,WE-02,CUST-01404,Corporate,Books,Children's,6,23.22,0.0,0.0,Credit Card,Online,Completed
ORD-100214,2024-07-05,East,New York,EA-03,CUST-00432,Consumer,Apparel,Kids' Wear,2,40.68,0.15,0.0,Credit Card,Online,Completed
ORD-104152,2024-07-05,South,Texas,SO-04,CUST-00171,Consumer,Beauty & Health,Personal Care,2,39.13,0.0,7.99,Credit Card,Online,Completed
ORD-102152,2024-07-05,North,Wisconsin,NO-03,CUST-00765,Consumer,Sporting Goods,Fitness Equipment,5,81.74,0.05,0.0,Credit Card,In-Store,Completed
ORD-102790,2024-07-05,North,North Dakota,NO-03,CUST-01683,Consumer,Electronics,Smartphones,4,579.66,0.0,4.99,PayPal,Online,Completed
ORD-100091,2024-07-06,West,California,WE-05,CUST-01673,Consumer,Electronics,Cameras,3,548.75,0.1,0.0,Debit Card,Online,Completed
ORD-102589,2024-07-06,East,Massachusetts,EA-02,CUST-00656,Corporate,Sporting Goods,Team Sports,3,123.78,0.0,12.99,PayPal,Online,Completed
ORD-102634,2024-07-06,Central,Ohio,CE-04,CUST-00146,Consumer,Electronics,Headphones,2,416.93,0.0,0.0,Debit Card,In-Store,Completed
ORD-102672,2024-07-06,Central,Illinois,CE-03,CUST-01277,Consumer,Home Goods,Decor,2,314.31,0.0,4.99,Credit Card,Online,Completed
ORD-102921,2024-07-06,Central,Missouri,CE-05,CUST-00381,Consumer,Home Goods,Storage,2,422.11,0.05,0.0,Credit Card,In-Store,Completed
ORD-100630,2024-07-06,Central,Missouri,CE-01,CUST-00108,Corporate,Apparel,Women's Wear,1,71.57,0.0,0.0,Credit Card,In-Store,Completed
ORD-103848,2024-07-07,Central,Missouri,CE-02,CUST-00637,Consumer,Apparel,Accessories,4,32.64,0.0,7.99,Credit Card,Online,Completed
ORD-104967,2024-07-07,South,Florida,SO-02,CUST-01476,Consumer,Home Goods,Furniture,4,366.77,0.0,4.99,PayPal,Online,Completed
ORD-102952,2024-07-07,South,Georgia,SO-04,CUST-01428,Consumer,Electronics,Smart Home,1,603.91,0.15,0.0,Credit Card,Online,Completed
ORD-105599,2024-07-07,North,North Dakota,NO-01,CUST-00140,Home Office,Sporting Goods,Footwear,4,119.89,0.0,0.0,PayPal,Online,Completed
ORD-104119,2024-07-07,East,Massachusetts,EA-01,CUST-01065,Consumer,Home Goods,Storage,2,254.1,0.0,0.0,Cash,In-Store,Completed
ORD-100321,2024-07-07,East,New York,EA-02,CUST-00202,Home Office,Electronics,Laptops,4,280.98,0.05,0.0,Debit Card,In-Store,Completed
ORD-101306,2024-07-07,North,Minnesota,NO-02,CUST-00867,Consumer,Books,Comics,1,26.4,0.0,0.0,Cash,In-Store,Completed
ORD-103112,2024-07-07,West,Oregon,WE-05,CUST-00618,Consumer,Beauty & Health,Personal Care,3,34.38,0.25,7.99,PayPal,Online,Completed
ORD-103447,2024-07-07,Central,Illinois,CE-03,CUST-00150,Consumer,Home Goods,Bedding,4,337.78,0.1,0.0,Credit Card,In-Store,Completed
ORD-102943,2024-07-07,East,New York,EA-03,CUST-01630,Consumer,Home Goods,Furniture,4,195.58,0.05,0.0,Credit Card,In-Store,Completed
ORD-102321,2024-07-07,South,Florida,SO-05,CUST-01440,Consumer,Apparel,Women's Wear,2,35.12,0.0,0.0,Credit Card,Online,Completed
ORD-100876,2024-07-08,West,Oregon,WE-05,CUST-01489,Home Office,Home Goods,Furniture,3,221.93,0.0,0.0,Debit Card,In-Store,Cancelled
ORD-101532,2024-07-08,North,Minnesota,NO-02,CUST-00761,Consumer,Electronics,Smart Home,5,196.16,0.15,0.0,Credit Card,Online,Cancelled
ORD-105429,2024-07-08,West,California,WE-04,CUST-00100,Consumer,Books,Educational,1,45.0,0.15,0.0,Cash,In-Store,Completed
ORD-101796,2024-07-08,Central,Illinois,CE-03,CUST-01505,Consumer,Home Goods,Storage,5,266.83,0.05,0.0,PayPal,Online,Completed
ORD-101366,2024-07-08,West,California,WE-05,CUST-01644,Consumer,Electronics,Cameras,3,246.67,0.0,0.0,Credit Card,In-Store,Completed
ORD-103345,2024-07-08,South,Florida,SO-02,CUST-00912,Consumer,Books,Comics,1,18.62,0.0,0.0,PayPal,In-Store,Completed
ORD-103711,2024-07-08,Central,Illinois,CE-02,CUST-00364,Consumer,Apparel,Men's Wear,3,20.69,0.0,0.0,PayPal,Online,Completed
ORD-105925,2024-07-09,South,Florida,SO-05,CUST-00571,Consumer,Beauty & Health,Wellness,4,10.24,0.0,0.0,PayPal,In-Store,Completed
ORD-105244,2024-07-09,South,Florida,SO-04,CUST-00239,Corporate,Home Goods,Bedding,2,104.56,0.0,0.0,Credit Card,Online,Completed
ORD-105203,2024-07-09,Central,Ohio,CE-03,CUST-00397,Corporate,Apparel,Kids' Wear,2,34.17,0.2,12.99,Credit Card,Online,Completed
ORD-104651,2024-07-09,Central,Illinois,CE-03,CUST-00302,Consumer,Books,Fiction,3,36.8,0.1,0.0,Gift Card,In-Store,Completed
ORD-101589,2024-07-09,Central,Ohio,CE-05,CUST-01543,Consumer,Home Goods,Kitchenware,5,227.32,0.1,0.0,PayPal,Online,Completed
ORD-102809,2024-07-10,East,New York,EA-03,CUST-00773,Consumer,Books,Children's,2,14.64,0.0,0.0,Credit Card,Online,Completed
ORD-103218,2024-07-10,North,Minnesota,NO-02,CUST-00971,Corporate,Apparel,Women's Wear,2,41.87,0.2,0.0,Gift Card,In-Store,Completed
ORD-105864,2024-07-10,West,Washington,WE-02,CUST-01421,Consumer,Apparel,Kids' Wear,4,57.56,0.2,7.99,Credit Card,Online,Completed
ORD-101511,2024-07-10,East,New York,EA-01,CUST-01590,Consumer,Apparel,Men's Wear,2,102.9,0.05,0.0,Gift Card,Online,Completed
ORD-105890,2024-07-10,South,Florida,SO-05,CUST-01172,Consumer,Sporting Goods,Team Sports,1,80.26,0.0,0.0,Gift Card,In-Store,Completed
ORD-102988,2024-07-10,East,New Jersey,EA-02,CUST-00374,Consumer,Books,Children's,5,9.44,0.0,4.99,Credit Card,Online,Completed
ORD-104740,2024-07-10,North,Wisconsin,NO-01,CUST-00714,Corporate,Beauty & Health,Haircare,3,33.39,0.0,0.0,Cash,In-Store,Completed
ORD-100966,2024-07-10,Central,Ohio,CE-02,CUST-00189,Home Office,Home Goods,Kitchenware,5,133.53,0.1,0.0,Credit Card,In-Store,Completed
ORD-105394,2024-07-10,East,New York,EA-02,CUST-00761,Consumer,Apparel,Accessories,4,87.48,0.0,0.0,Credit Card,In-Store,Completed
ORD-101331,2024-07-11,West,Oregon,WE-02,CUST-00841,Corporate,Sporting Goods,Team Sports,3,310.23,0.0,7.99,Credit Card,Online,Completed
ORD-105773,2024-07-11,Central,Ohio,CE-01,CUST-00977,Consumer,Home Goods,Storage,6,162.99,0.0,0.0,Credit Card,Online,Completed
ORD-105023,2024-07-11,North,Minnesota,NO-05,CUST-00739,Consumer,Sporting Goods,Fitness Equipment,4,53.83,0.0,0.0,Debit Card,In-Store,Completed
ORD-102134,2024-07-11,South,Florida,SO-01,CUST-00040,Consumer,Apparel,Footwear,8,23.24,0.0,0.0,Debit Card,Online,Completed
ORD-104560,2024-07-11,West,Oregon,WE-04,CUST-00788,Consumer,Apparel,Women's Wear,2,93.63,0.0,4.99,PayPal,Online,Completed
ORD-100778,2024-07-11,Central,Illinois,CE-03,CUST-00148,Home Office,Electronics,Laptops,2,132.49,0.1,4.99,Credit Card,Online,Completed
ORD-105289,2024-07-12,North,Wisconsin,NO-04,CUST-01070,Consumer,Home Goods,Kitchenware,5,151.7,0.0,0.0,Gift Card,In-Store,Completed
ORD-104659,2024-07-12,South,Georgia,SO-02,CUST-00867,Consumer,Apparel,Men's Wear,3,139.54,0.0,7.99,PayPal,Online,Completed
ORD-105771,2024-07-12,North,North Dakota,NO-03,CUST-00307,Consumer,Apparel,Women's Wear,1,38.96,0.0,0.0,Debit Card,In-Store,Completed
ORD-100777,2024-07-13,West,California,WE-04,CUST-00209,Consumer,Apparel,Men's Wear,3,44.4,0.05,0.0,Credit Card,In-Store,Completed
ORD-102045,2024-07-13,North,Minnesota,NO-03,CUST-01585,Consumer,Electronics,Smart Home,1,398.12,0.15,0.0,Debit Card,Online,Completed
ORD-102519,2024-07-13,South,Florida,SO-05,CUST-01753,Corporate,Apparel,Kids' Wear,3,51.07,0.05,0.0,PayPal,In-Store,Completed
ORD-101915,2024-07-13,South,Texas,SO-05,CUST-01751,Corporate,Sporting Goods,Outdoor Gear,2,271.63,0.15,7.99,Debit Card,Online,Completed
ORD-102473,2024-07-13,South,Georgia,SO-04,CUST-01250,Corporate,Books,Children's,3,31.02,0.0,4.99,Debit Card,Online,Returned
ORD-100890,2024-07-13,Central,Illinois,CE-01,CUST-00020,Corporate,Books,Fiction,4,21.08,0.05,4.99,PayPal,Online,Completed
ORD-104316,2024-07-13,East,Massachusetts,EA-03,CUST-01308,Consumer,Beauty & Health,Skincare,3,41.19,0.1,0.0,Credit Card,Online,Completed
ORD-103310,2024-07-13,Central,Ohio,CE-05,CUST-00365,Consumer,Electronics,Smartphones,3,1183.76,0.0,0.0,Debit Card,In-Store,Completed
ORD-100235,2024-07-13,West,Washington,WE-01,CUST-01774,Consumer,Home Goods,Storage,4,203.2,0.0,0.0,PayPal,In-Store,Returned
ORD-101594,2024-07-14,East,Massachusetts,EA-05,CUST-00247,Corporate,Home Goods,Kitchenware,8,288.47,0.05,4.99,Gift Card,Online,Completed
ORD-103106,2024-07-14,North,Minnesota,NO-02,CUST-00716,Corporate,Sporting Goods,Fitness Equipment,2,112.88,0.05,0.0,Debit Card,In-Store,Returned
ORD-102354,2024-07-14,West,California,WE-01,CUST-00065,Corporate,Home Goods,Furniture,5,106.69,0.0,7.99,PayPal,Online,Completed
ORD-103272,2024-07-14,West,California,WE-01,CUST-00592,Consumer,Home Goods,Kitchenware,3,263.53,0.15,0.0,PayPal,In-Store,Returned
ORD-104732,2024-07-14,North,Minnesota,NO-01,CUST-00607,Corporate,Apparel,Footwear,2,117.51,0.0,0.0,Cash,Online,Returned
ORD-101130,2024-07-14,Central,Illinois,CE-04,CUST-00535,Consumer,Books,Comics,1,45.0,0.0,4.99,Credit Card,Online,Completed
ORD-101353,2024-07-15,West,Oregon,WE-04,CUST-00721,Home Office,Electronics,Cameras,4,436.15,0.15,4.99,Credit Card,Online,Completed
ORD-101037,2024-07-15,Central,Ohio,CE-03,CUST-00924,Corporate,Sporting Goods,Footwear,4,142.29,0.0,0.0,Debit Card,In-Store,Completed
ORD-104672,2024-07-15,West,California,WE-03,CUST-00702,Consumer,Apparel,Women's Wear,2,38.25,0.25,0.0,Debit Card,In-Store,Completed
ORD-105567,2024-07-15,West,Oregon,WE-05,CUST-00792,Corporate,Home Goods,Bedding,3,594.71,0.0,0.0,Credit Card,In-Store,Completed
ORD-103565,2024-07-15,West,California,WE-05,CUST-00234,Consumer,Apparel,Men's Wear,4,96.94,0.25,0.0,Debit Card,In-Store,Completed
ORD-103672,2024-07-15,East,Massachusetts,EA-03,CUST-00792,Corporate,Beauty & Health,Wellness,1,25.22,0.0,4.99,Credit Card,Online,Completed
ORD-101869,2024-07-16,West,California,WE-02,CUST-01626,Corporate,Books,Comics,2,12.82,0.0,4.99,Credit Card,Online,Completed
ORD-105028,2024-07-16,South,Texas,SO-01,CUST-01552,Consumer,Books,Non-Fiction,1,19.3,0.25,7.99,Credit Card,Online,Completed
ORD-100196,2024-07-16,West,California,WE-02,CUST-01664,Home Office,Home Goods,Furniture,6,388.37,0.05,0.0,PayPal,In-Store,Completed
ORD-101888,2024-07-16,North,Wisconsin,NO-03,CUST-01551,Home Office,Home Goods,Decor,7,460.98,0.0,0.0,Credit Card,In-Store,Completed
ORD-100509,2024-07-16,Central,Ohio,CE-03,CUST-01070,Consumer,Apparel,Women's Wear,3,58.29,0.15,0.0,Debit Card,In-Store,Completed
ORD-102214,2024-07-16,East,Massachusetts,EA-05,CUST-00556,Corporate,Beauty & Health,Personal Care,6,52.65,0.0,0.0,Debit Card,In-Store,Completed
ORD-100304,2024-07-16,Central,Ohio,CE-02,CUST-00256,Corporate,Home Goods,Kitchenware,2,330.78,0.0,0.0,PayPal,In-Store,Completed
ORD-105483,2024-07-17,West,Oregon,WE-04,CUST-00808,Home Office,Home Goods,Bedding,5,173.82,0.1,0.0,Credit Card,In-Store,Completed
ORD-102966,2024-07-17,South,Texas,SO-05,CUST-00219,Home Office,Home Goods,Bedding,4,394.27,0.1,0.0,Cash,Online,Completed
ORD-101986,2024-07-17,North,Minnesota,NO-05,CUST-00941,Consumer,Books,Fiction,3,12.02,0.0,4.99,Credit Card,Online,Completed
ORD-101343,2024-07-17,North,North Dakota,NO-01,CUST-00459,Consumer,Electronics,Smart Home,1,430.73,0.15,0.0,Credit Card,Online,Completed
ORD-105038,2024-07-17,Central,Missouri,CE-02,CUST-01556,Corporate,Sporting Goods,Team Sports,3,61.72,0.0,7.99,Gift Card,Online,Completed
ORD-104423,2024-07-18,West,Oregon,WE-05,CUST-01177,Corporate,Apparel,Women's Wear,3,47.47,0.0,0.0,Cash,Online,Cancelled
ORD-103916,2024-07-18,West,Oregon,WE-03,CUST-00569,Home Office,Electronics,Cameras,3,459.69,0.25,0.0,Credit Card,Online,Completed
ORD-102369,2024-07-18,Central,Illinois,CE-01,CUST-01119,Consumer,Home Goods,Storage,3,316.81,0.25,7.99,Credit Card,Online,Completed
ORD-102956,2024-07-18,Central,Missouri,CE-02,CUST-01012,Consumer,Apparel,Footwear,5,22.53,0.1,0.0,Credit Card,Online,Completed
ORD-100159,2024-07-18,South,Texas,SO-05,CUST-00213,Consumer,Sporting Goods,Team Sports,5,165.68,0.15,0.0,Cash,Online,Completed
ORD-100984,2024-07-18,East,New Jersey,EA-04,CUST-00430,Corporate,Apparel,Men's Wear,7,32.2,0.0,0.0,Cash,In-Store,Completed
ORD-104986,2024-07-18,South,Georgia,SO-01,CUST-00387,Corporate,Home Goods,Bedding,6,297.61,0.1,0.0,Credit Card,In-Store,Completed
ORD-101859,2024-07-18,North,North Dakota,NO-01,CUST-00716,Corporate,Books,Children's,4,12.22,0.05,0.0,Credit Card,In-Store,Completed
ORD-104136,2024-07-18,Central,Ohio,CE-01,CUST-01318,Home Office,Electronics,Smartphones,5,428.34,0.05,0.0,Credit Card,In-Store,Completed
ORD-104148,2024-07-18,East,Massachusetts,EA-03,CUST-01077,Consumer,Electronics,Smartphones,3,471.57,0.0,12.99,Credit Card,Online,Completed
ORD-102826,2024-07-18,South,Texas,SO-02,CUST-01107,Consumer,Electronics,Headphones,5,482.91,0.0,4.99,PayPal,Online,Completed
ORD-100075,2024-07-18,Central,Illinois,CE-02,CUST-00747,Consumer,Apparel,Kids' Wear,3,39.15,0.0,0.0,Credit Card,In-Store,Completed
ORD-104589,2024-07-19,East,New York,EA-04,CUST-01352,Consumer,Apparel,Women's Wear,2,37.96,0.25,0.0,Credit Card,Online,Completed
ORD-101989,2024-07-19,West,Oregon,WE-01,CUST-01690,Consumer,Electronics,Headphones,4,906.89,0.05,7.99,Gift Card,Online,Completed
ORD-104225,2024-07-19,South,Texas,SO-01,CUST-00948,Corporate,Electronics,Laptops,2,552.34,0.05,0.0,Credit Card,In-Store,Completed
ORD-102912,2024-07-19,West,California,WE-05,CUST-00240,Consumer,Apparel,Women's Wear,1,92.88,0.25,0.0,PayPal,Online,Completed
ORD-104193,2024-07-19,North,Minnesota,NO-03,CUST-00097,Consumer,Apparel,Men's Wear,3,67.44,0.0,0.0,Debit Card,In-Store,Completed
ORD-100086,2024-07-19,North,North Dakota,NO-01,CUST-01390,Home Office,Home Goods,Decor,2,224.22,0.0,4.99,Debit Card,Online,Completed
ORD-102026,2024-07-20,Central,Missouri,CE-02,CUST-00208,Consumer,Apparel,Women's Wear,3,33.34,0.1,0.0,Credit Card,In-Store,Returned
ORD-101317,2024-07-20,West,California,WE-03,CUST-01739,Consumer,Electronics,Smart Home,2,466.26,0.0,0.0,Gift Card,In-Store,Completed
ORD-101619,2024-07-20,East,Massachusetts,EA-01,CUST-00631,Corporate,Apparel,Kids' Wear,2,55.09,0.05,0.0,Credit Card,In-Store,Completed
ORD-105823,2024-07-20,South,Georgia,SO-02,CUST-01605,Corporate,Apparel,Footwear,1,47.92,0.0,0.0,Cash,Online,Completed
ORD-103894,2024-07-20,East,New Jersey,EA-05,CUST-01083,Consumer,Electronics,Cameras,3,582.24,0.0,0.0,Credit Card,Online,Completed
ORD-104988,2024-07-20,South,Texas,SO-03,CUST-00767,Consumer,Apparel,Women's Wear,3,21.48,0.0,0.0,Debit Card,Online,Completed
ORD-100719,2024-07-20,South,Florida,SO-02,CUST-00144,Corporate,Apparel,Women's Wear,4,54.21,0.25,0.0,Debit Card,In-Store,Completed
ORD-104449,2024-07-20,South,Georgia,SO-05,CUST-00549,Corporate,Home Goods,Furniture,4,401.14,0.0,0.0,Credit Card,In-Store,Completed
ORD-103881,2024-07-20,East,New Jersey,EA-04,CUST-01571,Corporate,Home Goods,Bedding,4,257.37,0.1,4.99,Debit Card,Online,Completed
ORD-102137,2024-07-20,West,Washington,WE-02,CUST-01061,Consumer,Electronics,Smart Home,1,164.4,0.1,0.0,Credit Card,In-Store,Completed
ORD-103124,2024-07-21,West,California,WE-05,CUST-01241,Consumer,Apparel,Women's Wear,3,26.98,0.0,4.99,PayPal,Online,Cancelled
ORD-105866,2024-07-21,West,Oregon,WE-02,CUST-00754,Corporate,Apparel,Footwear,5,46.14,0.1,0.0,Credit Card,In-Store,Completed
ORD-103016,2024-07-21,South,Texas,SO-05,CUST-01161,Consumer,Electronics,Laptops,4,180.88,0.15,0.0,Credit Card,Online,Completed
ORD-105935,2024-07-21,Central,Ohio,CE-04,CUST-01705,Consumer,Apparel,Accessories,4,27.29,0.25,7.99,PayPal,Online,Completed
ORD-100972,2024-07-21,West,California,WE-04,CUST-00256,Consumer,Electronics,Laptops,3,897.29,0.0,7.99,Gift Card,Online,Completed
ORD-101364,2024-07-21,West,Washington,WE-01,CUST-01243,Corporate,Apparel,Men's Wear,1,96.06,0.1,0.0,Credit Card,In-Store,Completed
ORD-103773,2024-07-21,East,Massachusetts,EA-05,CUST-00095,Home Office,Home Goods,Storage,6,328.97,0.0,0.0,Credit Card,In-Store,Cancelled
ORD-105350,2024-07-21,South,Florida,SO-02,CUST-00821,Corporate,Apparel,Accessories,3,48.14,0.05,4.99,Debit Card,Online,Completed
ORD-101895,2024-07-21,North,Minnesota,NO-05,CUST-01530,Consumer,Books,Children's,2,18.58,0.05,0.0,PayPal,In-Store,Completed
ORD-103219,2024-07-21,West,Washington,WE-02,CUST-00714,Home Office,Electronics,Headphones,5,420.29,0.0,0.0,Credit Card,In-Store,Completed
ORD-101003,2024-07-21,East,New York,EA-01,CUST-00413,Consumer,Electronics,Smart Home,4,489.63,0.15,0.0,Cash,Online,Completed
ORD-100002,2024-07-21,South,Florida,SO-03,CUST-01024,Corporate,Electronics,Smart Home,2,303.88,0.1,0.0,Credit Card,Online,Completed
ORD-101874,2024-07-21,North,North Dakota,NO-03,CUST-00360,Corporate,Books,Comics,3,12.78,0.0,0.0,Credit Card,In-Store,Completed
ORD-104281,2024-07-22,Central,Missouri,CE-01,CUST-01292,Corporate,Apparel,Accessories,3,44.49,0.0,7.99,Debit Card,Online,Completed
ORD-102973,2024-07-22,West,Oregon,WE-01,CUST-01039,Consumer,Electronics,Headphones,4,357.67,0.1,4.99,Debit Card,Online,Completed
ORD-104090,2024-07-22,Central,Ohio,CE-02,CUST-01608,Corporate,Electronics,Smartphones,7,156.79,0.0,0.0,Debit Card,In-Store,Completed
ORD-101741,2024-07-22,East,New Jersey,EA-03,CUST-01177,Corporate,Beauty & Health,Skincare,6,23.64,0.05,0.0,Credit Card,In-Store,Completed
ORD-103761,2024-07-23,North,Wisconsin,NO-01,CUST-00853,Consumer,Apparel,Women's Wear,5,58.59,0.2,12.99,Debit Card,Online,Returned
ORD-104506,2024-07-23,South,Georgia,SO-01,CUST-01625,Consumer,Sporting Goods,Outdoor Gear,5,123.87,0.2,4.99,Credit Card,Online,Completed
ORD-100384,2024-07-23,East,New York,EA-05,CUST-00989,Consumer,Home Goods,Storage,2,131.43,0.05,7.99,Gift Card,Online,Completed
ORD-105647,2024-07-23,Central,Ohio,CE-04,CUST-00188,Corporate,Books,Non-Fiction,3,30.04,0.0,0.0,PayPal,Online,Completed
ORD-104494,2024-07-23,South,Georgia,SO-04,CUST-01702,Corporate,Books,Fiction,2,16.03,0.15,4.99,Credit Card,Online,Completed
ORD-101953,2024-07-23,West,Washington,WE-03,CUST-00280,Corporate,Electronics,Cameras,2,245.28,0.05,7.99,PayPal,Online,Completed
ORD-105847,2024-07-24,East,New Jersey,EA-02,CUST-01021,Corporate,Sporting Goods,Fitness Equipment,2,261.26,0.15,0.0,PayPal,In-Store,Completed
ORD-101572,2024-07-24,Central,Ohio,CE-01,CUST-01079,Consumer,Home Goods,Storage,3,510.94,0.25,0.0,Credit Card,Online,Completed
ORD-100805,2024-07-24,North,Minnesota,NO-01,CUST-00033,Consumer,Apparel,Footwear,2,91.9,0.05,0.0,Debit Card,In-Store,Completed
ORD-105412,2024-07-24,North,Minnesota,NO-03,CUST-00546,Consumer,Apparel,Men's Wear,4,40.29,0.05,7.99,Credit Card,Online,Completed
ORD-103080,2024-07-24,East,New Jersey,EA-04,CUST-01187,Consumer,Apparel,Kids' Wear,4,52.07,0.0,7.99,Credit Card,Online,Completed
ORD-105557,2024-07-24,West,Washington,WE-05,CUST-00587,Consumer,Electronics,Smart Home,2,681.64,0.0,7.99,Debit Card,Online,Completed
ORD-101403,2024-07-24,North,Minnesota,NO-01,CUST-00847,Corporate,Apparel,Women's Wear,3,44.67,0.1,4.99,PayPal,Online,Completed
ORD-101801,2024-07-25,Central,Ohio,CE-01,CUST-01249,Consumer,Electronics,Laptops,2,1090.32,0.0,4.99,Debit Card,Online,Completed
ORD-100959,2024-07-25,North,Wisconsin,NO-01,CUST-01286,Consumer,Home Goods,Kitchenware,5,366.87,0.0,0.0,Gift Card,Online,Completed
ORD-101766,2024-07-25,North,Wisconsin,NO-02,CUST-00472,Corporate,Beauty & Health,Skincare,4,120.0,0.0,0.0,Credit Card,Online,Completed
ORD-100828,2024-07-25,South,Florida,SO-05,CUST-00797,Corporate,Apparel,Kids' Wear,3,25.51,0.25,7.99,Credit Card,Online,Completed
ORD-102534,2024-07-25,East,New Jersey,EA-02,CUST-00855,Home Office,Home Goods,Bedding,5,332.8,0.0,7.99,Credit Card,Online,Completed
ORD-103137,2024-07-25,North,North Dakota,NO-04,CUST-01644,Consumer,Apparel,Men's Wear,2,70.19,0.0,0.0,Gift Card,In-Store,Completed
ORD-105064,2024-07-25,South,Georgia,SO-02,CUST-00186,Corporate,Electronics,Laptops,2,409.04,0.0,7.99,Debit Card,Online,Completed
ORD-101065,2024-07-25,Central,Missouri,CE-03,CUST-00362,Consumer,Electronics,Smartphones,5,534.66,0.0,7.99,Debit Card,Online,Completed
ORD-103044,2024-07-25,West,Washington,WE-04,CUST-01282,Consumer,Books,Educational,3,12.61,0.15,4.99,PayPal,Online,Completed
ORD-103499,2024-07-25,South,Florida,SO-05,CUST-01030,Consumer,Electronics,Laptops,2,504.32,0.0,0.0,Debit Card,In-Store,Completed
ORD-104028,2024-07-25,West,Oregon,WE-03,CUST-00726,Consumer,Sporting Goods,Outdoor Gear,2,395.62,0.1,0.0,Credit Card,In-Store,Completed
ORD-101791,2024-07-25,North,North Dakota,NO-05,CUST-01203,Home Office,Electronics,Cameras,4,536.15,0.0,4.99,Debit Card,Online,Returned
ORD-104921,2024-07-25,Central,Ohio,CE-05,CUST-00533,Home Office,Electronics,Smartphones,5,333.06,0.25,0.0,Debit Card,In-Store,Completed
ORD-105765,2024-07-25,Central,Ohio,CE-03,CUST-00679,Consumer,Apparel,Accessories,3,77.54,0.15,0.0,Gift Card,Online,Completed
ORD-100325,2024-07-25,Central,Ohio,CE-04,CUST-01267,Corporate,Apparel,Footwear,2,59.89,0.0,0.0,Cash,Online,Cancelled
ORD-101471,2024-07-26,East,Massachusetts,EA-01,CUST-01569,Corporate,Apparel,Footwear,2,30.75,0.0,0.0,Debit Card,In-Store,Completed
ORD-103793,2024-07-26,South,Texas,SO-03,CUST-00685,Home Office,Apparel,Kids' Wear,6,69.63,0.15,4.99,Credit Card,Online,Completed
ORD-103706,2024-07-26,North,North Dakota,NO-02,CUST-00775,Consumer,Sporting Goods,Outdoor Gear,2,68.87,0.0,0.0,PayPal,In-Store,Completed
ORD-103116,2024-07-26,West,Oregon,WE-04,CUST-01154,Consumer,Electronics,Smart Home,3,749.89,0.0,0.0,Gift Card,In-Store,Completed
ORD-102668,2024-07-26,West,California,WE-03,CUST-01348,Consumer,Sporting Goods,Outdoor Gear,4,206.91,0.0,4.99,PayPal,Online,Returned
ORD-105196,2024-07-26,North,Minnesota,NO-05,CUST-00935,Consumer,Home Goods,Storage,3,408.59,0.0,0.0,Credit Card,In-Store,Completed
ORD-105435,2024-07-27,West,California,WE-02,CUST-01464,Consumer,Sporting Goods,Footwear,1,86.52,0.0,0.0,PayPal,In-Store,Completed
ORD-102536,2024-07-27,East,New York,EA-02,CUST-00169,Consumer,Books,Children's,3,30.2,0.0,12.99,Debit Card,Online,Completed
ORD-102204,2024-07-27,South,Florida,SO-02,CUST-00996,Consumer,Apparel,Men's Wear,4,150.0,0.05,0.0,Debit Card,Online,Completed
ORD-105071,2024-07-27,South,Texas,SO-03,CUST-00465,Consumer,Apparel,Women's Wear,8,72.32,0.05,0.0,Credit Card,Online,Completed
ORD-100265,2024-07-27,North,Minnesota,NO-02,CUST-01175,Corporate,Home Goods,Bedding,2,208.31,0.25,0.0,PayPal,In-Store,Completed
ORD-104831,2024-07-27,South,Florida,SO-02,CUST-00251,Consumer,Apparel,Kids' Wear,2,47.54,0.0,0.0,Credit Card,Online,Completed
ORD-105650,2024-07-28,West,Oregon,WE-04,CUST-01045,Consumer,Sporting Goods,Cycling,2,203.86,0.0,0.0,PayPal,Online,Completed
ORD-102613,2024-07-28,Central,Illinois,CE-04,CUST-01477,Consumer,Apparel,Footwear,4,32.26,0.0,7.99,Credit Card,Online,Completed
ORD-104645,2024-07-28,West,Oregon,WE-05,CUST-00979,Consumer,Sporting Goods,Footwear,3,59.7,0.0,0.0,Credit Card,Online,Completed
ORD-103578,2024-07-28,North,North Dakota,NO-03,CUST-01550,Corporate,Apparel,Women's Wear,7,52.84,0.0,0.0,Debit Card,Online,Completed
ORD-104728,2024-07-28,West,California,WE-03,CUST-01141,Consumer,Sporting Goods,Footwear,5,175.29,0.0,7.99,Credit Card,Online,Completed
ORD-104485,2024-07-28,North,North Dakota,NO-02,CUST-00725,Consumer,Home Goods,Furniture,3,225.78,0.15,4.99,Credit Card,Online,Completed
ORD-104947,2024-07-28,East,New York,EA-04,CUST-00016,Corporate,Sporting Goods,Cycling,4,230.45,0.2,0.0,Credit Card,In-Store,Completed
ORD-102916,2024-07-28,North,North Dakota,NO-03,CUST-01049,Corporate,Books,Children's,3,16.93,0.05,12.99,Credit Card,Online,Returned
ORD-100723,2024-07-28,West,Washington,WE-03,CUST-01782,Corporate,Apparel,Women's Wear,4,150.0,0.0,0.0,Debit Card,Online,Completed
ORD-104908,2024-07-28,West,Washington,WE-05,CUST-01138,Consumer,Sporting Goods,Cycling,5,322.93,0.0,0.0,PayPal,In-Store,Completed
ORD-103331,2024-07-28,West,Oregon,WE-05,CUST-00604,Consumer,Books,Non-Fiction,3,25.42,0.0,0.0,Gift Card,In-Store,Completed
ORD-105217,2024-07-29,West,California,WE-05,CUST-00631,Consumer,Home Goods,Furniture,3,229.4,0.15,0.0,Debit Card,In-Store,Completed
ORD-101344,2024-07-29,West,California,WE-02,CUST-00367,Corporate,Beauty & Health,Skincare,3,48.89,0.0,0.0,Debit Card,In-Store,Completed
ORD-102230,2024-07-29,North,Minnesota,NO-05,CUST-00139,Home Office,Home Goods,Bedding,5,198.49,0.2,0.0,Credit Card,In-Store,Completed
ORD-103136,2024-07-29,West,California,WE-04,CUST-00503,Corporate,Home Goods,Furniture,4,216.28,0.05,0.0,Credit Card,In-Store,Completed
ORD-101163,2024-07-29,South,Texas,SO-01,CUST-00732,Consumer,Electronics,Smartphones,6,286.9,0.0,0.0,PayPal,In-Store,Completed
ORD-100763,2024-07-30,North,Minnesota,NO-01,CUST-00639,Consumer,Books,Non-Fiction,3,36.83,0.1,0.0,PayPal,Online,Completed
ORD-104928,2024-07-30,Central,Missouri,CE-01,CUST-00656,Consumer,Home Goods,Bedding,6,360.36,0.0,0.0,PayPal,Online,Completed
ORD-102276,2024-07-30,South,Texas,SO-03,CUST-01607,Home Office,Apparel,Men's Wear,3,52.12,0.15,0.0,Gift Card,Online,Completed
ORD-104596,2024-07-31,East,New York,EA-02,CUST-01432,Corporate,Electronics,Smartphones,3,92.99,0.0,0.0,Credit Card,Online,Completed
ORD-100653,2024-07-31,North,North Dakota,NO-01,CUST-00277,Consumer,Home Goods,Furniture,3,168.36,0.0,0.0,PayPal,In-Store,Completed
ORD-101904,2024-07-31,West,Washington,WE-04,CUST-01432,Consumer,Home Goods,Bedding,3,289.98,0.15,0.0,Debit Card,In-Store,Completed
ORD-104083,2024-08-01,North,Wisconsin,NO-04,CUST-01173,Consumer,Apparel,Kids' Wear,3,27.47,0.05,0.0,Credit Card,Online,Completed
ORD-100462,2024-08-01,West,Washington,WE-03,CUST-01502,Consumer,Sporting Goods,Team Sports,5,95.11,0.0,0.0,Gift Card,Online,Completed
ORD-100217,2024-08-01,Central,Ohio,CE-03,CUST-00851,Corporate,Home Goods,Bedding,2,259.2,0.05,0.0,Debit Card,Online,Completed
ORD-100742,2024-08-02,East,New Jersey,EA-04,CUST-01028,Consumer,Home Goods,Furniture,6,437.28,0.1,0.0,Credit Card,Online,Returned
ORD-103207,2024-08-02,Central,Missouri,CE-01,CUST-01774,Consumer,Apparel,Footwear,4,37.37,0.15,0.0,Gift Card,In-Store,Completed
ORD-100619,2024-08-02,West,California,WE-05,CUST-01406,Consumer,Electronics,Laptops,3,348.77,0.0,0.0,PayPal,In-Store,Completed
ORD-102730,2024-08-02,South,Georgia,SO-02,CUST-01731,Home Office,Apparel,Men's Wear,3,54.64,0.05,0.0,Cash,Online,Completed
ORD-103101,2024-08-02,South,Florida,SO-03,CUST-00478,Consumer,Home Goods,Kitchenware,3,274.15,0.0,12.99,Cash,Online,Completed
ORD-105669,2024-08-02,North,Wisconsin,NO-02,CUST-00515,Consumer,Books,Children's,3,32.73,0.0,0.0,Gift Card,Online,Completed
ORD-100627,2024-08-02,West,California,WE-03,CUST-01135,Home Office,Beauty & Health,Personal Care,2,88.36,0.05,0.0,Credit Card,In-Store,Cancelled
ORD-103404,2024-08-02,West,Washington,WE-03,CUST-00014,Corporate,Books,Non-Fiction,3,17.29,0.0,0.0,Gift Card,In-Store,Returned
ORD-101833,2024-08-02,South,Texas,SO-05,CUST-01513,Consumer,Apparel,Accessories,3,48.02,0.0,4.99,Credit Card,Online,Completed
ORD-100851,2024-08-03,North,North Dakota,NO-01,CUST-01443,Consumer,Apparel,Accessories,9,35.09,0.2,4.99,Credit Card,Online,Completed
ORD-104963,2024-08-03,West,California,WE-03,CUST-00838,Corporate,Home Goods,Decor,2,210.79,0.05,0.0,Debit Card,Online,Returned
ORD-103335,2024-08-03,South,Florida,SO-02,CUST-01762,Consumer,Beauty & Health,Haircare,2,86.17,0.0,4.99,Credit Card,Online,Completed
ORD-102159,2024-08-03,East,New Jersey,EA-01,CUST-00913,Consumer,Beauty & Health,Makeup,4,50.73,0.0,4.99,Credit Card,Online,Completed
ORD-104959,2024-08-03,East,New York,EA-05,CUST-01187,Consumer,Electronics,Smart Home,6,285.06,0.0,0.0,PayPal,In-Store,Completed
ORD-101198,2024-08-03,East,Massachusetts,EA-02,CUST-00753,Corporate,Apparel,Kids' Wear,3,62.84,0.15,4.99,Debit Card,Online,Completed
ORD-102602,2024-08-03,West,California,WE-05,CUST-01164,Consumer,Electronics,Smart Home,3,417.42,0.15,0.0,Credit Card,In-Store,Cancelled
ORD-104526,2024-08-03,West,California,WE-04,CUST-00702,Consumer,Apparel,Women's Wear,5,59.53,0.0,0.0,Credit Card,In-Store,Completed
ORD-104955,2024-08-03,West,Oregon,WE-05,CUST-00479,Consumer,Beauty & Health,Personal Care,3,62.2,0.1,4.99,Debit Card,Online,Completed
ORD-101994,2024-08-04,West,Washington,WE-02,CUST-00519,Corporate,Home Goods,Furniture,4,205.5,0.0,0.0,PayPal,Online,Completed
ORD-104604,2024-08-04,North,Minnesota,NO-05,CUST-01034,Corporate,Electronics,Smartphones,5,686.5,0.0,0.0,Credit Card,In-Store,Completed
ORD-100398,2024-08-04,North,Wisconsin,NO-01,CUST-00785,Consumer,Home Goods,Decor,2,202.27,0.05,0.0,Credit Card,In-Store,Completed
ORD-100388,2024-08-04,South,Texas,SO-05,CUST-00466,Consumer,Apparel,Accessories,2,60.28,0.0,0.0,Gift Card,In-Store,Completed
ORD-105184,2024-08-04,Central,Ohio,CE-01,CUST-00880,Consumer,Home Goods,Furniture,1,251.74,0.0,0.0,PayPal,Online,Completed
ORD-103032,2024-08-04,West,Oregon,WE-01,CUST-00872,Corporate,Electronics,Smart Home,2,488.1,0.0,4.99,Debit Card,Online,Completed
ORD-103737,2024-08-04,Central,Ohio,CE-02,CUST-00968,Home Office,Sporting Goods,Footwear,4,219.48,0.05,0.0,PayPal,In-Store,Completed
ORD-103680,2024-08-04,Central,Ohio,CE-01,CUST-00372,Consumer,Apparel,Men's Wear,4,16.52,0.0,4.99,Credit Card,Online,Completed
ORD-102340,2024-08-04,East,Massachusetts,EA-02,CUST-01737,Home Office,Apparel,Kids' Wear,3,150.0,0.0,0.0,Cash,Online,Returned
ORD-103630,2024-08-04,West,Oregon,WE-03,CUST-01381,Consumer,Apparel,Men's Wear,3,32.04,0.0,0.0,Credit Card,In-Store,Completed
ORD-104638,2024-08-05,North,Minnesota,NO-02,CUST-01227,Consumer,Apparel,Men's Wear,1,91.79,0.25,7.99,Cash,Online,Completed
ORD-103325,2024-08-05,Central,Ohio,CE-01,CUST-01579,Consumer,Apparel,Accessories,6,43.68,0.0,12.99,Credit Card,Online,Completed
ORD-105491,2024-08-05,West,Oregon,WE-05,CUST-01489,Corporate,Apparel,Men's Wear,7,59.98,0.2,0.0,PayPal,In-Store,Completed
ORD-100419,2024-08-05,Central,Illinois,CE-02,CUST-00515,Home Office,Home Goods,Furniture,5,344.66,0.2,0.0,PayPal,In-Store,Completed
ORD-103992,2024-08-05,North,Minnesota,NO-03,CUST-01210,Consumer,Home Goods,Bedding,2,375.8,0.0,0.0,Cash,In-Store,Returned
ORD-103890,2024-08-05,South,Georgia,SO-02,CUST-00815,Consumer,Electronics,Laptops,3,526.85,0.0,0.0,Credit Card,Online,Completed
ORD-104713,2024-08-05,Central,Missouri,CE-03,CUST-01051,Consumer,Home Goods,Decor,2,250.42,0.0,7.99,Cash,Online,Completed
ORD-101155,2024-08-05,South,Texas,SO-04,CUST-00601,Consumer,Books,Fiction,4,16.67,0.0,0.0,Debit Card,In-Store,Completed
ORD-104190,2024-08-06,East,New York,EA-02,CUST-00870,Consumer,Apparel,Women's Wear,2,42.2,0.1,0.0,Gift Card,Online,Completed
ORD-103738,2024-08-06,South,Georgia,SO-03,CUST-01542,Consumer,Apparel,Women's Wear,3,70.67,0.0,0.0,Debit Card,Online,Completed
ORD-102841,2024-08-06,South,Georgia,SO-05,CUST-01474,Home Office,Apparel,Women's Wear,2,54.83,0.2,12.99,Credit Card,Online,Completed
ORD-102928,2024-08-06,East,New Jersey,EA-04,CUST-01466,Consumer,Electronics,Smart Home,4,286.04,0.0,7.99,Credit Card,Online,Completed
ORD-102538,2024-08-06,West,Oregon,WE-01,CUST-01181,Home Office,Books,Comics,3,14.73,0.2,0.0,Credit Card,In-Store,Completed
ORD-100447,2024-08-06,North,Wisconsin,NO-02,CUST-00875,Consumer,Sporting Goods,Cycling,3,191.22,0.0,0.0,Credit Card,In-Store,Completed
ORD-102210,2024-08-06,North,Wisconsin,NO-02,CUST-00035,Consumer,Apparel,Footwear,4,136.75,0.0,0.0,Gift Card,In-Store,Completed
ORD-104302,2024-08-07,North,Wisconsin,NO-01,CUST-00199,Corporate,Home Goods,Kitchenware,2,661.09,0.05,12.99,Credit Card,Online,Completed
ORD-104762,2024-08-07,East,New York,EA-04,CUST-00015,Home Office,Electronics,Laptops,3,388.43,0.0,4.99,Cash,Online,Completed
ORD-101645,2024-08-07,South,Florida,SO-02,CUST-01078,Home Office,Electronics,Smart Home,4,567.22,0.0,0.0,Credit Card,Online,Completed
ORD-105694,2024-08-07,North,Wisconsin,NO-04,CUST-01016,Corporate,Electronics,Laptops,4,374.61,0.05,4.99,Debit Card,Online,Completed
ORD-101856,2024-08-07,Central,Illinois,CE-01,CUST-01547,Consumer,Electronics,Headphones,4,855.83,0.0,7.99,PayPal,Online,Completed
ORD-100399,2024-08-07,Central,Illinois,CE-04,CUST-00989,Home Office,Electronics,Cameras,6,481.84,0.0,0.0,PayPal,In-Store,Completed
ORD-100558,2024-08-07,Central,Missouri,CE-03,CUST-00007,Corporate,Apparel,Footwear,2,59.37,0.0,0.0,PayPal,Online,Completed
ORD-100107,2024-08-07,North,Wisconsin,NO-02,CUST-00690,Consumer,Beauty & Health,Personal Care,3,22.85,0.25,4.99,Cash,Online,Completed
ORD-103432,2024-08-08,North,North Dakota,NO-04,CUST-01794,Corporate,Electronics,Headphones,5,743.81,0.0,0.0,Debit Card,Online,Completed
ORD-102422,2024-08-08,East,New York,EA-01,CUST-00060,Home Office,Beauty & Health,Skincare,3,66.31,0.0,12.99,Debit Card,Online,Completed
ORD-104242,2024-08-08,East,New Jersey,EA-01,CUST-01720,Consumer,Apparel,Kids' Wear,5,98.75,0.05,4.99,Debit Card,Online,Completed
ORD-105630,2024-08-08,North,Minnesota,NO-05,CUST-00113,Corporate,Beauty & Health,Skincare,1,80.11,0.0,0.0,Credit Card,In-Store,Completed
ORD-101630,2024-08-08,North,Wisconsin,NO-04,CUST-01731,Home Office,Home Goods,Kitchenware,3,196.64,0.0,12.99,Gift Card,Online,Returned
ORD-105157,2024-08-08,South,Texas,SO-05,CUST-01403,Consumer,Home Goods,Furniture,2,208.97,0.0,0.0,Cash,In-Store,Completed
ORD-102070,2024-08-08,Central,Illinois,CE-04,CUST-01071,Consumer,Home Goods,Decor,4,228.99,0.0,4.99,Debit Card,Online,Returned
ORD-105213,2024-08-08,South,Texas,SO-05,CUST-01187,Home Office,Electronics,Headphones,3,181.71,0.0,4.99,Credit Card,Online,Completed
ORD-104573,2024-08-09,North,Minnesota,NO-01,CUST-00049,Consumer,Home Goods,Bedding,2,290.63,0.0,0.0,Credit Card,Online,Completed
ORD-102806,2024-08-09,Central,Illinois,CE-04,CUST-00466,Corporate,Apparel,Women's Wear,5,61.96,0.1,0.0,Credit Card,Online,Cancelled
ORD-103940,2024-08-09,East,Massachusetts,EA-02,CUST-00715,Consumer,Electronics,Cameras,3,281.57,0.0,0.0,Credit Card,In-Store,Completed
ORD-103742,2024-08-09,North,North Dakota,NO-05,CUST-00763,Home Office,Books,Non-Fiction,2,13.33,0.0,7.99,Credit Card,Online,Completed
ORD-100331,2024-08-09,West,Oregon,WE-01,CUST-01777,Corporate,Home Goods,Bedding,4,152.11,0.0,0.0,Debit Card,In-Store,Completed
ORD-105118,2024-08-09,West,California,WE-03,CUST-00894,Corporate,Electronics,Smartphones,2,234.95,0.0,0.0,Credit Card,In-Store,Completed
ORD-101107,2024-08-10,South,Texas,SO-01,CUST-00916,Consumer,Electronics,Laptops,4,524.88,0.1,7.99,Credit Card,Online,Completed
ORD-102005,2024-08-10,East,New York,EA-04,CUST-00292,Consumer,Home Goods,Storage,2,517.45,0.0,7.99,Credit Card,Online,Completed
ORD-103527,2024-08-10,East,Massachusetts,EA-03,CUST-00965,Corporate,Beauty & Health,Wellness,6,44.5,0.0,4.99,Cash,Online,Completed
ORD-103337,2024-08-10,West,Oregon,WE-05,CUST-00297,Consumer,Home Goods,Furniture,2,172.98,0.0,7.99,Credit Card,Online,Completed
ORD-102867,2024-08-10,West,Oregon,WE-02,CUST-00038,Home Office,Sporting Goods,Footwear,2,103.26,0.0,7.99,Credit Card,Online,Completed
ORD-101200,2024-08-10,South,Florida,SO-02,CUST-00311,Consumer,Apparel,Men's Wear,4,93.71,0.0,0.0,Credit Card,Online,Completed
ORD-105685,2024-08-10,East,New York,EA-05,CUST-00080,Corporate,Electronics,Headphones,4,701.54,0.0,7.99,Credit Card,Online,Completed
ORD-102944,2024-08-10,East,New York,EA-03,CUST-01229,Consumer,Sporting Goods,Cycling,4,211.47,0.0,4.99,PayPal,Online,Completed
ORD-101178,2024-08-11,West,Oregon,WE-01,CUST-01054,Consumer,Home Goods,Bedding,5,342.51,0.0,0.0,Debit Card,In-Store,Completed
ORD-103376,2024-08-11,South,Florida,SO-05,CUST-01189,Corporate,Apparel,Men's Wear,1,63.65,0.05,0.0,Debit Card,In-Store,Completed
ORD-102838,2024-08-11,West,California,WE-02,CUST-00115,Home Office,Electronics,Headphones,4,571.13,0.0,0.0,Credit Card,Online,Completed
ORD-104002,2024-08-11,West,Washington,WE-05,CUST-00773,Home Office,Beauty & Health,Haircare,5,37.0,0.0,0.0,Credit Card,In-Store,Completed
ORD-101883,2024-08-11,West,California,WE-01,CUST-01676,Consumer,Books,Educational,2,6.0,0.25,7.99,Credit Card,Online,Completed
ORD-104918,2024-08-11,East,New York,EA-01,CUST-00902,Corporate,Apparel,Kids' Wear,6,108.67,0.0,4.99,Credit Card,Online,Completed
ORD-101902,2024-08-11,North,Minnesota,NO-05,CUST-00522,Home Office,Electronics,Laptops,3,184.36,0.0,0.0,Credit Card,In-Store,Completed
ORD-104574,2024-08-11,West,California,WE-03,CUST-01342,Consumer,Books,Children's,3,26.02,0.0,4.99,Gift Card,Online,Completed
ORD-100710,2024-08-11,West,Washington,WE-04,CUST-00798,Consumer,Beauty & Health,Wellness,3,74.25,0.25,0.0,Credit Card,Online,Completed
ORD-101748,2024-08-11,South,Florida,SO-02,CUST-01353,Consumer,Books,Fiction,3,22.38,0.05,0.0,Credit Card,In-Store,Completed
ORD-103644,2024-08-11,East,New Jersey,EA-03,CUST-00082,Consumer,Electronics,Smartphones,5,956.55,0.0,0.0,Credit Card,In-Store,Completed
ORD-102637,2024-08-11,West,Washington,WE-01,CUST-01698,Home Office,Electronics,Headphones,4,222.94,0.2,0.0,Gift Card,In-Store,Completed
ORD-105623,2024-08-11,East,New Jersey,EA-02,CUST-01056,Consumer,Apparel,Accessories,4,84.52,0.0,0.0,Gift Card,In-Store,Returned
ORD-105153,2024-08-11,West,Washington,WE-05,CUST-00744,Home Office,Home Goods,Kitchenware,4,267.72,0.0,0.0,Credit Card,In-Store,Returned
ORD-101244,2024-08-11,North,North Dakota,NO-04,CUST-00225,Home Office,Apparel,Women's Wear,2,35.25,0.05,7.99,PayPal,Online,Completed
ORD-100092,2024-08-11,Central,Missouri,CE-05,CUST-00566,Consumer,Electronics,Laptops,2,708.88,0.0,0.0,Credit Card,Online,Completed
ORD-105855,2024-08-12,Central,Missouri,CE-04,CUST-01569,Consumer,Beauty & Health,Personal Care,4,35.89,0.15,7.99,Debit Card,Online,Completed
ORD-105302,2024-08-12,Central,Missouri,CE-02,CUST-00977,Consumer,Electronics,Smartphones,2,616.28,0.0,7.99,Cash,Online,Completed
ORD-102442,2024-08-12,South,Texas,SO-04,CUST-01759,Consumer,Beauty & Health,Personal Care,3,26.39,0.0,12.99,Debit Card,Online,Completed
ORD-103587,2024-08-12,North,Minnesota,NO-04,CUST-01409,Home Office,Sporting Goods,Outdoor Gear,3,182.07,0.0,4.99,Gift Card,Online,Completed
ORD-104938,2024-08-12,East,Massachusetts,EA-04,CUST-00912,Corporate,Home Goods,Furniture,2,206.03,0.0,0.0,Cash,In-Store,Completed
ORD-105760,2024-08-12,West,Washington,WE-02,CUST-01656,Consumer,Beauty & Health,Wellness,2,37.05,0.05,4.99,PayPal,Online,Completed
ORD-100157,2024-08-12,East,Massachusetts,EA-05,CUST-01422,Consumer,Electronics,Headphones,2,244.8,0.15,0.0,Gift Card,In-Store,Completed
ORD-101477,2024-08-12,Central,Illinois,CE-01,CUST-00345,Consumer,Beauty & Health,Personal Care,2,39.11,0.0,0.0,Credit Card,Online,Completed
ORD-100766,2024-08-12,South,Texas,SO-01,CUST-01066,Consumer,Electronics,Cameras,3,712.56,0.0,0.0,Credit Card,Online,Completed
ORD-105040,2024-08-12,South,Georgia,SO-04,CUST-00196,Consumer,Home Goods,Furniture,3,443.04,0.05,0.0,Cash,In-Store,Completed
ORD-103422,2024-08-12,West,California,WE-02,CUST-01248,Consumer,Home Goods,Furniture,5,174.56,0.0,0.0,Cash,Online,Completed
ORD-102492,2024-08-12,Central,Illinois,CE-01,CUST-01115,Consumer,Apparel,Men's Wear,3,66.24,0.1,0.0,Debit Card,In-Store,Completed
ORD-100431,2024-08-12,South,Texas,SO-01,CUST-00453,Corporate,Electronics,Headphones,4,309.99,0.2,0.0,PayPal,In-Store,Completed
ORD-100918,2024-08-13,North,North Dakota,NO-04,CUST-01166,Consumer,Books,Fiction,4,33.53,0.0,0.0,Debit Card,In-Store,Completed
ORD-104848,2024-08-13,North,Wisconsin,NO-03,CUST-01671,Consumer,Electronics,Smart Home,2,285.21,0.0,0.0,PayPal,Online,Cancelled
ORD-104362,2024-08-13,South,Texas,SO-04,CUST-00774,Consumer,Books,Children's,2,17.55,0.0,7.99,Debit Card,Online,Completed
ORD-103168,2024-08-14,South,Georgia,SO-02,CUST-01604,Corporate,Apparel,Kids' Wear,5,80.0,0.0,0.0,Credit Card,Online,Completed
ORD-101811,2024-08-14,East,Massachusetts,EA-04,CUST-00581,Corporate,Sporting Goods,Fitness Equipment,7,150.96,0.05,0.0,Credit Card,In-Store,Completed
ORD-102501,2024-08-14,Central,Illinois,CE-05,CUST-01639,Consumer,Electronics,Laptops,2,389.15,0.1,0.0,Debit Card,Online,Completed
ORD-103420,2024-08-14,North,Minnesota,NO-04,CUST-00292,Corporate,Electronics,Laptops,4,365.74,0.0,0.0,Credit Card,Online,Returned
ORD-104621,2024-08-14,South,Georgia,SO-03,CUST-00329,Consumer,Books,Non-Fiction,2,31.02,0.0,12.99,PayPal,Online,Completed
ORD-101509,2024-08-14,West,Washington,WE-05,CUST-00149,Consumer,Beauty & Health,Haircare,3,26.48,0.0,4.99,Gift Card,Online,Completed
ORD-101689,2024-08-14,Central,Illinois,CE-01,CUST-01228,Consumer,Apparel,Kids' Wear,4,60.02,0.15,0.0,Credit Card,In-Store,Completed
ORD-105997,2024-08-14,North,Minnesota,NO-01,CUST-01557,Consumer,Electronics,Laptops,2,321.53,0.0,7.99,Debit Card,Online,Completed
ORD-104062,2024-08-15,Central,Ohio,CE-02,CUST-00918,Corporate,Electronics,Smartphones,4,829.8,0.05,7.99,Cash,Online,Returned
ORD-102901,2024-08-15,North,Wisconsin,NO-02,CUST-00906,Consumer,Electronics,Smart Home,3,573.77,0.1,0.0,PayPal,In-Store,Completed
ORD-103322,2024-08-15,North,North Dakota,NO-04,CUST-01147,Consumer,Books,Non-Fiction,2,13.43,0.1,0.0,Credit Card,Online,Completed
ORD-105143,2024-08-15,South,Georgia,SO-03,CUST-00912,Home Office,Home Goods,Kitchenware,4,217.46,0.0,0.0,Credit Card,In-Store,Completed
ORD-102541,2024-08-15,West,Oregon,WE-03,CUST-00513,Home Office,Apparel,Footwear,4,45.63,0.0,0.0,PayPal,Online,Completed
ORD-102187,2024-08-15,Central,Ohio,CE-04,CUST-00478,Consumer,Home Goods,Bedding,5,197.23,0.25,4.99,Credit Card,Online,Returned
ORD-105192,2024-08-15,North,North Dakota,NO-02,CUST-00174,Consumer,Home Goods,Bedding,3,335.06,0.0,4.99,Credit Card,Online,Completed
ORD-104237,2024-08-15,Central,Missouri,CE-04,CUST-00100,Home Office,Beauty & Health,Makeup,1,50.16,0.2,7.99,PayPal,Online,Completed
ORD-105478,2024-08-15,North,Minnesota,NO-05,CUST-00333,Consumer,Electronics,Smart Home,9,318.06,0.05,0.0,Debit Card,In-Store,Completed
ORD-101990,2024-08-15,North,Wisconsin,NO-05,CUST-01069,Consumer,Apparel,Kids' Wear,2,47.65,0.0,12.99,PayPal,Online,Completed
ORD-104583,2024-08-15,South,Georgia,SO-01,CUST-00131,Consumer,Home Goods,Furniture,3,496.92,0.25,0.0,Credit Card,Online,Completed
ORD-105108,2024-08-16,South,Georgia,SO-04,CUST-01366,Home Office,Electronics,Laptops,3,1052.85,0.15,0.0,Credit Card,Online,Completed
ORD-101056,2024-08-16,North,Wisconsin,NO-01,CUST-01209,Home Office,Apparel,Kids' Wear,5,47.98,0.0,7.99,Credit Card,Online,Completed
ORD-102654,2024-08-16,East,Massachusetts,EA-02,CUST-00769,Consumer,Apparel,Men's Wear,2,54.44,0.2,4.99,PayPal,Online,Completed
ORD-105517,2024-08-16,West,Washington,WE-02,CUST-00442,Consumer,Home Goods,Storage,1,440.5,0.25,7.99,Debit Card,Online,Completed
ORD-101817,2024-08-17,West,California,WE-01,CUST-00072,Consumer,Home Goods,Decor,4,303.03,0.0,0.0,Debit Card,In-Store,Completed
ORD-100688,2024-08-17,North,Wisconsin,NO-04,CUST-00377,Consumer,Beauty & Health,Skincare,3,58.12,0.0,0.0,Credit Card,In-Store,Completed
ORD-105086,2024-08-17,West,California,WE-01,CUST-00333,Consumer,Beauty & Health,Personal Care,5,55.45,0.0,7.99,Credit Card,Online,Completed
ORD-101742,2024-08-17,South,Florida,SO-01,CUST-01696,Consumer,Home Goods,Bedding,2,222.12,0.0,4.99,Cash,Online,Completed
ORD-101062,2024-08-17,North,Wisconsin,NO-04,CUST-00963,Consumer,Electronics,Cameras,5,161.96,0.0,7.99,Debit Card,Online,Completed
ORD-103650,2024-08-17,Central,Missouri,CE-04,CUST-01322,Corporate,Books,Educational,6,10.45,0.0,4.99,Debit Card,Online,Completed
ORD-100534,2024-08-17,East,New Jersey,EA-05,CUST-00053,Consumer,Home Goods,Bedding,3,221.75,0.15,0.0,PayPal,In-Store,Completed
ORD-102539,2024-08-17,East,New Jersey,EA-04,CUST-00727,Consumer,Electronics,Headphones,3,171.78,0.0,0.0,PayPal,In-Store,Completed
ORD-104814,2024-08-17,West,Washington,WE-05,CUST-00038,Consumer,Electronics,Laptops,4,213.43,0.1,4.99,Debit Card,Online,Completed
ORD-104078,2024-08-17,West,Washington,WE-04,CUST-01418,Consumer,Home Goods,Furniture,5,81.98,0.0,0.0,Credit Card,Online,Completed
ORD-105169,2024-08-17,North,North Dakota,NO-05,CUST-00783,Consumer,Beauty & Health,Makeup,3,32.63,0.0,7.99,PayPal,Online,Completed
ORD-105958,2024-08-18,West,Washington,WE-03,CUST-01587,Corporate,Apparel,Accessories,2,19.32,0.0,0.0,Cash,Online,Completed
ORD-100296,2024-08-18,East,New Jersey,EA-02,CUST-01173,Corporate,Books,Non-Fiction,3,22.99,0.25,0.0,Gift Card,In-Store,Completed
ORD-102892,2024-08-18,South,Georgia,SO-02,CUST-00561,Consumer,Home Goods,Kitchenware,2,205.25,0.0,0.0,Credit Card,In-Store,Returned
ORD-100094,2024-08-18,East,New York,EA-04,CUST-00257,Home Office,Sporting Goods,Team Sports,3,238.9,0.05,4.99,Debit Card,Online,Completed
ORD-100981,2024-08-18,North,North Dakota,NO-05,CUST-00797,Home Office,Sporting Goods,Cycling,6,72.45,0.0,0.0,Gift Card,Online,Completed
ORD-101242,2024-08-18,South,Georgia,SO-04,CUST-00861,Consumer,Apparel,Kids' Wear,5,53.96,0.05,0.0,PayPal,In-Store,Completed
ORD-104989,2024-08-18,Central,Ohio,CE-02,CUST-01750,Consumer,Home Goods,Furniture,3,324.22,0.0,0.0,Gift Card,In-Store,Completed
ORD-101205,2024-08-18,West,California,WE-01,CUST-01590,Consumer,Apparel,Kids' Wear,6,79.22,0.0,0.0,Cash,In-Store,Completed
ORD-102704,2024-08-18,West,Oregon,WE-05,CUST-01332,Home Office,Apparel,Accessories,5,40.63,0.0,0.0,Debit Card,In-Store,Completed
ORD-102815,2024-08-19,West,Washington,WE-02,CUST-00567,Consumer,Apparel,Footwear,4,60.89,0.0,7.99,Cash,Online,Returned
ORD-100549,2024-08-19,East,Massachusetts,EA-01,CUST-00206,Consumer,Apparel,Accessories,2,33.57,0.25,7.99,Credit Card,Online,Completed
ORD-105963,2024-08-19,South,Georgia,SO-05,CUST-01520,Corporate,Home Goods,Decor,4,366.08,0.0,4.99,Debit Card,Online,Returned
ORD-105368,2024-08-19,West,Oregon,WE-01,CUST-00478,Home Office,Home Goods,Kitchenware,3,411.09,0.05,0.0,Debit Card,In-Store,Completed
ORD-102079,2024-08-19,East,New York,EA-05,CUST-00895,Home Office,Beauty & Health,Haircare,2,71.1,0.0,0.0,Debit Card,In-Store,Returned
ORD-100070,2024-08-19,North,Minnesota,NO-02,CUST-00943,Consumer,Apparel,Accessories,3,78.41,0.15,0.0,Gift Card,In-Store,Returned
ORD-100076,2024-08-19,North,Minnesota,NO-02,CUST-00192,Consumer,Home Goods,Furniture,5,323.85,0.0,0.0,Credit Card,In-Store,Returned
ORD-103682,2024-08-20,South,Texas,SO-01,CUST-01536,Consumer,Electronics,Smart Home,2,481.26,0.1,12.99,Debit Card,Online,Completed
ORD-103319,2024-08-20,East,New Jersey,EA-03,CUST-00256,Home Office,Electronics,Cameras,6,602.48,0.1,0.0,Credit Card,Online,Completed
ORD-102699,2024-08-20,West,Washington,WE-04,CUST-00830,Consumer,Home Goods,Storage,4,344.15,0.0,4.99,Credit Card,Online,Completed
ORD-101386,2024-08-20,East,Massachusetts,EA-04,CUST-01548,Corporate,Books,Non-Fiction,5,16.63,0.25,0.0,Credit Card,In-Store,Completed
ORD-102710,2024-08-20,Central,Ohio,CE-03,CUST-00286,Consumer,Sporting Goods,Cycling,3,116.77,0.05,7.99,Debit Card,Online,Completed
ORD-105294,2024-08-21,South,Florida,SO-01,CUST-01273,Home Office,Beauty & Health,Haircare,4,43.44,0.0,7.99,PayPal,Online,Completed
ORD-101823,2024-08-21,Central,Missouri,CE-02,CUST-00262,Home Office,Apparel,Men's Wear,2,59.77,0.0,0.0,Credit Card,In-Store,Completed
ORD-101805,2024-08-21,North,North Dakota,NO-04,CUST-00328,Corporate,Sporting Goods,Team Sports,3,189.6,0.15,0.0,Credit Card,Online,Completed
ORD-102698,2024-08-21,East,New Jersey,EA-04,CUST-01490,Corporate,Apparel,Kids' Wear,2,59.12,0.0,0.0,Credit Card,In-Store,Completed
ORD-102260,2024-08-21,Central,Ohio,CE-03,CUST-00189,Consumer,Electronics,Smart Home,4,565.92,0.0,7.99,Debit Card,Online,Completed
ORD-100051,2024-08-22,North,Minnesota,NO-04,CUST-01584,Consumer,Apparel,Kids' Wear,2,64.63,0.25,0.0,Debit Card,Online,Completed
ORD-100860,2024-08-22,East,New Jersey,EA-02,CUST-00815,Consumer,Apparel,Women's Wear,2,34.57,0.0,0.0,Credit Card,Online,Completed
ORD-103692,2024-08-22,East,New Jersey,EA-02,CUST-01367,Home Office,Apparel,Accessories,2,42.67,0.1,0.0,Credit Card,In-Store,Cancelled
ORD-105515,2024-08-22,East,Massachusetts,EA-04,CUST-01568,Consumer,Home Goods,Decor,2,439.75,0.0,0.0,Credit Card,In-Store,Completed
ORD-102595,2024-08-22,Central,Illinois,CE-02,CUST-01473,Consumer,Beauty & Health,Makeup,5,34.07,0.2,7.99,Credit Card,Online,Returned
ORD-104684,2024-08-22,Central,Ohio,CE-01,CUST-01787,Consumer,Beauty & Health,Wellness,5,14.96,0.0,0.0,PayPal,Online,Completed
ORD-102090,2024-08-22,East,Massachusetts,EA-03,CUST-01474,Home Office,Electronics,Smartphones,4,275.24,0.15,12.99,Credit Card,Online,Returned
ORD-104852,2024-08-22,Central,Illinois,CE-03,CUST-01114,Consumer,Sporting Goods,Fitness Equipment,2,112.13,0.25,7.99,Debit Card,Online,Completed
ORD-103568,2024-08-23,East,New Jersey,EA-03,CUST-00134,Consumer,Apparel,Kids' Wear,5,62.07,0.1,0.0,Credit Card,Online,Completed
ORD-101241,2024-08-23,South,Texas,SO-01,CUST-00015,Consumer,Electronics,Smart Home,5,920.64,0.2,0.0,PayPal,In-Store,Completed
ORD-101860,2024-08-23,West,Washington,WE-02,CUST-01294,Corporate,Apparel,Women's Wear,3,53.85,0.0,7.99,Credit Card,Online,Completed
ORD-102007,2024-08-23,North,Minnesota,NO-01,CUST-01560,Consumer,Home Goods,Storage,5,227.35,0.0,0.0,Credit Card,Online,Completed
ORD-100450,2024-08-23,East,New York,EA-05,CUST-01269,Consumer,Beauty & Health,Personal Care,3,39.63,0.05,0.0,Debit Card,In-Store,Completed
ORD-100393,2024-08-23,West,California,WE-04,CUST-01288,Consumer,Electronics,Smart Home,3,684.22,0.0,0.0,Cash,Online,Returned
ORD-105006,2024-08-23,East,New York,EA-03,CUST-00271,Consumer,Home Goods,Bedding,3,306.79,0.15,0.0,Debit Card,In-Store,Returned
ORD-105926,2024-08-23,South,Texas,SO-03,CUST-01693,Consumer,Electronics,Smartphones,6,292.98,0.0,12.99,Credit Card,Online,Completed
ORD-103375,2024-08-24,West,Oregon,WE-03,CUST-00697,Home Office,Electronics,Smartphones,2,474.88,0.0,0.0,PayPal,Online,Completed
ORD-105466,2024-08-24,East,New York,EA-02,CUST-00526,Corporate,Home Goods,Bedding,3,396.43,0.0,0.0,Credit Card,Online,Completed
ORD-105907,2024-08-24,South,Texas,SO-04,CUST-01070,Home Office,Electronics,Smart Home,2,700.25,0.25,0.0,PayPal,In-Store,Completed
ORD-104757,2024-08-24,West,California,WE-04,CUST-00058,Consumer,Apparel,Men's Wear,1,51.17,0.0,0.0,Credit Card,Online,Completed
ORD-103471,2024-08-24,South,Florida,SO-03,CUST-00202,Consumer,Home Goods,Kitchenware,3,165.29,0.0,0.0,PayPal,Online,Completed
ORD-104149,2024-08-25,Central,Missouri,CE-01,CUST-01429,Consumer,Electronics,Laptops,7,247.84,0.0,0.0,Gift Card,In-Store,Completed
ORD-101098,2024-08-25,Central,Ohio,CE-01,CUST-01150,Consumer,Books,Fiction,2,16.19,0.25,12.99,PayPal,Online,Completed
ORD-101176,2024-08-25,North,Minnesota,NO-04,CUST-01270,Consumer,Apparel,Accessories,5,57.97,0.05,4.99,Debit Card,Online,Completed
ORD-101272,2024-08-25,North,Minnesota,NO-03,CUST-01119,Corporate,Apparel,Men's Wear,3,68.24,0.15,0.0,Debit Card,In-Store,Completed
ORD-102936,2024-08-25,South,Georgia,SO-03,CUST-00844,Consumer,Books,Comics,6,24.8,0.0,4.99,Debit Card,Online,Completed
ORD-102874,2024-08-25,East,Massachusetts,EA-03,CUST-01075,Corporate,Home Goods,Storage,4,443.93,0.1,0.0,Credit Card,Online,Completed
ORD-100199,2024-08-25,East,New Jersey,EA-05,CUST-00448,Consumer,Sporting Goods,Footwear,3,152.78,0.15,4.99,Credit Card,Online,Completed
ORD-104054,2024-08-25,Central,Illinois,CE-05,CUST-01248,Consumer,Electronics,Smartphones,2,177.02,0.1,0.0,Credit Card,Online,Completed
ORD-105273,2024-08-25,South,Florida,SO-01,CUST-01452,Consumer,Electronics,Smart Home,4,489.56,0.15,0.0,Credit Card,In-Store,Completed
ORD-101562,2024-08-25,South,Florida,SO-04,CUST-00152,Corporate,Home Goods,Furniture,3,223.2,0.0,4.99,Credit Card,Online,Completed
ORD-102722,2024-08-25,East,New Jersey,EA-03,CUST-01044,Corporate,Home Goods,Bedding,3,277.6,0.2,0.0,Debit Card,Online,Completed
ORD-101712,2024-08-25,East,New Jersey,EA-01,CUST-00606,Consumer,Beauty & Health,Haircare,5,39.69,0.0,7.99,Debit Card,Online,Completed
ORD-105753,2024-08-25,Central,Missouri,CE-01,CUST-00868,Home Office,Electronics,Smart Home,1,163.43,0.0,0.0,Credit Card,In-Store,Completed
ORD-104488,2024-08-25,West,Washington,WE-05,CUST-01330,Consumer,Apparel,Women's Wear,3,64.26,0.2,0.0,PayPal,In-Store,Returned
ORD-102642,2024-08-26,West,Washington,WE-05,CUST-00243,Consumer,Apparel,Men's Wear,3,88.95,0.05,0.0,Credit Card,Online,Completed
ORD-102745,2024-08-26,South,Georgia,SO-02,CUST-00974,Consumer,Electronics,Smart Home,4,338.4,0.2,0.0,Cash,Online,Completed
ORD-101648,2024-08-26,West,Oregon,WE-02,CUST-00306,Consumer,Electronics,Smartphones,4,413.38,0.0,4.99,PayPal,Online,Completed
ORD-104582,2024-08-26,Central,Ohio,CE-01,CUST-01181,Corporate,Electronics,Headphones,2,492.24,0.05,4.99,Gift Card,Online,Completed
ORD-105373,2024-08-26,South,Texas,SO-02,CUST-01298,Corporate,Electronics,Smart Home,5,571.96,0.05,0.0,Credit Card,In-Store,Completed
ORD-105665,2024-08-26,Central,Illinois,CE-05,CUST-00426,Consumer,Apparel,Kids' Wear,5,26.99,0.1,0.0,Credit Card,In-Store,Completed
ORD-103324,2024-08-26,North,Wisconsin,NO-03,CUST-01460,Corporate,Apparel,Accessories,2,33.75,0.0,0.0,Credit Card,Online,Cancelled
ORD-104437,2024-08-27,Central,Missouri,CE-03,CUST-01294,Consumer,Apparel,Footwear,6,45.1,0.1,0.0,Credit Card,Online,Completed
ORD-101469,2024-08-27,North,North Dakota,NO-05,CUST-00043,Consumer,Electronics,Cameras,2,800.71,0.0,0.0,Cash,Online,Completed
ORD-103922,2024-08-27,West,Washington,WE-02,CUST-01195,Consumer,Home Goods,Kitchenware,5,97.96,0.15,7.99,PayPal,Online,Completed
ORD-104797,2024-08-27,West,Oregon,WE-02,CUST-01066,Home Office,Books,Fiction,2,8.09,0.05,0.0,Credit Card,In-Store,Completed
ORD-104601,2024-08-27,North,North Dakota,NO-02,CUST-00586,Corporate,Home Goods,Storage,3,791.37,0.0,0.0,Debit Card,In-Store,Completed
ORD-102721,2024-08-27,Central,Ohio,CE-04,CUST-01566,Consumer,Home Goods,Storage,4,210.28,0.0,4.99,Credit Card,Online,Completed
ORD-100571,2024-08-28,South,Texas,SO-02,CUST-00982,Home Office,Apparel,Kids' Wear,6,25.62,0.0,0.0,Credit Card,Online,Completed
ORD-101899,2024-08-28,South,Texas,SO-04,CUST-01354,Corporate,Apparel,Accessories,2,85.31,0.0,0.0,Gift Card,In-Store,Completed
ORD-105300,2024-08-28,East,New York,EA-05,CUST-01147,Corporate,Apparel,Footwear,3,86.93,0.0,0.0,Credit Card,Online,Completed
ORD-103414,2024-08-28,South,Georgia,SO-05,CUST-00656,Corporate,Electronics,Smartphones,7,329.15,0.0,0.0,Debit Card,In-Store,Completed
ORD-103019,2024-08-28,South,Texas,SO-02,CUST-01232,Consumer,Home Goods,Furniture,2,296.29,0.1,0.0,Debit Card,In-Store,Completed
ORD-104350,2024-08-28,North,North Dakota,NO-01,CUST-01399,Corporate,Home Goods,Bedding,6,346.48,0.0,0.0,Credit Card,In-Store,Completed
ORD-104309,2024-08-28,South,Florida,SO-03,CUST-01479,Consumer,Books,Educational,1,35.0,0.1,0.0,PayPal,In-Store,Completed
ORD-102735,2024-08-29,West,Washington,WE-05,CUST-00961,Corporate,Home Goods,Storage,3,209.18,0.25,4.99,PayPal,Online,Completed
ORD-101942,2024-08-29,North,Wisconsin,NO-05,CUST-00979,Home Office,Books,Children's,2,12.67,0.0,0.0,PayPal,In-Store,Completed
ORD-101771,2024-08-29,West,Oregon,WE-01,CUST-00499,Consumer,Electronics,Laptops,2,428.61,0.0,0.0,PayPal,In-Store,Completed
ORD-104706,2024-08-29,South,Florida,SO-05,CUST-01616,Corporate,Home Goods,Decor,2,188.3,0.05,0.0,Credit Card,In-Store,Completed
ORD-100025,2024-08-29,North,North Dakota,NO-03,CUST-00062,Consumer,Beauty & Health,Wellness,5,45.8,0.0,0.0,Debit Card,In-Store,Returned
ORD-101959,2024-08-29,South,Texas,SO-01,CUST-00884,Corporate,Electronics,Cameras,4,512.96,0.0,0.0,Debit Card,In-Store,Completed
ORD-102065,2024-08-30,South,Florida,SO-04,CUST-00651,Consumer,Books,Comics,3,22.68,0.0,0.0,Debit Card,Online,Completed
ORD-101774,2024-08-30,East,New Jersey,EA-02,CUST-01104,Corporate,Electronics,Smart Home,4,480.7,0.15,0.0,Credit Card,In-Store,Completed
ORD-102972,2024-08-30,East,New York,EA-02,CUST-01386,Consumer,Electronics,Smart Home,5,355.0,0.0,7.99,Debit Card,Online,Completed
ORD-101080,2024-08-30,Central,Ohio,CE-04,CUST-00463,Corporate,Sporting Goods,Outdoor Gear,4,146.69,0.25,0.0,Credit Card,In-Store,Completed
ORD-102188,2024-08-31,South,Florida,SO-02,CUST-00141,Consumer,Electronics,Smartphones,4,726.0,0.25,4.99,PayPal,Online,Returned
ORD-103148,2024-08-31,East,New York,EA-04,CUST-00925,Home Office,Books,Educational,3,23.25,0.0,0.0,PayPal,In-Store,Completed
ORD-100759,2024-08-31,South,Florida,SO-02,CUST-00807,Home Office,Books,Fiction,7,26.1,0.0,4.99,Debit Card,Online,Completed
ORD-102846,2024-08-31,Central,Missouri,CE-04,CUST-00439,Consumer,Apparel,Men's Wear,2,36.68,0.0,7.99,Credit Card,Online,Completed
ORD-101944,2024-08-31,Central,Illinois,CE-05,CUST-01683,Consumer,Apparel,Kids' Wear,6,100.83,0.0,7.99,Gift Card,Online,Completed
ORD-103965,2024-08-31,West,California,WE-01,CUST-01548,Consumer,Electronics,Cameras,2,510.39,0.0,0.0,Credit Card,Online,Completed
ORD-102620,2024-09-01,West,California,WE-02,CUST-00021,Corporate,Electronics,Headphones,5,417.63,0.0,0.0,Debit Card,In-Store,Completed
ORD-102377,2024-09-01,South,Georgia,SO-04,CUST-01694,Consumer,Home Goods,Decor,6,264.43,0.15,4.99,Cash,Online,Completed
ORD-100421,2024-09-01,North,Minnesota,NO-02,CUST-00968,Consumer,Apparel,Footwear,2,12.49,0.0,4.99,Debit Card,Online,Completed
ORD-102477,2024-09-01,South,Georgia,SO-01,CUST-00735,Consumer,Sporting Goods,Fitness Equipment,3,301.08,0.0,4.99,Credit Card,Online,Completed
ORD-101327,2024-09-01,West,Oregon,WE-03,CUST-01394,Consumer,Apparel,Footwear,1,32.52,0.0,0.0,PayPal,In-Store,Completed
ORD-103189,2024-09-01,West,Oregon,WE-05,CUST-00746,Consumer,Electronics,Laptops,2,171.93,0.15,7.99,Cash,Online,Completed
ORD-105952,2024-09-01,East,Massachusetts,EA-03,CUST-00907,Consumer,Home Goods,Storage,1,305.36,0.0,0.0,Credit Card,Online,Completed
ORD-101674,2024-09-01,West,Oregon,WE-03,CUST-01402,Corporate,Apparel,Men's Wear,2,74.93,0.0,0.0,PayPal,In-Store,Completed
ORD-100648,2024-09-01,North,Minnesota,NO-02,CUST-00877,Consumer,Sporting Goods,Fitness Equipment,4,56.0,0.2,0.0,Debit Card,In-Store,Completed
ORD-101041,2024-09-02,North,Wisconsin,NO-02,CUST-01109,Corporate,Electronics,Smartphones,2,375.58,0.05,0.0,PayPal,Online,Completed
ORD-105970,2024-09-02,Central,Illinois,CE-03,CUST-00673,Consumer,Books,Comics,5,13.99,0.05,4.99,Credit Card,Online,Completed
ORD-103279,2024-09-02,South,Florida,SO-05,CUST-01638,Corporate,Sporting Goods,Cycling,2,204.87,0.0,4.99,Gift Card,Online,Completed
ORD-100420,2024-09-02,East,Massachusetts,EA-04,CUST-01521,Consumer,Sporting Goods,Outdoor Gear,2,136.27,0.0,7.99,Credit Card,Online,Completed
ORD-104124,2024-09-03,Central,Ohio,CE-02,CUST-01188,Consumer,Apparel,Accessories,3,44.87,0.2,0.0,Credit Card,In-Store,Completed
ORD-102095,2024-09-03,Central,Illinois,CE-01,CUST-01752,Consumer,Home Goods,Bedding,3,163.24,0.0,4.99,PayPal,Online,Completed
ORD-103628,2024-09-03,East,New Jersey,EA-03,CUST-00868,Consumer,Apparel,Men's Wear,6,51.01,0.0,0.0,Debit Card,In-Store,Returned
ORD-102800,2024-09-03,East,Massachusetts,EA-03,CUST-01791,Consumer,Apparel,Accessories,5,150.0,0.0,7.99,Credit Card,Online,Completed
ORD-103264,2024-09-03,South,Georgia,SO-02,CUST-00761,Consumer,Apparel,Kids' Wear,5,29.36,0.0,0.0,PayPal,In-Store,Completed
ORD-102479,2024-09-04,East,New York,EA-03,CUST-00854,Consumer,Home Goods,Storage,5,191.98,0.15,0.0,Debit Card,Online,Completed
ORD-101924,2024-09-04,South,Florida,SO-02,CUST-00419,Corporate,Sporting Goods,Footwear,8,144.06,0.15,0.0,Credit Card,Online,Completed
ORD-104944,2024-09-04,North,North Dakota,NO-01,CUST-01527,Consumer,Electronics,Headphones,2,1093.66,0.1,0.0,Debit Card,Online,Completed
ORD-105375,2024-09-04,South,Georgia,SO-01,CUST-00703,Consumer,Electronics,Smart Home,5,551.57,0.0,0.0,Credit Card,In-Store,Completed
ORD-104037,2024-09-04,Central,Ohio,CE-04,CUST-01509,Corporate,Home Goods,Kitchenware,2,190.67,0.15,0.0,Credit Card,In-Store,Completed
ORD-100755,2024-09-04,Central,Ohio,CE-05,CUST-00277,Corporate,Apparel,Footwear,2,27.05,0.05,4.99,Credit Card,Online,Completed
ORD-102104,2024-09-04,East,Massachusetts,EA-02,CUST-01314,Corporate,Home Goods,Kitchenware,3,269.5,0.0,0.0,PayPal,In-Store,Completed
ORD-102783,2024-09-04,East,New Jersey,EA-01,CUST-00526,Consumer,Books,Children's,3,25.88,0.2,0.0,Credit Card,In-Store,Completed
ORD-105722,2024-09-05,Central,Ohio,CE-04,CUST-01147,Consumer,Electronics,Smart Home,4,275.66,0.0,0.0,PayPal,In-Store,Completed
ORD-105795,2024-09-05,Central,Missouri,CE-03,CUST-01218,Consumer,Home Goods,Kitchenware,4,179.41,0.0,4.99,Debit Card,Online,Completed
ORD-100230,2024-09-05,East,Massachusetts,EA-05,CUST-01584,Consumer,Sporting Goods,Fitness Equipment,1,148.01,0.05,0.0,Credit Card,In-Store,Completed
ORD-102560,2024-09-05,South,Florida,SO-03,CUST-00097,Consumer,Books,Children's,4,14.35,0.05,12.99,PayPal,Online,Completed
ORD-100727,2024-09-05,East,Massachusetts,EA-05,CUST-00074,Home Office,Books,Non-Fiction,4,12.99,0.05,0.0,Debit Card,In-Store,Completed
ORD-101213,2024-09-05,East,New York,EA-02,CUST-01530,Consumer,Electronics,Smart Home,2,202.4,0.1,12.99,Cash,Online,Completed
ORD-100308,2024-09-05,South,Texas,SO-04,CUST-01527,Consumer,Home Goods,Decor,7,306.62,0.0,7.99,Debit Card,Online,Completed
ORD-102240,2024-09-05,South,Florida,SO-05,CUST-01233,Corporate,Home Goods,Kitchenware,7,467.85,0.15,4.99,Credit Card,Online,Cancelled
ORD-101633,2024-09-05,Central,Missouri,CE-01,CUST-01239,Consumer,Sporting Goods,Footwear,2,121.03,0.0,0.0,Credit Card,Online,Completed
ORD-105533,2024-09-05,South,Florida,SO-04,CUST-01230,Corporate,Beauty & Health,Skincare,1,52.85,0.0,4.99,Debit Card,Online,Completed
ORD-104830,2024-09-06,East,New York,EA-03,CUST-00200,Consumer,Electronics,Smartphones,4,473.95,0.05,0.0,Credit Card,In-Store,Returned
ORD-103001,2024-09-06,Central,Illinois,CE-02,CUST-01145,Consumer,Books,Non-Fiction,2,17.39,0.1,0.0,Gift Card,Online,Completed
ORD-103360,2024-09-06,South,Texas,SO-01,CUST-00013,Consumer,Beauty & Health,Makeup,2,63.5,0.2,0.0,Debit Card,Online,Completed
ORD-105834,2024-09-06,East,New York,EA-03,CUST-00285,Consumer,Apparel,Women's Wear,1,39.34,0.05,4.99,Credit Card,Online,Completed
ORD-104493,2024-09-06,Central,Ohio,CE-01,CUST-00091,Corporate,Sporting Goods,Outdoor Gear,4,91.05,0.0,4.99,PayPal,Online,Completed
ORD-100279,2024-09-06,North,North Dakota,NO-02,CUST-01462,Corporate,Electronics,Headphones,2,577.33,0.0,0.0,PayPal,In-Store,Completed
ORD-101250,2024-09-06,West,Oregon,WE-04,CUST-00393,Consumer,Electronics,Smart Home,3,232.95,0.0,4.99,Credit Card,Online,Completed
ORD-103618,2024-09-06,South,Florida,SO-04,CUST-01066,Consumer,Home Goods,Decor,6,530.72,0.0,0.0,Debit Card,In-Store,Completed
ORD-100774,2024-09-07,South,Georgia,SO-04,CUST-01036,Home Office,Books,Fiction,4,6.0,0.0,4.99,Debit Card,Online,Completed
ORD-101478,2024-09-07,East,New Jersey,EA-04,CUST-00140,Consumer,Beauty & Health,Haircare,6,55.58,0.0,0.0,Credit Card,In-Store,Completed
ORD-105751,2024-09-07,North,Wisconsin,NO-01,CUST-00051,Consumer,Electronics,Smartphones,2,677.04,0.05,12.99,PayPal,Online,Completed
ORD-100276,2024-09-07,North,North Dakota,NO-02,CUST-00447,Consumer,Books,Fiction,2,35.84,0.0,0.0,PayPal,In-Store,Completed
ORD-105195,2024-09-07,South,Texas,SO-04,CUST-00466,Consumer,Home Goods,Storage,3,570.56,0.0,7.99,Credit Card,Online,Completed
ORD-101261,2024-09-07,West,California,WE-02,CUST-00751,Consumer,Apparel,Accessories,3,43.27,0.0,4.99,PayPal,Online,Completed
ORD-105246,2024-09-07,South,Georgia,SO-04,CUST-01712,Consumer,Books,Fiction,6,20.07,0.0,0.0,Debit Card,Online,Completed
ORD-103531,2024-09-07,East,Massachusetts,EA-05,CUST-00419,Consumer,Sporting Goods,Footwear,2,253.44,0.05,4.99,Debit Card,Online,Completed
ORD-101146,2024-09-07,East,New York,EA-05,CUST-01432,Consumer,Electronics,Laptops,4,271.51,0.1,0.0,Gift Card,Online,Completed
ORD-102098,2024-09-07,South,Georgia,SO-02,CUST-01311,Consumer,Electronics,Laptops,5,283.1,0.2,4.99,Debit Card,Online,Completed
ORD-103613,2024-09-07,West,California,WE-03,CUST-01477,Corporate,Home Goods,Bedding,4,196.13,0.05,7.99,Debit Card,Online,Completed
ORD-102379,2024-09-07,North,North Dakota,NO-02,CUST-00840,Consumer,Apparel,Kids' Wear,2,74.97,0.0,0.0,Debit Card,Online,Completed
ORD-104429,2024-09-07,South,Texas,SO-02,CUST-00446,Consumer,Sporting Goods,Outdoor Gear,4,234.06,0.1,0.0,Credit Card,In-Store,Completed
ORD-100884,2024-09-08,West,Oregon,WE-02,CUST-01361,Consumer,Home Goods,Furniture,4,380.19,0.0,7.99,PayPal,Online,Completed
ORD-100611,2024-09-08,South,Georgia,SO-04,CUST-01058,Home Office,Books,Fiction,2,17.39,0.2,12.99,Debit Card,Online,Completed
ORD-105460,2024-09-08,West,Washington,WE-01,CUST-00631,Consumer,Apparel,Kids' Wear,3,56.1,0.0,0.0,Debit Card,In-Store,Completed
ORD-100990,2024-09-08,Central,Missouri,CE-04,CUST-00617,Home Office,Sporting Goods,Team Sports,2,500.0,0.0,0.0,Debit Card,Online,Completed
ORD-101053,2024-09-08,West,California,WE-03,CUST-01004,Consumer,Sporting Goods,Footwear,3,286.37,0.1,12.99,Credit Card,Online,Completed
ORD-104346,2024-09-08,West,California,WE-05,CUST-00232,Consumer,Sporting Goods,Footwear,4,108.89,0.0,0.0,PayPal,In-Store,Completed
ORD-101892,2024-09-08,West,Washington,WE-02,CUST-00420,Consumer,Electronics,Smartphones,2,363.72,0.0,0.0,Debit Card,In-Store,Completed
ORD-102991,2024-09-08,South,Georgia,SO-02,CUST-01358,Consumer,Electronics,Headphones,2,437.9,0.15,0.0,Cash,In-Store,Returned
ORD-104549,2024-09-08,South,Texas,SO-02,CUST-01285,Consumer,Apparel,Men's Wear,4,47.66,0.15,0.0,Credit Card,In-Store,Returned
ORD-101828,2024-09-08,East,New York,EA-02,CUST-00025,Home Office,Home Goods,Bedding,4,159.12,0.2,0.0,PayPal,In-Store,Completed
ORD-104447,2024-09-08,East,Massachusetts,EA-02,CUST-01400,Home Office,Apparel,Footwear,3,40.02,0.0,0.0,Credit Card,Online,Completed
ORD-100923,2024-09-08,North,Minnesota,NO-05,CUST-01689,Corporate,Apparel,Women's Wear,3,30.04,0.0,0.0,Gift Card,Online,Returned
ORD-103678,2024-09-09,Central,Ohio,CE-04,CUST-00394,Home Office,Apparel,Accessories,3,81.76,0.05,0.0,Credit Card,Online,Completed
ORD-101294,2024-09-09,West,California,WE-01,CUST-00477,Corporate,Books,Educational,2,23.88,0.05,0.0,Debit Card,Online,Completed
ORD-104882,2024-09-09,South,Florida,SO-04,CUST-01231,Home Office,Books,Educational,2,6.0,0.0,0.0,Credit Card,In-Store,Completed
ORD-103784,2024-09-09,East,New Jersey,EA-01,CUST-01292,Consumer,Beauty & Health,Haircare,4,43.4,0.0,4.99,PayPal,Online,Completed
ORD-101755,2024-09-09,East,New York,EA-02,CUST-00617,Corporate,Apparel,Men's Wear,3,38.94,0.05,0.0,Gift Card,Online,Completed
ORD-101607,2024-09-09,South,Georgia,SO-01,CUST-00742,Consumer,Sporting Goods,Fitness Equipment,5,208.63,0.1,0.0,Credit Card,In-Store,Completed
ORD-105888,2024-09-09,East,New Jersey,EA-04,CUST-01316,Consumer,Electronics,Smartphones,1,636.15,0.0,0.0,Cash,In-Store,Completed
ORD-104749,2024-09-10,Central,Missouri,CE-01,CUST-01044,Consumer,Books,Educational,2,22.02,0.0,0.0,Debit Card,In-Store,Completed
ORD-103475,2024-09-10,East,Massachusetts,EA-05,CUST-00426,Corporate,Apparel,Men's Wear,3,58.31,0.05,0.0,PayPal,Online,Completed
ORD-100067,2024-09-10,East,Massachusetts,EA-05,CUST-00924,Consumer,Electronics,Cameras,3,380.39,0.0,0.0,Credit Card,In-Store,Completed
ORD-101307,2024-09-10,East,Massachusetts,EA-04,CUST-00018,Home Office,Beauty & Health,Wellness,3,37.54,0.15,0.0,PayPal,Online,Completed
ORD-103501,2024-09-10,South,Texas,SO-02,CUST-00900,Corporate,Electronics,Cameras,6,445.18,0.0,4.99,Credit Card,Online,Completed
ORD-101981,2024-09-10,West,California,WE-02,CUST-00622,Corporate,Electronics,Cameras,7,1153.62,0.1,12.99,PayPal,Online,Completed
ORD-105206,2024-09-10,East,New York,EA-05,CUST-01542,Corporate,Beauty & Health,Makeup,4,100.91,0.05,0.0,Debit Card,In-Store,Completed
ORD-104632,2024-09-10,North,Wisconsin,NO-02,CUST-00903,Consumer,Books,Educational,5,33.81,0.15,0.0,Cash,Online,Completed
ORD-102300,2024-09-10,East,New York,EA-02,CUST-00406,Corporate,Home Goods,Storage,6,382.6,0.0,0.0,Credit Card,Online,Completed
ORD-100116,2024-09-11,West,Oregon,WE-03,CUST-00540,Consumer,Electronics,Smart Home,3,948.86,0.25,4.99,Gift Card,Online,Completed
ORD-103326,2024-09-11,Central,Missouri,CE-03,CUST-00434,Corporate,Home Goods,Storage,2,394.34,0.0,0.0,Credit Card,Online,Completed
ORD-103550,2024-09-11,South,Texas,SO-01,CUST-01756,Corporate,Home Goods,Storage,4,316.82,0.0,12.99,Gift Card,Online,Completed
ORD-103287,2024-09-11,West,Oregon,WE-05,CUST-00563,Corporate,Apparel,Women's Wear,3,39.05,0.0,4.99,Debit Card,Online,Completed
ORD-102568,2024-09-11,West,Washington,WE-02,CUST-00244,Home Office,Books,Comics,3,15.27,0.05,4.99,Credit Card,Online,Completed
ORD-104289,2024-09-11,West,Washington,WE-02,CUST-01755,Consumer,Books,Fiction,1,6.0,0.05,0.0,Credit Card,In-Store,Completed
ORD-100820,2024-09-11,West,Oregon,WE-03,CUST-01101,Consumer,Beauty & Health,Personal Care,3,23.76,0.0,0.0,PayPal,Online,Completed
ORD-102120,2024-09-11,West,Oregon,WE-05,CUST-01550,Consumer,Home Goods,Furniture,5,152.12,0.25,0.0,Gift Card,In-Store,Completed
ORD-101528,2024-09-11,East,New Jersey,EA-02,CUST-00633,Consumer,Home Goods,Kitchenware,4,302.5,0.15,0.0,Credit Card,In-Store,Completed
ORD-100385,2024-09-11,East,New York,EA-03,CUST-01172,Corporate,Electronics,Cameras,4,167.24,0.05,0.0,Credit Card,In-Store,Completed
ORD-102591,2024-09-11,Central,Missouri,CE-02,CUST-00522,Consumer,Books,Educational,3,22.21,0.0,0.0,Credit Card,Online,Completed
ORD-103299,2024-09-11,North,Wisconsin,NO-04,CUST-01227,Home Office,Sporting Goods,Fitness Equipment,1,157.44,0.0,7.99,Debit Card,Online,Completed
ORD-104453,2024-09-12,Central,Illinois,CE-02,CUST-00126,Consumer,Sporting Goods,Fitness Equipment,5,293.35,0.05,12.99,Debit Card,Online,Returned
ORD-105051,2024-09-12,East,New Jersey,EA-04,CUST-00173,Consumer,Apparel,Kids' Wear,3,72.73,0.0,0.0,Credit Card,In-Store,Completed
ORD-105972,2024-09-12,North,Minnesota,NO-04,CUST-00532,Corporate,Apparel,Kids' Wear,7,36.97,0.0,0.0,Credit Card,In-Store,Completed
ORD-101935,2024-09-12,North,Wisconsin,NO-03,CUST-01621,Consumer,Electronics,Cameras,4,113.92,0.0,0.0,PayPal,In-Store,Completed
ORD-102524,2024-09-12,West,California,WE-02,CUST-00791,Home Office,Apparel,Kids' Wear,2,74.93,0.0,0.0,Debit Card,In-Store,Completed
ORD-103130,2024-09-12,West,California,WE-03,CUST-01267,Consumer,Books,Educational,5,11.93,0.0,0.0,PayPal,Online,Completed
ORD-102211,2024-09-12,North,Minnesota,NO-04,CUST-00533,Consumer,Apparel,Accessories,4,37.89,0.2,0.0,Debit Card,In-Store,Completed
ORD-104948,2024-09-12,West,Washington,WE-03,CUST-00323,Consumer,Electronics,Cameras,3,382.21,0.0,0.0,Cash,In-Store,Completed
ORD-103446,2024-09-12,Central,Missouri,CE-02,CUST-01565,Consumer,Beauty & Health,Personal Care,1,72.77,0.25,0.0,Credit Card,In-Store,Completed
ORD-103318,2024-09-12,North,Wisconsin,NO-04,CUST-01795,Consumer,Sporting Goods,Team Sports,5,143.09,0.0,0.0,Credit Card,In-Store,Completed
ORD-103919,2024-09-13,West,Oregon,WE-03,CUST-00301,Consumer,Beauty & Health,Haircare,3,50.43,0.0,0.0,Debit Card,In-Store,Completed
ORD-100618,2024-09-13,South,Florida,SO-05,CUST-00239,Corporate,Electronics,Smart Home,4,657.13,0.15,0.0,Credit Card,In-Store,Completed
ORD-101407,2024-09-13,West,Oregon,WE-03,CUST-00244,Consumer,Sporting Goods,Cycling,6,122.43,0.15,7.99,Credit Card,Online,Returned
ORD-104001,2024-09-13,South,Georgia,SO-02,CUST-01088,Consumer,Electronics,Cameras,2,315.11,0.1,0.0,Credit Card,In-Store,Completed
ORD-101004,2024-09-13,West,Washington,WE-02,CUST-01751,Consumer,Home Goods,Furniture,4,622.93,0.0,0.0,Gift Card,In-Store,Completed
ORD-101673,2024-09-13,North,Wisconsin,NO-04,CUST-00011,Corporate,Electronics,Smart Home,5,286.13,0.0,0.0,Credit Card,In-Store,Completed
ORD-103822,2024-09-13,North,Minnesota,NO-03,CUST-01642,Corporate,Home Goods,Storage,3,512.56,0.0,0.0,Debit Card,In-Store,Returned
ORD-103981,2024-09-13,South,Georgia,SO-01,CUST-00723,Consumer,Beauty & Health,Wellness,3,66.04,0.0,7.99,Cash,Online,Completed
ORD-102062,2024-09-13,West,California,WE-05,CUST-01614,Consumer,Home Goods,Kitchenware,3,296.46,0.0,0.0,PayPal,In-Store,Completed
ORD-101546,2024-09-13,Central,Missouri,CE-01,CUST-00438,Consumer,Home Goods,Decor,4,354.92,0.0,4.99,Gift Card,Online,Completed
ORD-100113,2024-09-14,West,Oregon,WE-03,CUST-00259,Consumer,Home Goods,Bedding,2,330.18,0.1,7.99,PayPal,Online,Completed
ORD-104861,2024-09-14,Central,Illinois,CE-05,CUST-00659,Home Office,Apparel,Men's Wear,4,81.52,0.05,0.0,Debit Card,In-Store,Returned
ORD-102705,2024-09-14,East,New York,EA-02,CUST-01401,Consumer,Home Goods,Decor,5,307.74,0.15,0.0,PayPal,Online,Completed
ORD-105516,2024-09-14,East,New York,EA-05,CUST-00805,Corporate,Apparel,Accessories,5,44.34,0.0,0.0,PayPal,Online,Completed
ORD-102552,2024-09-14,Central,Ohio,CE-05,CUST-00901,Consumer,Apparel,Accessories,5,49.94,0.15,0.0,Credit Card,Online,Completed
ORD-102772,2024-09-14,South,Florida,SO-03,CUST-00502,Consumer,Apparel,Women's Wear,3,41.13,0.05,4.99,Gift Card,Online,Completed
ORD-100389,2024-09-14,West,California,WE-02,CUST-00999,Home Office,Sporting Goods,Footwear,3,322.89,0.0,0.0,Credit Card,In-Store,Completed
ORD-102926,2024-09-14,Central,Missouri,CE-03,CUST-01089,Consumer,Apparel,Men's Wear,3,50.23,0.0,0.0,Credit Card,Online,Completed
ORD-103405,2024-09-14,West,Washington,WE-02,CUST-00919,Home Office,Books,Fiction,2,11.37,0.0,0.0,Credit Card,In-Store,Completed
ORD-100120,2024-09-14,West,Oregon,WE-01,CUST-01388,Consumer,Beauty & Health,Wellness,3,41.69,0.25,0.0,Credit Card,In-Store,Completed
ORD-101476,2024-09-14,East,Massachusetts,EA-02,CUST-01383,Consumer,Home Goods,Bedding,6,137.79,0.1,0.0,Debit Card,Online,Completed
ORD-102959,2024-09-14,North,North Dakota,NO-04,CUST-01180,Consumer,Home Goods,Decor,2,317.19,0.0,7.99,Debit Card,Online,Completed
ORD-104616,2024-09-15,Central,Illinois,CE-01,CUST-00457,Corporate,Home Goods,Bedding,4,268.14,0.05,0.0,Credit Card,Online,Completed
ORD-105378,2024-09-15,Central,Missouri,CE-01,CUST-00895,Consumer,Sporting Goods,Team Sports,5,246.3,0.0,0.0,Credit Card,Online,Completed
ORD-100707,2024-09-15,East,New York,EA-01,CUST-00584,Consumer,Electronics,Smartphones,6,372.84,0.0,0.0,Credit Card,Online,Completed
ORD-100270,2024-09-15,North,Wisconsin,NO-01,CUST-00614,Corporate,Apparel,Footwear,3,47.28,0.05,12.99,Gift Card,Online,Completed
ORD-100035,2024-09-15,South,Florida,SO-02,CUST-01321,Consumer,Home Goods,Storage,3,342.18,0.25,0.0,Credit Card,In-Store,Completed
ORD-103831,2024-09-15,East,New York,EA-01,CUST-00772,Consumer,Home Goods,Furniture,3,213.41,0.0,4.99,Debit Card,Online,Returned
ORD-103541,2024-09-15,East,New York,EA-03,CUST-00798,Consumer,Apparel,Women's Wear,3,72.22,0.05,4.99,PayPal,Online,Completed
ORD-104223,2024-09-15,West,Oregon,WE-01,CUST-00984,Consumer,Home Goods,Storage,5,306.83,0.05,0.0,Credit Card,Online,Completed
ORD-104324,2024-09-15,East,New Jersey,EA-02,CUST-01425,Consumer,Beauty & Health,Personal Care,8,48.9,0.05,0.0,PayPal,Online,Completed
ORD-101123,2024-09-15,West,Oregon,WE-02,CUST-01605,Corporate,Home Goods,Furniture,2,172.91,0.05,0.0,Gift Card,In-Store,Completed
ORD-105340,2024-09-16,Central,Missouri,CE-05,CUST-01761,Consumer,Home Goods,Storage,3,344.7,0.0,4.99,Credit Card,Online,Completed
ORD-105959,2024-09-16,East,New York,EA-01,CUST-00237,Consumer,Apparel,Women's Wear,4,70.79,0.0,0.0,Debit Card,In-Store,Completed
ORD-104524,2024-09-16,South,Georgia,SO-02,CUST-01349,Home Office,Sporting Goods,Footwear,2,193.51,0.0,0.0,Credit Card,In-Store,Completed
ORD-102748,2024-09-16,West,California,WE-05,CUST-00071,Home Office,Books,Children's,8,14.56,0.1,0.0,Credit Card,In-Store,Completed
ORD-102888,2024-09-16,North,Wisconsin,NO-05,CUST-01620,Consumer,Apparel,Accessories,2,31.25,0.0,0.0,Credit Card,Online,Completed
ORD-100271,2024-09-16,North,North Dakota,NO-04,CUST-00328,Consumer,Books,Fiction,6,19.06,0.0,0.0,Credit Card,Online,Completed
ORD-100517,2024-09-16,Central,Ohio,CE-02,CUST-01211,Corporate,Apparel,Men's Wear,4,85.03,0.0,0.0,Credit Card,Online,Completed
ORD-104939,2024-09-17,Central,Ohio,CE-01,CUST-00133,Corporate,Electronics,Cameras,3,351.63,0.05,4.99,Credit Card,Online,Completed
ORD-104545,2024-09-17,Central,Missouri,CE-03,CUST-00911,Corporate,Beauty & Health,Haircare,4,28.05,0.1,0.0,PayPal,In-Store,Completed
ORD-101834,2024-09-17,South,Texas,SO-03,CUST-01456,Consumer,Apparel,Accessories,3,87.46,0.1,0.0,Debit Card,Online,Completed
ORD-105480,2024-09-17,Central,Illinois,CE-05,CUST-00172,Consumer,Electronics,Laptops,2,709.13,0.1,0.0,Credit Card,Online,Returned
ORD-104177,2024-09-17,South,Georgia,SO-02,CUST-00626,Consumer,Home Goods,Bedding,7,454.06,0.0,0.0,Gift Card,In-Store,Completed
ORD-104639,2024-09-17,North,Wisconsin,NO-04,CUST-01221,Consumer,Apparel,Kids' Wear,4,127.48,0.05,0.0,Credit Card,Online,Cancelled
ORD-101510,2024-09-18,North,Minnesota,NO-05,CUST-00400,Consumer,Electronics,Smart Home,5,694.61,0.0,4.99,Cash,Online,Completed
ORD-100444,2024-09-18,North,North Dakota,NO-05,CUST-00526,Home Office,Home Goods,Storage,3,237.85,0.15,0.0,PayPal,In-Store,Completed
ORD-100503,2024-09-18,West,Oregon,WE-05,CUST-00894,Consumer,Home Goods,Bedding,2,192.13,0.15,12.99,Cash,Online,Completed
ORD-100530,2024-09-18,East,Massachusetts,EA-05,CUST-01016,Consumer,Electronics,Smartphones,3,300.97,0.0,7.99,Debit Card,Online,Completed
ORD-105868,2024-09-18,West,California,WE-02,CUST-01524,Corporate,Electronics,Laptops,3,341.88,0.0,4.99,PayPal,Online,Completed
ORD-105662,2024-09-18,South,Texas,SO-04,CUST-01212,Corporate,Sporting Goods,Team Sports,3,105.46,0.0,0.0,Credit Card,In-Store,Cancelled
ORD-104268,2024-09-18,South,Texas,SO-05,CUST-00658,Consumer,Sporting Goods,Outdoor Gear,3,92.82,0.0,0.0,Credit Card,In-Store,Completed
ORD-100731,2024-09-19,West,California,WE-01,CUST-01182,Consumer,Sporting Goods,Outdoor Gear,1,311.28,0.2,0.0,Credit Card,Online,Completed
ORD-103178,2024-09-19,North,Minnesota,NO-02,CUST-00889,Consumer,Home Goods,Decor,1,430.1,0.0,0.0,Credit Card,In-Store,Completed
ORD-101728,2024-09-19,Central,Missouri,CE-03,CUST-01165,Consumer,Apparel,Women's Wear,5,43.69,0.0,0.0,Credit Card,In-Store,Completed
ORD-104869,2024-09-19,East,Massachusetts,EA-03,CUST-01214,Home Office,Apparel,Kids' Wear,3,42.84,0.0,4.99,Gift Card,Online,Completed
ORD-103860,2024-09-19,East,Massachusetts,EA-04,CUST-00138,Home Office,Electronics,Cameras,2,476.26,0.2,0.0,Debit Card,In-Store,Completed
ORD-103374,2024-09-19,North,Minnesota,NO-04,CUST-00031,Consumer,Home Goods,Storage,2,329.45,0.0,0.0,Credit Card,In-Store,Completed
ORD-104329,2024-09-19,North,Minnesota,NO-02,CUST-00754,Home Office,Books,Educational,8,6.87,0.0,0.0,Debit Card,Online,Returned
ORD-101309,2024-09-19,Central,Ohio,CE-03,CUST-01560,Consumer,Apparel,Footwear,2,34.35,0.05,0.0,PayPal,In-Store,Completed
ORD-100378,2024-09-19,South,Georgia,SO-04,CUST-00704,Corporate,Electronics,Smart Home,2,821.4,0.1,0.0,Gift Card,Online,Completed
ORD-104998,2024-09-20,West,Washington,WE-01,CUST-00949,Corporate,Electronics,Cameras,4,240.26,0.25,0.0,PayPal,In-Store,Completed
ORD-105803,2024-09-20,South,Texas,SO-05,CUST-01594,Consumer,Sporting Goods,Fitness Equipment,5,223.7,0.0,4.99,Credit Card,Online,Completed
ORD-105832,2024-09-20,North,Wisconsin,NO-04,CUST-00997,Consumer,Beauty & Health,Haircare,2,20.18,0.0,4.99,Debit Card,Online,Completed
ORD-101851,2024-09-20,West,California,WE-02,CUST-00187,Consumer,Home Goods,Kitchenware,1,800.0,0.0,12.99,PayPal,Online,Completed
ORD-100073,2024-09-20,North,North Dakota,NO-04,CUST-01359,Home Office,Apparel,Accessories,2,13.56,0.0,4.99,Credit Card,Online,Returned
ORD-101110,2024-09-20,West,Washington,WE-05,CUST-00421,Consumer,Apparel,Footwear,3,63.35,0.0,4.99,Credit Card,Online,Cancelled
ORD-102922,2024-09-21,East,Massachusetts,EA-02,CUST-00686,Corporate,Books,Non-Fiction,3,19.59,0.05,0.0,Credit Card,In-Store,Completed
ORD-101313,2024-09-21,Central,Missouri,CE-02,CUST-01464,Home Office,Home Goods,Bedding,2,359.71,0.0,0.0,Debit Card,In-Store,Completed
ORD-103984,2024-09-21,Central,Illinois,CE-03,CUST-01237,Home Office,Sporting Goods,Team Sports,3,177.65,0.0,0.0,Credit Card,Online,Completed
ORD-100906,2024-09-21,South,Texas,SO-04,CUST-01443,Consumer,Apparel,Accessories,5,64.77,0.15,4.99,PayPal,Online,Returned
ORD-101165,2024-09-21,North,North Dakota,NO-03,CUST-01633,Consumer,Beauty & Health,Makeup,3,15.24,0.0,4.99,Gift Card,Online,Completed
ORD-103513,2024-09-21,East,New York,EA-02,CUST-00499,Consumer,Apparel,Footwear,1,23.64,0.0,0.0,Cash,In-Store,Completed
ORD-105175,2024-09-21,West,California,WE-01,CUST-00319,Home Office,Home Goods,Bedding,3,192.75,0.0,4.99,Cash,Online,Completed
ORD-100126,2024-09-21,North,North Dakota,NO-04,CUST-00483,Consumer,Home Goods,Bedding,3,181.79,0.0,0.0,Credit Card,Online,Completed
ORD-100186,2024-09-21,East,New York,EA-05,CUST-00158,Consumer,Electronics,Laptops,4,598.28,0.15,4.99,Credit Card,Online,Completed
ORD-102983,2024-09-21,West,California,WE-02,CUST-01481,Home Office,Apparel,Footwear,4,97.09,0.2,0.0,Gift Card,In-Store,Completed
ORD-101480,2024-09-21,West,Washington,WE-01,CUST-01306,Home Office,Home Goods,Kitchenware,5,410.81,0.0,0.0,Credit Card,Online,Completed
ORD-101669,2024-09-21,East,New Jersey,EA-04,CUST-01066,Corporate,Home Goods,Furniture,4,370.26,0.0,7.99,Debit Card,Online,Completed
ORD-103741,2024-09-21,East,New Jersey,EA-01,CUST-01323,Corporate,Apparel,Men's Wear,2,75.94,0.1,0.0,Gift Card,Online,Returned
ORD-100680,2024-09-21,East,New Jersey,EA-05,CUST-00160,Corporate,Apparel,Accessories,2,56.02,0.25,0.0,Debit Card,In-Store,Completed
ORD-101870,2024-09-21,Central,Missouri,CE-03,CUST-00777,Corporate,Apparel,Women's Wear,5,25.52,0.15,4.99,Gift Card,Online,Completed
ORD-100737,2024-09-21,East,New Jersey,EA-02,CUST-00279,Consumer,Home Goods,Furniture,4,191.2,0.0,12.99,Debit Card,Online,Completed
ORD-100989,2024-09-22,South,Florida,SO-03,CUST-01154,Consumer,Home Goods,Furniture,1,354.46,0.0,0.0,Credit Card,In-Store,Completed
ORD-105787,2024-09-22,East,Massachusetts,EA-01,CUST-01418,Consumer,Electronics,Smartphones,2,341.7,0.0,0.0,Debit Card,In-Store,Completed
ORD-102140,2024-09-22,South,Florida,SO-04,CUST-01768,Corporate,Sporting Goods,Team Sports,3,128.86,0.0,0.0,Credit Card,In-Store,Cancelled
ORD-104056,2024-09-22,West,Oregon,WE-04,CUST-00972,Home Office,Home Goods,Kitchenware,3,305.81,0.15,0.0,Debit Card,In-Store,Completed
ORD-104773,2024-09-22,East,Massachusetts,EA-04,CUST-00300,Consumer,Apparel,Accessories,3,44.85,0.0,7.99,Credit Card,Online,Completed
ORD-103802,2024-09-22,West,California,WE-04,CUST-00264,Consumer,Books,Non-Fiction,3,14.31,0.0,0.0,Credit Card,In-Store,Completed
ORD-101552,2024-09-22,North,North Dakota,NO-03,CUST-00495,Corporate,Books,Comics,3,45.0,0.0,0.0,Debit Card,In-Store,Completed
ORD-104817,2024-09-22,South,Texas,SO-01,CUST-01046,Corporate,Apparel,Women's Wear,3,58.03,0.15,0.0,Credit Card,Online,Completed
ORD-105641,2024-09-22,North,Minnesota,NO-02,CUST-00978,Consumer,Electronics,Cameras,3,492.3,0.0,7.99,Credit Card,Online,Completed
ORD-104708,2024-09-23,East,Massachusetts,EA-05,CUST-00679,Consumer,Electronics,Smart Home,4,380.93,0.0,0.0,Credit Card,In-Store,Completed
ORD-105812,2024-09-23,East,Massachusetts,EA-03,CUST-00032,Home Office,Apparel,Footwear,5,73.63,0.0,0.0,Debit Card,In-Store,Completed
ORD-105622,2024-09-23,East,New Jersey,EA-02,CUST-01283,Home Office,Beauty & Health,Haircare,1,58.94,0.1,0.0,Credit Card,Online,Completed
ORD-104342,2024-09-23,Central,Illinois,CE-04,CUST-01318,Corporate,Home Goods,Decor,3,357.92,0.0,0.0,PayPal,In-Store,Completed
ORD-103818,2024-09-23,South,Florida,SO-03,CUST-01423,Corporate,Electronics,Laptops,3,492.14,0.0,0.0,Debit Card,In-Store,Completed
ORD-104215,2024-09-23,West,California,WE-01,CUST-01577,Home Office,Books,Comics,3,19.68,0.15,0.0,Debit Card,In-Store,Completed
ORD-105730,2024-09-24,South,Florida,SO-04,CUST-01127,Consumer,Apparel,Footwear,3,56.53,0.0,0.0,Credit Card,In-Store,Returned
ORD-103275,2024-09-24,South,Florida,SO-02,CUST-00760,Corporate,Beauty & Health,Wellness,7,36.95,0.0,7.99,Credit Card,Online,Completed
ORD-102145,2024-09-24,West,Washington,WE-01,CUST-01564,Corporate,Sporting Goods,Footwear,4,98.43,0.1,0.0,Credit Card,In-Store,Completed
ORD-102656,2024-09-24,West,California,WE-01,CUST-00554,Consumer,Home Goods,Storage,3,788.76,0.0,0.0,Cash,In-Store,Completed
ORD-104804,2024-09-24,North,Wisconsin,NO-04,CUST-00288,Consumer,Home Goods,Bedding,4,308.66,0.1,0.0,Debit Card,In-Store,Completed
ORD-100437,2024-09-24,West,Oregon,WE-02,CUST-01616,Consumer,Books,Children's,4,10.11,0.0,0.0,Debit Card,Online,Completed
ORD-100769,2024-09-24,Central,Missouri,CE-02,CUST-00787,Consumer,Beauty & Health,Makeup,3,59.81,0.25,12.99,Credit Card,Online,Completed
ORD-105612,2024-09-24,South,Florida,SO-03,CUST-00241,Consumer,Apparel,Footwear,1,24.33,0.0,4.99,Credit Card,Online,Completed
ORD-103358,2024-09-24,North,Minnesota,NO-01,CUST-00406,Consumer,Books,Fiction,5,18.87,0.0,7.99,Debit Card,Online,Completed
ORD-102088,2024-09-24,South,Texas,SO-01,CUST-00049,Consumer,Electronics,Smart Home,5,690.18,0.0,7.99,PayPal,Online,Completed
ORD-105572,2024-09-24,West,Oregon,WE-01,CUST-00578,Consumer,Apparel,Men's Wear,3,37.82,0.0,0.0,Credit Card,In-Store,Completed
ORD-102326,2024-09-24,East,Massachusetts,EA-04,CUST-01419,Consumer,Electronics,Smart Home,4,431.0,0.1,7.99,Debit Card,Online,Completed
ORD-103776,2024-09-24,North,Minnesota,NO-04,CUST-00648,Consumer,Apparel,Accessories,1,45.99,0.0,0.0,PayPal,In-Store,Completed
ORD-101564,2024-09-25,South,Texas,SO-04,CUST-00342,Corporate,Books,Fiction,3,6.0,0.0,0.0,Credit Card,In-Store,Returned
ORD-100292,2024-09-25,South,Texas,SO-04,CUST-00890,Consumer,Books,Comics,2,7.57,0.0,7.99,Credit Card,Online,Completed
ORD-105989,2024-09-25,West,Oregon,WE-01,CUST-01283,Home Office,Apparel,Footwear,3,20.86,0.1,0.0,Debit Card,Online,Completed
ORD-101683,2024-09-25,South,Florida,SO-05,CUST-01553,Home Office,Apparel,Accessories,5,43.42,0.0,0.0,Credit Card,In-Store,Completed
ORD-100507,2024-09-25,South,Georgia,SO-03,CUST-00538,Consumer,Beauty & Health,Haircare,4,71.81,0.15,0.0,Credit Card,Online,Completed
ORD-105778,2024-09-25,East,New York,EA-03,CUST-00775,Consumer,Electronics,Laptops,5,864.14,0.1,0.0,PayPal,In-Store,Completed
ORD-103131,2024-09-25,North,North Dakota,NO-03,CUST-01214,Consumer,Electronics,Smart Home,4,677.54,0.0,0.0,Credit Card,Online,Completed
ORD-102380,2024-09-25,East,New York,EA-01,CUST-01093,Home Office,Electronics,Smartphones,4,600.88,0.15,4.99,Debit Card,Online,Returned
ORD-102590,2024-09-25,North,Minnesota,NO-04,CUST-00680,Consumer,Home Goods,Kitchenware,4,306.85,0.1,0.0,Credit Card,In-Store,Completed
ORD-104052,2024-09-25,South,Texas,SO-01,CUST-01202,Corporate,Electronics,Headphones,3,637.94,0.0,0.0,Credit Card,In-Store,Completed
ORD-103561,2024-09-25,West,Washington,WE-04,CUST-01067,Home Office,Home Goods,Furniture,6,459.71,0.0,0.0,Cash,Online,Completed
ORD-104025,2024-09-26,Central,Ohio,CE-03,CUST-01153,Consumer,Apparel,Footwear,5,42.39,0.1,0.0,Credit Card,Online,Completed
ORD-101140,2024-09-26,East,New Jersey,EA-01,CUST-00863,Consumer,Electronics,Smart Home,3,271.75,0.0,0.0,Cash,In-Store,Completed
ORD-104879,2024-09-26,West,California,WE-03,CUST-01105,Corporate,Home Goods,Kitchenware,7,352.62,0.0,0.0,Debit Card,In-Store,Completed
ORD-103158,2024-09-26,South,Georgia,SO-02,CUST-00405,Consumer,Apparel,Kids' Wear,4,76.03,0.0,7.99,Gift Card,Online,Completed
ORD-103817,2024-09-26,South,Florida,SO-04,CUST-01523,Consumer,Electronics,Laptops,4,318.99,0.0,0.0,Credit Card,In-Store,Completed
ORD-103895,2024-09-26,North,North Dakota,NO-01,CUST-00355,Consumer,Books,Comics,2,15.95,0.1,0.0,Credit Card,In-Store,Completed
ORD-102324,2024-09-26,East,New York,EA-05,CUST-00390,Consumer,Books,Educational,4,18.72,0.1,0.0,Cash,In-Store,Completed
ORD-103832,2024-09-26,Central,Missouri,CE-03,CUST-01077,Consumer,Home Goods,Decor,5,185.33,0.0,0.0,Debit Card,Online,Completed
ORD-105969,2024-09-27,Central,Illinois,CE-05,CUST-01672,Consumer,Sporting Goods,Cycling,3,210.64,0.0,0.0,Debit Card,In-Store,Completed
ORD-103606,2024-09-27,East,New Jersey,EA-04,CUST-01027,Consumer,Electronics,Headphones,1,216.81,0.1,0.0,Debit Card,Online,Completed
ORD-101937,2024-09-27,West,Washington,WE-03,CUST-01603,Consumer,Apparel,Kids' Wear,3,37.52,0.05,0.0,Debit Card,Online,Returned
ORD-104023,2024-09-27,North,Minnesota,NO-03,CUST-01249,Consumer,Electronics,Laptops,3,204.14,0.0,0.0,Gift Card,Online,Completed
ORD-102153,2024-09-27,South,Florida,SO-02,CUST-01787,Consumer,Electronics,Laptops,4,320.41,0.05,4.99,Gift Card,Online,Completed
ORD-104348,2024-09-27,West,Oregon,WE-05,CUST-00675,Consumer,Apparel,Women's Wear,3,40.25,0.0,0.0,Credit Card,Online,Cancelled
ORD-105949,2024-09-27,South,Florida,SO-01,CUST-01739,Consumer,Apparel,Accessories,3,44.93,0.05,7.99,Cash,Online,Completed
ORD-103396,2024-09-27,West,Washington,WE-04,CUST-01782,Home Office,Electronics,Laptops,1,791.97,0.0,0.0,Debit Card,In-Store,Completed
ORD-101160,2024-09-27,East,New Jersey,EA-04,CUST-00467,Consumer,Home Goods,Decor,6,257.31,0.05,0.0,Credit Card,Online,Completed
ORD-101647,2024-09-27,West,Washington,WE-04,CUST-01334,Consumer,Apparel,Footwear,4,54.31,0.0,7.99,PayPal,Online,Completed
ORD-102950,2024-09-28,East,New Jersey,EA-05,CUST-00483,Consumer,Sporting Goods,Team Sports,2,441.25,0.1,7.99,Credit Card,Online,Completed
ORD-103873,2024-09-28,South,Florida,SO-05,CUST-00898,Consumer,Home Goods,Furniture,4,447.51,0.0,0.0,Gift Card,Online,Completed
ORD-100403,2024-09-28,South,Florida,SO-02,CUST-00561,Consumer,Electronics,Laptops,2,261.31,0.0,0.0,Credit Card,In-Store,Completed
ORD-104775,2024-09-28,West,Oregon,WE-03,CUST-01680,Corporate,Apparel,Accessories,1,43.37,0.0,0.0,Cash,In-Store,Completed
ORD-104343,2024-09-28,North,North Dakota,NO-05,CUST-01076,Consumer,Electronics,Cameras,2,613.4,0.0,0.0,PayPal,In-Store,Completed
ORD-103783,2024-09-28,South,Texas,SO-03,CUST-00704,Consumer,Books,Children's,4,24.0,0.0,0.0,PayPal,Online,Cancelled
ORD-105582,2024-09-28,Central,Ohio,CE-05,CUST-00096,Home Office,Apparel,Men's Wear,3,34.17,0.15,0.0,PayPal,In-Store,Completed
ORD-101740,2024-09-28,North,Minnesota,NO-03,CUST-00006,Consumer,Apparel,Men's Wear,3,66.89,0.0,0.0,Credit Card,Online,Completed
ORD-103690,2024-09-28,East,New Jersey,EA-01,CUST-00444,Corporate,Apparel,Footwear,2,59.9,0.15,7.99,Credit Card,Online,Completed
ORD-105261,2024-09-28,West,Washington,WE-05,CUST-00216,Corporate,Beauty & Health,Makeup,6,13.93,0.0,4.99,Credit Card,Online,Completed
ORD-102500,2024-09-28,East,Massachusetts,EA-05,CUST-01188,Corporate,Sporting Goods,Team Sports,5,122.76,0.0,0.0,PayPal,In-Store,Completed
ORD-102431,2024-09-28,North,North Dakota,NO-01,CUST-00358,Consumer,Electronics,Smart Home,3,514.25,0.0,0.0,Credit Card,In-Store,Completed
ORD-103652,2024-09-28,West,California,WE-04,CUST-01109,Consumer,Electronics,Laptops,5,654.77,0.05,0.0,Debit Card,In-Store,Completed
ORD-102253,2024-09-29,South,Texas,SO-02,CUST-00299,Home Office,Electronics,Smart Home,2,243.11,0.0,0.0,Credit Card,Online,Completed
ORD-102149,2024-09-29,East,New York,EA-03,CUST-00299,Home Office,Electronics,Smartphones,6,628.46,0.0,0.0,Debit Card,Online,Completed
ORD-100062,2024-09-29,West,California,WE-02,CUST-01737,Consumer,Home Goods,Kitchenware,2,198.39,0.2,0.0,PayPal,Online,Completed
ORD-105543,2024-09-29,South,Florida,SO-04,CUST-00371,Consumer,Electronics,Smartphones,2,395.96,0.0,0.0,Debit Card,In-Store,Completed
ORD-104304,2024-09-29,North,Wisconsin,NO-04,CUST-01796,Consumer,Electronics,Smart Home,5,489.5,0.0,7.99,Credit Card,Online,Completed
ORD-102216,2024-09-29,West,California,WE-05,CUST-00382,Consumer,Sporting Goods,Footwear,1,143.51,0.0,4.99,Debit Card,Online,Completed
ORD-101029,2024-09-29,South,Florida,SO-02,CUST-01721,Consumer,Sporting Goods,Team Sports,1,213.92,0.05,12.99,Gift Card,Online,Completed
ORD-104308,2024-09-29,South,Florida,SO-05,CUST-00564,Consumer,Apparel,Kids' Wear,4,24.4,0.0,0.0,Debit Card,Online,Completed
ORD-102531,2024-09-29,South,Texas,SO-05,CUST-00579,Corporate,Beauty & Health,Haircare,2,53.41,0.15,0.0,Gift Card,In-Store,Completed
ORD-101395,2024-09-29,South,Georgia,SO-05,CUST-01329,Home Office,Home Goods,Kitchenware,4,442.6,0.05,4.99,Debit Card,Online,Completed
ORD-103188,2024-09-29,Central,Missouri,CE-05,CUST-01782,Consumer,Books,Children's,5,21.63,0.0,0.0,Credit Card,Online,Completed
ORD-104663,2024-09-29,Central,Ohio,CE-03,CUST-01540,Consumer,Electronics,Laptops,2,390.9,0.0,0.0,Credit Card,In-Store,Completed
ORD-104441,2024-09-30,West,Washington,WE-05,CUST-00845,Consumer,Apparel,Kids' Wear,1,38.1,0.0,7.99,Credit Card,Online,Completed
ORD-104664,2024-09-30,North,Minnesota,NO-04,CUST-00453,Consumer,Sporting Goods,Footwear,2,178.85,0.0,0.0,PayPal,Online,Completed
ORD-100716,2024-09-30,North,Wisconsin,NO-03,CUST-00829,Consumer,Home Goods,Furniture,5,512.86,0.1,4.99,Credit Card,Online,Completed
ORD-105873,2024-09-30,Central,Illinois,CE-04,CUST-00210,Corporate,Apparel,Accessories,3,50.77,0.15,0.0,PayPal,In-Store,Returned
ORD-105181,2024-09-30,North,Minnesota,NO-04,CUST-01633,Home Office,Apparel,Footwear,1,82.14,0.0,4.99,Debit Card,Online,Completed
ORD-100892,2024-09-30,West,Washington,WE-05,CUST-01421,Home Office,Electronics,Headphones,5,819.76,0.1,0.0,PayPal,In-Store,Returned
ORD-100943,2024-09-30,East,New York,EA-05,CUST-01217,Consumer,Beauty & Health,Personal Care,2,62.48,0.0,0.0,Credit Card,In-Store,Completed
ORD-102247,2024-10-01,South,Georgia,SO-05,CUST-00822,Corporate,Home Goods,Furniture,2,291.13,0.1,4.99,Credit Card,Online,Completed
ORD-104143,2024-10-01,Central,Missouri,CE-03,CUST-00916,Home Office,Sporting Goods,Cycling,1,110.72,0.1,0.0,Debit Card,In-Store,Completed
ORD-103759,2024-10-01,West,Oregon,WE-04,CUST-01162,Corporate,Sporting Goods,Team Sports,3,459.45,0.05,0.0,Credit Card,Online,Completed
ORD-105742,2024-10-02,West,Washington,WE-02,CUST-01650,Corporate,Electronics,Cameras,1,582.54,0.25,0.0,Credit Card,In-Store,Completed
ORD-100012,2024-10-02,North,North Dakota,NO-04,CUST-00654,Consumer,Apparel,Men's Wear,3,54.54,0.0,0.0,Credit Card,In-Store,Completed
ORD-104452,2024-10-02,South,Texas,SO-04,CUST-00186,Consumer,Electronics,Headphones,4,419.13,0.2,0.0,PayPal,In-Store,Completed
ORD-103980,2024-10-02,West,Washington,WE-02,CUST-00872,Corporate,Electronics,Smart Home,5,950.34,0.0,4.99,Credit Card,Online,Cancelled
ORD-101971,2024-10-02,West,Oregon,WE-03,CUST-00940,Corporate,Home Goods,Decor,2,171.71,0.0,4.99,Cash,Online,Completed
ORD-101166,2024-10-02,South,Texas,SO-02,CUST-00908,Consumer,Sporting Goods,Outdoor Gear,1,215.01,0.15,0.0,Gift Card,In-Store,Returned
ORD-103005,2024-10-03,South,Florida,SO-02,CUST-01306,Corporate,Home Goods,Decor,4,257.66,0.0,0.0,Credit Card,Online,Completed
ORD-102443,2024-10-03,North,Minnesota,NO-01,CUST-01141,Consumer,Home Goods,Bedding,1,203.57,0.0,0.0,Credit Card,Online,Completed
ORD-103897,2024-10-03,East,New Jersey,EA-05,CUST-01215,Consumer,Apparel,Men's Wear,3,18.69,0.0,12.99,Debit Card,Online,Completed
ORD-103859,2024-10-03,West,California,WE-04,CUST-00272,Consumer,Home Goods,Kitchenware,1,262.7,0.0,0.0,PayPal,In-Store,Completed
ORD-103721,2024-10-04,West,Washington,WE-05,CUST-00961,Home Office,Apparel,Men's Wear,5,136.81,0.0,0.0,Credit Card,In-Store,Completed
ORD-105667,2024-10-04,East,New York,EA-04,CUST-01114,Corporate,Sporting Goods,Fitness Equipment,2,128.46,0.15,4.99,Debit Card,Online,Completed
ORD-102535,2024-10-04,North,North Dakota,NO-02,CUST-01095,Consumer,Home Goods,Furniture,4,189.99,0.05,4.99,Cash,Online,Completed
ORD-105092,2024-10-04,North,Wisconsin,NO-02,CUST-01757,Consumer,Sporting Goods,Team Sports,3,254.17,0.0,4.99,Gift Card,Online,Completed
ORD-105520,2024-10-04,Central,Missouri,CE-03,CUST-00631,Home Office,Books,Comics,4,18.18,0.0,7.99,Cash,Online,Returned
ORD-105554,2024-10-05,Central,Ohio,CE-04,CUST-01633,Corporate,Home Goods,Furniture,6,153.78,0.05,4.99,Gift Card,Online,Completed
ORD-100314,2024-10-05,Central,Illinois,CE-01,CUST-00844,Consumer,Home Goods,Decor,4,262.68,0.15,0.0,Credit Card,In-Store,Completed
ORD-102889,2024-10-05,West,California,WE-02,CUST-00017,Consumer,Apparel,Accessories,3,61.96,0.0,0.0,Gift Card,In-Store,Returned
ORD-100931,2024-10-05,North,Wisconsin,NO-01,CUST-01068,Consumer,Home Goods,Furniture,2,305.79,0.2,0.0,Credit Card,In-Store,Completed
ORD-102681,2024-10-05,North,Wisconsin,NO-02,CUST-00006,Corporate,Apparel,Accessories,2,42.4,0.2,0.0,Credit Card,Online,Completed
ORD-103951,2024-10-05,Central,Illinois,CE-02,CUST-00352,Consumer,Electronics,Smartphones,3,1200.0,0.1,7.99,Cash,Online,Completed
ORD-100165,2024-10-05,North,Wisconsin,NO-05,CUST-01068,Consumer,Electronics,Cameras,1,129.17,0.05,4.99,Credit Card,Online,Completed
ORD-102175,2024-10-06,Central,Missouri,CE-05,CUST-01279,Home Office,Apparel,Kids' Wear,3,48.99,0.0,0.0,Credit Card,In-Store,Completed
ORD-103274,2024-10-06,North,North Dakota,NO-05,CUST-00781,Corporate,Home Goods,Storage,3,108.96,0.05,0.0,Credit Card,In-Store,Completed
ORD-101151,2024-10-06,South,Texas,SO-04,CUST-00491,Consumer,Beauty & Health,Wellness,3,27.58,0.2,0.0,PayPal,In-Store,Completed
ORD-103468,2024-10-06,East,New Jersey,EA-05,CUST-00069,Consumer,Books,Children's,4,11.84,0.0,0.0,PayPal,Online,Completed
ORD-105568,2024-10-06,Central,Illinois,CE-01,CUST-00981,Corporate,Home Goods,Kitchenware,4,139.26,0.0,0.0,Gift Card,In-Store,Completed
ORD-103424,2024-10-06,South,Georgia,SO-03,CUST-00360,Consumer,Electronics,Cameras,2,431.63,0.0,0.0,Gift Card,In-Store,Completed
ORD-104656,2024-10-06,Central,Ohio,CE-03,CUST-00666,Consumer,Home Goods,Furniture,1,146.55,0.1,4.99,Credit Card,Online,Completed
ORD-103205,2024-10-07,Central,Illinois,CE-02,CUST-00133,Home Office,Apparel,Kids' Wear,4,29.21,0.0,4.99,Credit Card,Online,Completed
ORD-101447,2024-10-07,East,New Jersey,EA-01,CUST-00672,Consumer,Sporting Goods,Footwear,5,231.45,0.0,0.0,PayPal,In-Store,Completed
ORD-105082,2024-10-07,East,New York,EA-05,CUST-00613,Consumer,Electronics,Smartphones,5,578.24,0.0,0.0,PayPal,Online,Completed
ORD-103581,2024-10-07,South,Georgia,SO-04,CUST-00417,Consumer,Beauty & Health,Skincare,3,58.53,0.1,12.99,Credit Card,Online,Completed
ORD-103474,2024-10-07,Central,Missouri,CE-03,CUST-00414,Consumer,Sporting Goods,Team Sports,6,326.63,0.0,0.0,Credit Card,In-Store,Returned
ORD-100524,2024-10-07,South,Florida,SO-04,CUST-01089,Corporate,Books,Fiction,4,12.07,0.05,7.99,Debit Card,Online,Completed
ORD-102976,2024-10-08,North,Minnesota,NO-04,CUST-00085,Consumer,Home Goods,Bedding,1,149.55,0.0,0.0,Credit Card,In-Store,Completed
ORD-100811,2024-10-08,Central,Ohio,CE-05,CUST-00816,Consumer,Electronics,Smart Home,3,643.03,0.0,0.0,PayPal,In-Store,Completed
ORD-105615,2024-10-08,South,Florida,SO-05,CUST-01222,Home Office,Books,Fiction,4,12.55,0.0,0.0,Debit Card,Online,Returned
ORD-104983,2024-10-08,West,California,WE-01,CUST-00274,Corporate,Apparel,Footwear,2,52.35,0.0,0.0,Credit Card,In-Store,Completed
ORD-102610,2024-10-08,West,Oregon,WE-05,CUST-00430,Consumer,Apparel,Men's Wear,5,29.6,0.0,7.99,Credit Card,Online,Completed
ORD-104667,2024-10-08,North,North Dakota,NO-05,CUST-00872,Corporate,Electronics,Laptops,4,229.06,0.15,4.99,Cash,Online,Returned
ORD-103129,2024-10-08,Central,Illinois,CE-04,CUST-01238,Consumer,Home Goods,Furniture,4,348.76,0.0,0.0,Debit Card,In-Store,Completed
ORD-104377,2024-10-08,North,North Dakota,NO-05,CUST-01419,Home Office,Sporting Goods,Fitness Equipment,5,154.41,0.0,4.99,Debit Card,Online,Completed
ORD-103666,2024-10-08,East,New York,EA-04,CUST-00386,Corporate,Apparel,Kids' Wear,5,27.76,0.05,0.0,Debit Card,In-Store,Completed
ORD-103093,2024-10-09,North,North Dakota,NO-04,CUST-01102,Consumer,Sporting Goods,Team Sports,3,196.21,0.0,0.0,Debit Card,In-Store,Completed
ORD-105637,2024-10-09,East,Massachusetts,EA-01,CUST-00874,Corporate,Home Goods,Kitchenware,5,123.57,0.25,0.0,Cash,In-Store,Completed
ORD-103572,2024-10-09,West,Oregon,WE-03,CUST-00133,Consumer,Electronics,Smartphones,6,982.12,0.0,0.0,Debit Card,Online,Completed
ORD-101962,2024-10-09,East,New Jersey,EA-01,CUST-00887,Corporate,Home Goods,Kitchenware,4,373.79,0.0,0.0,Credit Card,In-Store,Completed
ORD-101558,2024-10-09,East,Massachusetts,EA-01,CUST-01691,Home Office,Home Goods,Decor,2,106.76,0.0,0.0,PayPal,In-Store,Completed
ORD-101873,2024-10-10,South,Florida,SO-05,CUST-00785,Consumer,Sporting Goods,Cycling,3,282.02,0.0,0.0,Credit Card,Online,Completed
ORD-101779,2024-10-10,Central,Illinois,CE-02,CUST-01026,Consumer,Apparel,Footwear,2,65.89,0.1,0.0,Debit Card,In-Store,Completed
ORD-102163,2024-10-10,Central,Illinois,CE-04,CUST-01220,Consumer,Home Goods,Decor,2,225.45,0.0,0.0,Credit Card,In-Store,Completed
ORD-103828,2024-10-10,East,Massachusetts,EA-05,CUST-00927,Home Office,Beauty & Health,Wellness,6,31.3,0.05,12.99,Credit Card,Online,Completed
ORD-104395,2024-10-11,East,New York,EA-02,CUST-01721,Consumer,Home Goods,Bedding,2,171.85,0.0,0.0,Debit Card,Online,Returned
ORD-100725,2024-10-11,East,Massachusetts,EA-04,CUST-01101,Home Office,Apparel,Accessories,5,58.08,0.0,0.0,Debit Card,Online,Completed
ORD-101858,2024-10-11,Central,Ohio,CE-02,CUST-00493,Consumer,Electronics,Cameras,2,581.39,0.0,0.0,Debit Card,Online,Returned
ORD-101979,2024-10-11,North,Minnesota,NO-01,CUST-00374,Home Office,Apparel,Women's Wear,3,27.38,0.0,4.99,Gift Card,Online,Completed
ORD-100523,2024-10-11,South,Georgia,SO-01,CUST-00819,Consumer,Beauty & Health,Personal Care,3,35.43,0.0,0.0,Credit Card,Online,Completed
ORD-105437,2024-10-11,Central,Illinois,CE-03,CUST-00386,Corporate,Home Goods,Furniture,2,142.13,0.0,0.0,Credit Card,Online,Completed
ORD-101641,2024-10-11,South,Florida,SO-02,CUST-01205,Consumer,Beauty & Health,Skincare,3,29.2,0.0,0.0,Debit Card,Online,Completed
ORD-102781,2024-10-12,South,Texas,SO-01,CUST-01161,Home Office,Electronics,Smart Home,4,645.18,0.05,0.0,Cash,In-Store,Completed
ORD-103276,2024-10-12,West,Washington,WE-02,CUST-01591,Consumer,Beauty & Health,Makeup,5,65.21,0.0,12.99,Credit Card,Online,Completed
ORD-105439,2024-10-12,Central,Illinois,CE-05,CUST-01599,Consumer,Books,Educational,3,18.07,0.15,0.0,Cash,In-Store,Completed
ORD-102618,2024-10-12,West,Washington,WE-01,CUST-00985,Consumer,Apparel,Kids' Wear,5,126.75,0.0,0.0,Credit Card,In-Store,Completed
ORD-105820,2024-10-12,West,California,WE-05,CUST-01297,Consumer,Books,Educational,4,10.13,0.0,0.0,Cash,Online,Completed
ORD-105625,2024-10-12,Central,Ohio,CE-04,CUST-01798,Corporate,Electronics,Headphones,4,599.03,0.0,7.99,Credit Card,Online,Completed
ORD-101761,2024-10-13,East,New York,EA-01,CUST-01709,Home Office,Apparel,Women's Wear,2,33.01,0.05,7.99,Cash,Online,Completed
ORD-103617,2024-10-13,West,Oregon,WE-05,CUST-00724,Consumer,Home Goods,Kitchenware,4,375.15,0.0,12.99,Cash,Online,Completed
ORD-101243,2024-10-13,East,New York,EA-04,CUST-00717,Consumer,Sporting Goods,Outdoor Gear,5,468.19,0.15,0.0,Cash,In-Store,Completed
ORD-105096,2024-10-13,Central,Missouri,CE-05,CUST-00938,Consumer,Sporting Goods,Outdoor Gear,3,288.57,0.0,7.99,PayPal,Online,Completed
ORD-100376,2024-10-13,West,Washington,WE-05,CUST-00042,Consumer,Sporting Goods,Fitness Equipment,5,227.0,0.15,7.99,Gift Card,Online,Completed
ORD-103397,2024-10-13,West,California,WE-01,CUST-01198,Corporate,Books,Fiction,3,20.4,0.05,4.99,Cash,Online,Cancelled
ORD-105468,2024-10-13,North,Wisconsin,NO-04,CUST-01437,Home Office,Electronics,Smartphones,2,334.24,0.15,7.99,Credit Card,Online,Completed
ORD-104949,2024-10-13,East,New York,EA-03,CUST-00609,Corporate,Home Goods,Storage,4,156.66,0.1,0.0,Gift Card,In-Store,Completed
ORD-103899,2024-10-13,West,Washington,WE-04,CUST-01354,Corporate,Apparel,Men's Wear,3,68.6,0.25,0.0,Debit Card,In-Store,Completed
ORD-101406,2024-10-13,South,Georgia,SO-03,CUST-00019,Consumer,Beauty & Health,Haircare,3,22.77,0.0,0.0,Credit Card,In-Store,Completed
ORD-101027,2024-10-13,North,North Dakota,NO-03,CUST-00933,Consumer,Sporting Goods,Cycling,2,133.11,0.2,0.0,Credit Card,Online,Completed
ORD-103904,2024-10-13,Central,Ohio,CE-03,CUST-00842,Home Office,Beauty & Health,Personal Care,3,77.81,0.15,7.99,Credit Card,Online,Completed
ORD-104727,2024-10-13,West,California,WE-01,CUST-00374,Consumer,Apparel,Footwear,4,60.08,0.1,7.99,Debit Card,Online,Completed
ORD-104606,2024-10-14,East,Massachusetts,EA-01,CUST-00402,Consumer,Apparel,Men's Wear,5,31.28,0.0,0.0,Debit Card,In-Store,Completed
ORD-102542,2024-10-14,East,New York,EA-02,CUST-01063,Corporate,Books,Comics,3,16.59,0.2,0.0,Cash,In-Store,Cancelled
ORD-102371,2024-10-14,West,Washington,WE-05,CUST-00576,Consumer,Home Goods,Kitchenware,5,214.75,0.0,12.99,Credit Card,Online,Completed
ORD-101853,2024-10-15,East,New Jersey,EA-01,CUST-01327,Consumer,Apparel,Men's Wear,4,25.12,0.0,0.0,Credit Card,In-Store,Completed
ORD-100771,2024-10-15,North,Minnesota,NO-02,CUST-00828,Consumer,Electronics,Cameras,2,268.15,0.0,0.0,Credit Card,In-Store,Completed
ORD-102508,2024-10-15,East,New Jersey,EA-01,CUST-01045,Home Office,Electronics,Headphones,5,903.51,0.0,12.99,Credit Card,Online,Completed
ORD-102718,2024-10-15,West,Washington,WE-03,CUST-01379,Consumer,Electronics,Smart Home,2,528.86,0.0,7.99,Credit Card,Online,Returned
ORD-104069,2024-10-15,South,Florida,SO-05,CUST-01268,Consumer,Apparel,Men's Wear,5,54.68,0.0,0.0,Gift Card,Online,Completed
ORD-103508,2024-10-16,East,Massachusetts,EA-05,CUST-00298,Consumer,Electronics,Headphones,4,490.55,0.1,12.99,Debit Card,Online,Completed
ORD-103703,2024-10-16,North,Minnesota,NO-05,CUST-01569,Consumer,Home Goods,Bedding,6,200.74,0.25,4.99,Credit Card,Online,Completed
ORD-105007,2024-10-16,South,Georgia,SO-03,CUST-00967,Consumer,Books,Comics,3,12.58,0.05,4.99,Credit Card,Online,Completed
ORD-102825,2024-10-16,East,New Jersey,EA-02,CUST-00931,Consumer,Electronics,Cameras,4,345.74,0.0,4.99,PayPal,Online,Returned
ORD-104942,2024-10-17,South,Georgia,SO-02,CUST-00205,Consumer,Apparel,Women's Wear,3,53.01,0.0,12.99,Credit Card,Online,Completed
ORD-100219,2024-10-17,West,Oregon,WE-04,CUST-01660,Home Office,Apparel,Kids' Wear,5,60.02,0.0,0.0,Debit Card,Online,Completed
ORD-101007,2024-10-17,East,New York,EA-02,CUST-01784,Corporate,Apparel,Women's Wear,3,33.17,0.0,7.99,Cash,Online,Cancelled
ORD-104653,2024-10-17,South,Texas,SO-04,CUST-00807,Consumer,Electronics,Headphones,3,238.86,0.0,0.0,Credit Card,In-Store,Completed
ORD-102917,2024-10-17,East,Massachusetts,EA-03,CUST-00256,Corporate,Electronics,Cameras,2,254.23,0.15,0.0,PayPal,In-Store,Completed
ORD-102054,2024-10-18,West,Oregon,WE-05,CUST-01173,Consumer,Apparel,Men's Wear,2,53.5,0.0,0.0,PayPal,In-Store,Completed
ORD-100536,2024-10-18,South,Florida,SO-03,CUST-01311,Corporate,Apparel,Men's Wear,4,66.81,0.05,0.0,Cash,Online,Completed
ORD-104088,2024-10-18,North,North Dakota,NO-02,CUST-00662,Consumer,Apparel,Kids' Wear,2,42.26,0.1,0.0,Credit Card,In-Store,Completed
ORD-105973,2024-10-18,East,New Jersey,EA-02,CUST-00214,Consumer,Beauty & Health,Wellness,4,29.47,0.05,0.0,Credit Card,Online,Completed
ORD-104200,2024-10-18,East,Massachusetts,EA-01,CUST-01614,Consumer,Electronics,Smartphones,4,414.51,0.25,0.0,Credit Card,In-Store,Completed
ORD-105670,2024-10-19,South,Georgia,SO-04,CUST-01572,Consumer,Beauty & Health,Skincare,3,71.43,0.05,0.0,Credit Card,In-Store,Completed
ORD-105852,2024-10-19,West,Washington,WE-01,CUST-01597,Consumer,Electronics,Smart Home,1,1200.0,0.0,7.99,PayPal,Online,Completed
ORD-100252,2024-10-19,West,Washington,WE-02,CUST-00832,Corporate,Sporting Goods,Team Sports,1,381.32,0.0,4.99,Credit Card,Online,Completed
ORD-101148,2024-10-19,North,Minnesota,NO-04,CUST-00055,Consumer,Electronics,Smart Home,5,241.9,0.0,0.0,Debit Card,Online,Completed
ORD-104048,2024-10-19,South,Georgia,SO-01,CUST-01252,Consumer,Books,Fiction,2,27.13,0.0,0.0,Credit Card,Online,Completed
ORD-102657,2024-10-19,East,New Jersey,EA-02,CUST-00739,Consumer,Apparel,Women's Wear,3,119.7,0.1,12.99,Debit Card,Online,Completed
ORD-101665,2024-10-19,East,Massachusetts,EA-01,CUST-00643,Consumer,Electronics,Smart Home,3,246.85,0.0,0.0,Credit Card,In-Store,Completed
ORD-104157,2024-10-19,West,California,WE-04,CUST-00917,Corporate,Sporting Goods,Fitness Equipment,2,135.18,0.0,0.0,Credit Card,In-Store,Completed
ORD-101136,2024-10-19,South,Texas,SO-05,CUST-01491,Consumer,Apparel,Women's Wear,5,38.6,0.0,0.0,Credit Card,Online,Completed
ORD-102040,2024-10-19,West,Oregon,WE-05,CUST-00581,Consumer,Apparel,Women's Wear,2,35.22,0.1,0.0,Credit Card,In-Store,Completed
ORD-102233,2024-10-20,West,California,WE-04,CUST-01748,Corporate,Apparel,Women's Wear,3,114.14,0.0,12.99,Debit Card,Online,Completed
ORD-105129,2024-10-20,South,Texas,SO-03,CUST-01607,Home Office,Electronics,Smartphones,1,610.57,0.2,0.0,Cash,Online,Completed
ORD-103514,2024-10-20,East,New York,EA-03,CUST-01213,Corporate,Books,Educational,4,16.96,0.0,0.0,PayPal,Online,Completed
ORD-100551,2024-10-20,South,Texas,SO-03,CUST-01067,Consumer,Books,Non-Fiction,5,22.39,0.0,0.0,Credit Card,In-Store,Completed
ORD-102784,2024-10-21,North,Wisconsin,NO-02,CUST-00237,Corporate,Home Goods,Furniture,4,426.89,0.05,7.99,PayPal,Online,Returned
ORD-100249,2024-10-21,Central,Missouri,CE-02,CUST-00003,Consumer,Apparel,Women's Wear,3,57.8,0.0,0.0,Credit Card,In-Store,Completed
ORD-104811,2024-10-21,West,California,WE-03,CUST-01209,Consumer,Electronics,Smartphones,3,421.26,0.0,0.0,Credit Card,In-Store,Completed
ORD-105358,2024-10-21,Central,Missouri,CE-03,CUST-01406,Consumer,Apparel,Accessories,4,57.16,0.0,0.0,PayPal,In-Store,Completed
ORD-102506,2024-10-21,Central,Missouri,CE-03,CUST-00764,Consumer,Books,Educational,3,24.43,0.15,0.0,Credit Card,Online,Completed
ORD-105002,2024-10-22,West,California,WE-03,CUST-00611,Consumer,Home Goods,Bedding,6,238.71,0.15,0.0,Credit Card,Online,Completed
ORD-101372,2024-10-22,East,New York,EA-03,CUST-00313,Home Office,Electronics,Smartphones,4,487.79,0.05,0.0,Credit Card,Online,Completed
ORD-103282,2024-10-22,North,Wisconsin,NO-04,CUST-00940,Consumer,Electronics,Smartphones,4,170.58,0.0,0.0,Cash,Online,Completed
ORD-100336,2024-10-23,West,California,WE-04,CUST-00330,Consumer,Electronics,Headphones,4,916.54,0.0,0.0,Credit Card,In-Store,Completed
ORD-102173,2024-10-23,West,Washington,WE-01,CUST-01561,Corporate,Apparel,Footwear,5,99.85,0.0,0.0,Debit Card,Online,Completed
ORD-100891,2024-10-23,North,Wisconsin,NO-04,CUST-01419,Consumer,Electronics,Laptops,5,285.35,0.0,0.0,Cash,Online,Completed
ORD-102244,2024-10-23,South,Georgia,SO-02,CUST-00257,Corporate,Home Goods,Decor,5,163.97,0.0,0.0,Credit Card,Online,Completed
ORD-102881,2024-10-23,Central,Missouri,CE-03,CUST-01433,Consumer,Books,Children's,3,22.97,0.0,0.0,Cash,In-Store,Completed
ORD-102964,2024-10-24,Central,Illinois,CE-03,CUST-00448,Consumer,Sporting Goods,Fitness Equipment,3,356.57,0.0,4.99,PayPal,Online,Completed
ORD-100351,2024-10-24,North,Wisconsin,NO-03,CUST-00440,Consumer,Home Goods,Storage,4,418.27,0.0,0.0,Gift Card,In-Store,Returned
ORD-102381,2024-10-25,North,Minnesota,NO-05,CUST-00962,Consumer,Electronics,Smart Home,3,505.05,0.0,4.99,Debit Card,Online,Completed
ORD-103406,2024-10-25,Central,Illinois,CE-04,CUST-01563,Corporate,Beauty & Health,Makeup,5,90.22,0.0,0.0,Gift Card,Online,Completed
ORD-105268,2024-10-25,North,Minnesota,NO-05,CUST-01227,Consumer,Apparel,Footwear,2,37.34,0.0,0.0,Credit Card,In-Store,Completed
ORD-104620,2024-10-25,South,Texas,SO-01,CUST-01513,Home Office,Electronics,Smartphones,6,636.07,0.0,4.99,PayPal,Online,Returned
ORD-102106,2024-10-25,North,North Dakota,NO-03,CUST-00216,Home Office,Apparel,Kids' Wear,3,45.13,0.05,0.0,Debit Card,In-Store,Completed
ORD-105019,2024-10-25,East,New York,EA-03,CUST-00659,Corporate,Beauty & Health,Makeup,5,39.56,0.0,7.99,Credit Card,Online,Completed
ORD-104766,2024-10-25,East,New York,EA-05,CUST-01533,Consumer,Sporting Goods,Footwear,4,129.62,0.0,0.0,Credit Card,In-Store,Returned
ORD-104569,2024-10-26,West,Washington,WE-04,CUST-00357,Consumer,Home Goods,Kitchenware,3,615.83,0.0,0.0,Credit Card,Online,Completed
ORD-104642,2024-10-26,West,California,WE-02,CUST-00896,Consumer,Electronics,Cameras,3,592.66,0.0,0.0,Cash,In-Store,Completed
ORD-105467,2024-10-26,Central,Ohio,CE-02,CUST-00125,Consumer,Electronics,Headphones,3,700.33,0.05,0.0,Credit Card,In-Store,Returned
ORD-103203,2024-10-26,Central,Illinois,CE-04,CUST-00146,Home Office,Books,Comics,6,22.87,0.05,0.0,Credit Card,In-Store,Completed
ORD-105657,2024-10-26,Central,Ohio,CE-01,CUST-00061,Consumer,Apparel,Women's Wear,3,40.92,0.0,0.0,Credit Card,Online,Completed
ORD-100396,2024-10-26,East,Massachusetts,EA-05,CUST-01185,Corporate,Books,Fiction,2,20.57,0.0,0.0,Gift Card,In-Store,Completed
ORD-102139,2024-10-26,Central,Missouri,CE-02,CUST-00259,Consumer,Sporting Goods,Team Sports,4,300.47,0.15,0.0,Credit Card,In-Store,Completed
ORD-103206,2024-10-26,West,Oregon,WE-01,CUST-01260,Consumer,Apparel,Men's Wear,4,41.18,0.1,0.0,Debit Card,In-Store,Completed
ORD-102207,2024-10-26,West,Oregon,WE-05,CUST-00945,Home Office,Electronics,Cameras,3,509.55,0.25,0.0,PayPal,In-Store,Completed
ORD-104619,2024-10-26,East,New York,EA-04,CUST-01670,Corporate,Home Goods,Kitchenware,4,239.22,0.05,0.0,Credit Card,In-Store,Completed
ORD-103583,2024-10-27,East,Massachusetts,EA-04,CUST-01477,Consumer,Apparel,Accessories,1,25.09,0.2,7.99,Credit Card,Online,Completed
ORD-104809,2024-10-27,West,Washington,WE-03,CUST-00413,Corporate,Apparel,Kids' Wear,3,94.62,0.05,0.0,Credit Card,Online,Completed
ORD-101271,2024-10-27,West,Washington,WE-05,CUST-00768,Consumer,Apparel,Women's Wear,2,13.03,0.0,4.99,Debit Card,Online,Completed
ORD-102044,2024-10-27,East,Massachusetts,EA-03,CUST-00582,Corporate,Beauty & Health,Wellness,3,97.22,0.0,0.0,Credit Card,Online,Completed
ORD-104754,2024-10-28,West,California,WE-03,CUST-01732,Corporate,Home Goods,Furniture,2,255.15,0.0,4.99,Credit Card,Online,Completed
ORD-101852,2024-10-28,East,Massachusetts,EA-01,CUST-01768,Consumer,Electronics,Laptops,3,390.17,0.0,4.99,Debit Card,Online,Completed
ORD-104633,2024-10-28,North,Wisconsin,NO-01,CUST-00402,Corporate,Home Goods,Storage,4,438.1,0.0,0.0,Credit Card,In-Store,Completed
ORD-100127,2024-10-28,Central,Ohio,CE-05,CUST-01187,Corporate,Books,Children's,5,30.5,0.0,0.0,Gift Card,Online,Cancelled
ORD-102957,2024-10-28,East,Massachusetts,EA-04,CUST-00630,Consumer,Home Goods,Furniture,2,158.15,0.05,4.99,Credit Card,Online,Completed
ORD-104520,2024-10-28,South,Florida,SO-05,CUST-01629,Consumer,Home Goods,Decor,4,321.09,0.0,0.0,Cash,Online,Completed
ORD-101026,2024-10-29,South,Georgia,SO-05,CUST-00671,Consumer,Home Goods,Kitchenware,3,199.47,0.0,0.0,PayPal,In-Store,Completed
ORD-100868,2024-10-29,East,Massachusetts,EA-05,CUST-00208,Consumer,Apparel,Footwear,3,117.16,0.1,0.0,Debit Card,In-Store,Completed
ORD-102989,2024-10-29,Central,Missouri,CE-02,CUST-01168,Consumer,Sporting Goods,Cycling,2,266.81,0.15,0.0,Gift Card,In-Store,Returned
ORD-101685,2024-10-29,Central,Missouri,CE-04,CUST-01397,Consumer,Apparel,Footwear,4,30.91,0.0,4.99,Credit Card,Online,Completed
ORD-101122,2024-10-29,South,Texas,SO-04,CUST-00773,Consumer,Home Goods,Storage,1,110.72,0.0,12.99,Gift Card,Online,Returned
ORD-103569,2024-10-29,East,Massachusetts,EA-03,CUST-00400,Consumer,Electronics,Cameras,4,529.18,0.0,0.0,Credit Card,In-Store,Completed
ORD-100574,2024-10-29,Central,Illinois,CE-01,CUST-01781,Corporate,Sporting Goods,Outdoor Gear,4,187.18,0.0,0.0,Credit Card,In-Store,Completed
ORD-101573,2024-10-30,Central,Ohio,CE-03,CUST-01021,Home Office,Apparel,Men's Wear,2,79.86,0.0,0.0,Cash,In-Store,Completed
ORD-105254,2024-10-30,South,Georgia,SO-04,CUST-01170,Corporate,Apparel,Accessories,4,70.52,0.2,0.0,Debit Card,In-Store,Completed
ORD-102487,2024-10-30,East,New Jersey,EA-04,CUST-01799,Consumer,Home Goods,Storage,3,236.14,0.0,0.0,Debit Card,Online,Completed
ORD-101499,2024-10-30,West,Oregon,WE-05,CUST-00082,Corporate,Electronics,Cameras,5,352.21,0.05,0.0,Credit Card,In-Store,Completed
ORD-103496,2024-10-30,Central,Ohio,CE-02,CUST-01007,Consumer,Home Goods,Decor,6,800.0,0.0,0.0,Credit Card,Online,Completed
ORD-100080,2024-10-30,East,Massachusetts,EA-02,CUST-01047,Consumer,Beauty & Health,Haircare,2,61.72,0.2,4.99,Debit Card,Online,Completed
ORD-105389,2024-10-30,North,Minnesota,NO-02,CUST-00904,Corporate,Beauty & Health,Haircare,4,60.53,0.15,0.0,Credit Card,In-Store,Completed
ORD-102197,2024-10-31,West,Oregon,WE-02,CUST-01031,Home Office,Apparel,Accessories,3,17.91,0.0,0.0,Debit Card,In-Store,Completed
ORD-105853,2024-10-31,North,North Dakota,NO-03,CUST-01166,Consumer,Books,Educational,6,22.09,0.1,0.0,Credit Card,In-Store,Completed
ORD-103428,2024-10-31,Central,Illinois,CE-02,CUST-00563,Consumer,Electronics,Smartphones,1,834.58,0.0,7.99,Credit Card,Online,Completed
ORD-105247,2024-10-31,Central,Missouri,CE-02,CUST-01064,Consumer,Books,Educational,3,29.48,0.05,12.99,Debit Card,Online,Cancelled
ORD-100529,2024-10-31,West,California,WE-02,CUST-01568,Corporate,Beauty & Health,Skincare,2,40.08,0.0,12.99,Credit Card,Online,Cancelled
ORD-101236,2024-10-31,North,Minnesota,NO-03,CUST-00242,Consumer,Apparel,Kids' Wear,7,51.14,0.1,0.0,Debit Card,In-Store,Completed
ORD-103544,2024-10-31,East,New Jersey,EA-04,CUST-00903,Consumer,Books,Educational,2,8.93,0.1,0.0,Debit Card,Online,Completed
ORD-102497,2024-11-01,Central,Missouri,CE-01,CUST-01798,Home Office,Apparel,Footwear,4,67.36,0.05,0.0,Credit Card,In-Store,Completed
ORD-105111,2024-11-01,North,Wisconsin,NO-03,CUST-00366,Corporate,Apparel,Kids' Wear,2,95.22,0.05,0.0,Debit Card,Online,Completed
ORD-100679,2024-11-01,South,Georgia,SO-05,CUST-00699,Consumer,Apparel,Accessories,4,92.94,0.05,7.99,Credit Card,Online,Completed
ORD-102995,2024-11-01,North,North Dakota,NO-01,CUST-00859,Consumer,Apparel,Men's Wear,4,59.43,0.0,0.0,PayPal,In-Store,Completed
ORD-104064,2024-11-01,East,Massachusetts,EA-04,CUST-01041,Consumer,Apparel,Women's Wear,2,36.28,0.0,0.0,Cash,In-Store,Completed
ORD-105876,2024-11-02,Central,Ohio,CE-02,CUST-00170,Consumer,Apparel,Footwear,7,65.06,0.25,0.0,Credit Card,In-Store,Completed
ORD-104454,2024-11-02,West,California,WE-02,CUST-00366,Corporate,Apparel,Accessories,3,72.73,0.1,0.0,Credit Card,In-Store,Completed
ORD-100272,2024-11-02,South,Florida,SO-03,CUST-00107,Home Office,Electronics,Headphones,2,547.92,0.0,0.0,Cash,In-Store,Returned
ORD-104755,2024-11-02,West,California,WE-05,CUST-01069,Consumer,Beauty & Health,Haircare,5,32.14,0.15,0.0,Cash,In-Store,Completed
ORD-104040,2024-11-02,East,New Jersey,EA-01,CUST-01445,Consumer,Home Goods,Decor,1,192.11,0.0,0.0,Debit Card,Online,Completed
ORD-105399,2024-11-02,North,Minnesota,NO-05,CUST-01335,Consumer,Apparel,Men's Wear,2,46.08,0.15,0.0,PayPal,In-Store,Completed
ORD-103075,2024-11-02,East,Massachusetts,EA-01,CUST-00246,Corporate,Home Goods,Kitchenware,5,97.97,0.0,0.0,Credit Card,In-Store,Completed
ORD-100007,2024-11-02,North,Wisconsin,NO-03,CUST-00025,Consumer,Home Goods,Kitchenware,2,376.43,0.0,0.0,Credit Card,Online,Completed
ORD-101350,2024-11-02,North,Wisconsin,NO-03,CUST-01404,Home Office,Home Goods,Furniture,4,253.5,0.05,7.99,Credit Card,Online,Completed
ORD-102860,2024-11-02,East,New York,EA-05,CUST-01449,Home Office,Apparel,Women's Wear,4,44.74,0.0,0.0,Credit Card,In-Store,Completed
ORD-100513,2024-11-02,West,Washington,WE-05,CUST-00287,Consumer,Home Goods,Bedding,2,190.63,0.2,0.0,Debit Card,Online,Completed
ORD-105392,2024-11-03,West,Washington,WE-03,CUST-00286,Consumer,Apparel,Footwear,5,24.21,0.05,7.99,Credit Card,Online,Completed
ORD-103955,2024-11-03,West,California,WE-02,CUST-01430,Corporate,Sporting Goods,Outdoor Gear,6,399.23,0.25,0.0,Cash,Online,Completed
ORD-101444,2024-11-03,Central,Missouri,CE-03,CUST-00208,Corporate,Beauty & Health,Wellness,4,30.48,0.0,0.0,Credit Card,In-Store,Completed
ORD-101149,2024-11-03,Central,Missouri,CE-02,CUST-01703,Consumer,Sporting Goods,Fitness Equipment,2,237.18,0.25,7.99,Gift Card,Online,Completed
ORD-101429,2024-11-03,North,Minnesota,NO-05,CUST-01466,Consumer,Apparel,Men's Wear,1,45.87,0.2,0.0,Gift Card,In-Store,Completed
ORD-101342,2024-11-03,West,Oregon,WE-05,CUST-01040,Consumer,Home Goods,Bedding,4,204.94,0.2,4.99,Cash,Online,Returned
ORD-105542,2024-11-03,South,Florida,SO-04,CUST-00788,Consumer,Home Goods,Bedding,3,138.76,0.0,0.0,Credit Card,Online,Completed
ORD-101672,2024-11-03,Central,Missouri,CE-04,CUST-01626,Consumer,Books,Comics,2,10.98,0.05,0.0,Credit Card,In-Store,Completed
ORD-101409,2024-11-03,West,Oregon,WE-05,CUST-00337,Consumer,Books,Fiction,2,17.68,0.1,0.0,Debit Card,Online,Completed
ORD-105512,2024-11-03,West,Oregon,WE-04,CUST-00068,Home Office,Apparel,Footwear,5,57.53,0.0,12.99,Cash,Online,Completed
ORD-100920,2024-11-03,West,Washington,WE-05,CUST-00688,Corporate,Apparel,Accessories,1,37.28,0.1,4.99,Debit Card,Online,Completed
ORD-100467,2024-11-04,Central,Missouri,CE-04,CUST-00178,Consumer,Home Goods,Storage,4,296.72,0.0,0.0,PayPal,In-Store,Completed
ORD-101452,2024-11-04,North,Minnesota,NO-01,CUST-00527,Corporate,Home Goods,Decor,3,305.53,0.05,0.0,Gift Card,In-Store,Completed
ORD-101240,2024-11-04,West,California,WE-01,CUST-01487,Corporate,Home Goods,Decor,1,139.27,0.05,0.0,Credit Card,In-Store,Completed
ORD-100814,2024-11-05,Central,Ohio,CE-03,CUST-00262,Consumer,Home Goods,Kitchenware,2,623.6,0.15,0.0,Gift Card,In-Store,Completed
ORD-105208,2024-11-05,South,Georgia,SO-05,CUST-00060,Home Office,Home Goods,Decor,6,461.71,0.15,4.99,Gift Card,Online,Completed
ORD-102475,2024-11-05,West,Oregon,WE-02,CUST-00110,Consumer,Apparel,Men's Wear,9,30.23,0.05,0.0,PayPal,In-Store,Completed
ORD-101048,2024-11-05,West,California,WE-02,CUST-00255,Consumer,Electronics,Headphones,6,445.04,0.0,0.0,Credit Card,Online,Returned
ORD-105606,2024-11-05,Central,Missouri,CE-04,CUST-01610,Home Office,Apparel,Accessories,4,49.22,0.05,0.0,Credit Card,In-Store,Completed
ORD-105004,2024-11-05,East,New Jersey,EA-01,CUST-01265,Consumer,Home Goods,Decor,5,800.0,0.1,0.0,PayPal,In-Store,Completed
ORD-103627,2024-11-06,South,Georgia,SO-01,CUST-00054,Consumer,Sporting Goods,Cycling,2,149.4,0.15,7.99,Credit Card,Online,Completed
ORD-101468,2024-11-06,North,Minnesota,NO-01,CUST-01197,Consumer,Apparel,Accessories,3,70.18,0.0,12.99,Gift Card,Online,Completed
ORD-101375,2024-11-06,West,California,WE-05,CUST-01726,Consumer,Beauty & Health,Wellness,2,84.86,0.05,0.0,Credit Card,In-Store,Completed
ORD-101305,2024-11-06,Central,Missouri,CE-02,CUST-01052,Consumer,Beauty & Health,Makeup,4,30.67,0.1,0.0,Gift Card,In-Store,Completed
ORD-103989,2024-11-06,North,Wisconsin,NO-05,CUST-00941,Corporate,Apparel,Footwear,3,33.29,0.0,0.0,Credit Card,In-Store,Completed
ORD-101195,2024-11-06,East,New York,EA-04,CUST-01247,Consumer,Books,Non-Fiction,8,22.66,0.0,0.0,PayPal,Online,Completed
ORD-103248,2024-11-06,South,Florida,SO-01,CUST-00820,Consumer,Sporting Goods,Cycling,6,141.34,0.0,7.99,Credit Card,Online,Completed
ORD-102186,2024-11-06,South,Florida,SO-01,CUST-00804,Consumer,Home Goods,Bedding,2,304.42,0.0,0.0,Credit Card,In-Store,Completed
ORD-102999,2024-11-06,Central,Missouri,CE-01,CUST-00951,Consumer,Sporting Goods,Footwear,4,84.26,0.0,0.0,Credit Card,In-Store,Completed
ORD-102075,2024-11-06,North,North Dakota,NO-01,CUST-00363,Consumer,Home Goods,Decor,4,138.25,0.0,0.0,PayPal,Online,Returned
ORD-100115,2024-11-06,East,Massachusetts,EA-03,CUST-01330,Consumer,Sporting Goods,Footwear,3,159.71,0.05,4.99,PayPal,Online,Completed
ORD-101158,2024-11-07,South,Georgia,SO-02,CUST-01660,Consumer,Apparel,Women's Wear,2,27.58,0.0,0.0,Gift Card,Online,Completed
ORD-104286,2024-11-07,East,New Jersey,EA-05,CUST-00206,Home Office,Electronics,Laptops,2,313.32,0.15,0.0,PayPal,In-Store,Completed
ORD-100795,2024-11-07,Central,Missouri,CE-04,CUST-00337,Corporate,Electronics,Headphones,4,281.38,0.0,0.0,Credit Card,Online,Completed
ORD-101322,2024-11-07,Central,Missouri,CE-04,CUST-00412,Corporate,Books,Non-Fiction,3,18.14,0.1,7.99,PayPal,Online,Completed
ORD-101881,2024-11-08,East,New York,EA-04,CUST-00605,Corporate,Electronics,Smart Home,2,447.44,0.0,0.0,PayPal,Online,Returned
ORD-104191,2024-11-08,North,Minnesota,NO-05,CUST-01238,Corporate,Home Goods,Bedding,2,472.74,0.0,4.99,Gift Card,Online,Completed
ORD-101002,2024-11-08,West,Washington,WE-04,CUST-00831,Consumer,Home Goods,Kitchenware,3,252.06,0.2,0.0,Credit Card,In-Store,Completed
ORD-102218,2024-11-08,South,Florida,SO-04,CUST-01244,Home Office,Books,Non-Fiction,3,6.0,0.15,0.0,Credit Card,Online,Completed
ORD-100614,2024-11-08,West,Oregon,WE-05,CUST-00333,Corporate,Home Goods,Bedding,2,400.02,0.0,0.0,Gift Card,In-Store,Completed
ORD-105844,2024-11-08,West,Washington,WE-01,CUST-01619,Consumer,Apparel,Men's Wear,4,42.04,0.0,7.99,Cash,Online,Completed
ORD-101978,2024-11-08,Central,Missouri,CE-02,CUST-01604,Consumer,Apparel,Kids' Wear,5,100.25,0.0,7.99,PayPal,Online,Returned
ORD-101355,2024-11-08,East,New York,EA-01,CUST-01239,Consumer,Books,Children's,2,7.71,0.0,0.0,Debit Card,Online,Cancelled
ORD-104648,2024-11-08,Central,Ohio,CE-05,CUST-00446,Home Office,Home Goods,Furniture,1,406.33,0.05,7.99,Credit Card,Online,Completed
ORD-104440,2024-11-09,Central,Illinois,CE-05,CUST-01403,Consumer,Beauty & Health,Makeup,6,21.83,0.0,12.99,Credit Card,Online,Completed
ORD-104174,2024-11-09,East,New Jersey,EA-01,CUST-01071,Consumer,Beauty & Health,Personal Care,5,51.96,0.15,0.0,Debit Card,Online,Completed
ORD-101050,2024-11-09,North,North Dakota,NO-04,CUST-01428,Consumer,Books,Educational,6,11.79,0.15,0.0,Credit Card,In-Store,Completed
ORD-101060,2024-11-09,South,Florida,SO-03,CUST-01423,Corporate,Apparel,Accessories,4,30.56,0.0,0.0,PayPal,In-Store,Completed
ORD-100948,2024-11-09,South,Georgia,SO-03,CUST-00725,Consumer,Electronics,Headphones,8,504.99,0.05,0.0,Gift Card,Online,Completed
ORD-105764,2024-11-09,East,New York,EA-05,CUST-01163,Consumer,Apparel,Women's Wear,5,57.03,0.0,7.99,Debit Card,Online,Completed
ORD-103623,2024-11-09,Central,Missouri,CE-05,CUST-01350,Corporate,Sporting Goods,Team Sports,4,291.44,0.0,0.0,Debit Card,Online,Returned
ORD-102353,2024-11-09,South,Florida,SO-03,CUST-00300,Consumer,Sporting Goods,Footwear,5,408.18,0.0,0.0,Cash,Online,Completed
ORD-102311,2024-11-09,North,Minnesota,NO-03,CUST-01201,Consumer,Apparel,Men's Wear,2,24.9,0.05,0.0,Gift Card,In-Store,Completed
ORD-102895,2024-11-10,West,Oregon,WE-03,CUST-00993,Consumer,Apparel,Accessories,6,48.67,0.0,0.0,Debit Card,In-Store,Completed
ORD-104786,2024-11-10,Central,Illinois,CE-02,CUST-01361,Consumer,Beauty & Health,Makeup,2,54.7,0.0,0.0,Gift Card,In-Store,Completed
ORD-104617,2024-11-10,North,Minnesota,NO-02,CUST-00065,Home Office,Apparel,Footwear,4,150.0,0.0,0.0,Debit Card,In-Store,Completed
ORD-104313,2024-11-10,West,Washington,WE-02,CUST-00785,Corporate,Apparel,Footwear,2,28.53,0.0,7.99,PayPal,Online,Completed
ORD-100767,2024-11-11,South,Florida,SO-01,CUST-01154,Corporate,Books,Children's,4,13.55,0.1,0.0,PayPal,In-Store,Completed
ORD-103197,2024-11-11,East,New Jersey,EA-05,CUST-01485,Consumer,Home Goods,Furniture,4,399.32,0.2,0.0,Credit Card,Online,Completed
ORD-105616,2024-11-11,Central,Ohio,CE-05,CUST-01286,Consumer,Beauty & Health,Haircare,4,58.03,0.05,0.0,Debit Card,In-Store,Completed
ORD-105537,2024-11-11,East,New York,EA-04,CUST-01126,Corporate,Electronics,Laptops,4,637.04,0.15,0.0,Cash,In-Store,Completed
ORD-100554,2024-11-11,North,Wisconsin,NO-04,CUST-01769,Consumer,Home Goods,Furniture,2,326.42,0.0,12.99,PayPal,Online,Completed
ORD-101911,2024-11-11,Central,Missouri,CE-02,CUST-01094,Consumer,Home Goods,Furniture,5,147.1,0.0,0.0,Credit Card,Online,Completed
ORD-102481,2024-11-11,East,New Jersey,EA-05,CUST-00727,Consumer,Home Goods,Storage,4,333.89,0.15,0.0,Cash,Online,Completed
ORD-100735,2024-11-11,North,North Dakota,NO-05,CUST-00021,Consumer,Home Goods,Kitchenware,4,338.12,0.0,0.0,PayPal,Online,Returned
ORD-104384,2024-11-12,Central,Missouri,CE-01,CUST-01799,Consumer,Electronics,Laptops,1,471.18,0.05,0.0,Credit Card,In-Store,Returned
ORD-103115,2024-11-12,North,Minnesota,NO-03,CUST-01289,Consumer,Apparel,Kids' Wear,1,48.87,0.0,7.99,Cash,Online,Completed
ORD-100383,2024-11-12,Central,Missouri,CE-02,CUST-00614,Home Office,Beauty & Health,Personal Care,6,80.79,0.15,0.0,PayPal,In-Store,Completed
ORD-105259,2024-11-12,South,Florida,SO-02,CUST-00713,Corporate,Apparel,Accessories,4,49.47,0.05,0.0,Debit Card,In-Store,Completed
ORD-103291,2024-11-12,East,New York,EA-03,CUST-00618,Home Office,Home Goods,Furniture,3,326.67,0.2,0.0,Debit Card,Online,Cancelled
ORD-101671,2024-11-12,Central,Ohio,CE-05,CUST-00477,Corporate,Electronics,Laptops,2,449.68,0.0,0.0,PayPal,Online,Returned
ORD-100264,2024-11-12,West,Washington,WE-01,CUST-01704,Home Office,Electronics,Headphones,2,489.5,0.0,4.99,Gift Card,Online,Completed
ORD-102073,2024-11-12,East,New York,EA-02,CUST-00093,Consumer,Electronics,Smart Home,6,755.68,0.15,0.0,Debit Card,Online,Completed
ORD-100183,2024-11-12,North,Wisconsin,NO-03,CUST-01448,Corporate,Beauty & Health,Makeup,4,17.19,0.05,0.0,PayPal,In-Store,Returned
ORD-101117,2024-11-12,East,Massachusetts,EA-05,CUST-00678,Consumer,Home Goods,Decor,4,592.94,0.1,0.0,PayPal,In-Store,Completed
ORD-101145,2024-11-13,East,Massachusetts,EA-05,CUST-00509,Consumer,Sporting Goods,Cycling,4,202.29,0.1,0.0,PayPal,In-Store,Completed
ORD-101083,2024-11-13,North,Minnesota,NO-02,CUST-01249,Home Office,Home Goods,Storage,2,168.73,0.0,0.0,Debit Card,Online,Completed
ORD-102254,2024-11-13,Central,Ohio,CE-01,CUST-00741,Consumer,Sporting Goods,Footwear,4,269.52,0.0,4.99,Cash,Online,Returned
ORD-103385,2024-11-13,East,Massachusetts,EA-02,CUST-00768,Consumer,Apparel,Women's Wear,1,34.74,0.1,0.0,Credit Card,In-Store,Completed
ORD-101472,2024-11-13,Central,Missouri,CE-02,CUST-00465,Consumer,Apparel,Women's Wear,6,54.62,0.0,7.99,Debit Card,Online,Returned
ORD-104671,2024-11-13,West,Washington,WE-04,CUST-01739,Corporate,Electronics,Headphones,3,273.59,0.05,12.99,Credit Card,Online,Completed
ORD-105943,2024-11-14,West,Washington,WE-02,CUST-01533,Consumer,Home Goods,Kitchenware,4,233.83,0.0,4.99,Credit Card,Online,Completed
ORD-103877,2024-11-14,Central,Illinois,CE-05,CUST-00225,Consumer,Electronics,Smartphones,1,157.27,0.25,4.99,Gift Card,Online,Completed
ORD-102461,2024-11-14,West,Oregon,WE-01,CUST-00409,Corporate,Apparel,Accessories,3,55.0,0.15,0.0,Debit Card,Online,Completed
ORD-105145,2024-11-14,South,Texas,SO-03,CUST-00909,Home Office,Books,Children's,3,13.94,0.15,0.0,PayPal,Online,Completed
ORD-104469,2024-11-14,East,New York,EA-02,CUST-00003,Consumer,Electronics,Laptops,1,417.97,0.0,4.99,Debit Card,Online,Completed
ORD-104695,2024-11-14,Central,Ohio,CE-03,CUST-00837,Corporate,Home Goods,Decor,2,249.79,0.0,0.0,PayPal,In-Store,Completed
ORD-102074,2024-11-14,Central,Ohio,CE-02,CUST-01308,Consumer,Sporting Goods,Fitness Equipment,4,176.3,0.0,0.0,Credit Card,In-Store,Completed
ORD-101610,2024-11-14,East,New Jersey,EA-02,CUST-00587,Home Office,Books,Non-Fiction,3,22.14,0.0,0.0,Credit Card,In-Store,Completed
ORD-104562,2024-11-14,Central,Ohio,CE-05,CUST-00422,Corporate,Sporting Goods,Footwear,6,185.29,0.0,0.0,PayPal,In-Store,Completed
ORD-102661,2024-11-14,West,California,WE-02,CUST-00315,Corporate,Apparel,Kids' Wear,2,55.27,0.0,7.99,PayPal,Online,Completed
ORD-103492,2024-11-15,South,Texas,SO-05,CUST-01134,Consumer,Electronics,Headphones,2,516.81,0.05,7.99,Credit Card,Online,Completed
ORD-104923,2024-11-15,East,New Jersey,EA-04,CUST-01355,Consumer,Sporting Goods,Outdoor Gear,3,289.7,0.0,0.0,Gift Card,In-Store,Completed
ORD-101157,2024-11-15,North,Wisconsin,NO-03,CUST-01652,Consumer,Electronics,Smartphones,4,534.42,0.05,0.0,Gift Card,Online,Returned
ORD-103283,2024-11-16,North,Wisconsin,NO-04,CUST-00972,Home Office,Electronics,Smartphones,3,884.68,0.0,0.0,Credit Card,Online,Completed
ORD-102128,2024-11-16,Central,Ohio,CE-05,CUST-01027,Consumer,Home Goods,Decor,6,691.61,0.0,0.0,PayPal,In-Store,Completed
ORD-102119,2024-11-16,North,North Dakota,NO-01,CUST-00265,Consumer,Apparel,Kids' Wear,8,62.43,0.1,0.0,Debit Card,In-Store,Cancelled
ORD-103177,2024-11-16,Central,Missouri,CE-02,CUST-01238,Consumer,Apparel,Footwear,3,66.79,0.0,0.0,Credit Card,In-Store,Completed
ORD-102511,2024-11-17,Central,Missouri,CE-01,CUST-00808,Consumer,Sporting Goods,Team Sports,2,322.98,0.0,0.0,Credit Card,Online,Completed
ORD-104261,2024-11-17,South,Georgia,SO-01,CUST-00620,Consumer,Books,Children's,6,12.19,0.0,7.99,Credit Card,Online,Completed
ORD-103493,2024-11-17,South,Florida,SO-01,CUST-00023,Consumer,Books,Educational,1,17.71,0.15,0.0,Gift Card,In-Store,Completed
ORD-101102,2024-11-17,South,Georgia,SO-03,CUST-00099,Home Office,Electronics,Cameras,3,580.55,0.1,12.99,Credit Card,Online,Completed
ORD-104885,2024-11-17,Central,Missouri,CE-05,CUST-01273,Home Office,Home Goods,Kitchenware,5,270.33,0.15,7.99,Debit Card,Online,Completed
ORD-103081,2024-11-17,East,New Jersey,EA-03,CUST-00285,Home Office,Apparel,Accessories,4,32.49,0.0,4.99,Gift Card,Online,Completed
ORD-104910,2024-11-18,South,Georgia,SO-02,CUST-01380,Home Office,Apparel,Women's Wear,2,56.45,0.25,0.0,Credit Card,In-Store,Completed
ORD-105227,2024-11-18,West,California,WE-02,CUST-00647,Corporate,Home Goods,Kitchenware,3,230.34,0.0,0.0,Credit Card,In-Store,Completed
ORD-101553,2024-11-18,South,Florida,SO-04,CUST-01168,Consumer,Sporting Goods,Fitness Equipment,6,289.31,0.0,12.99,Credit Card,Online,Completed
ORD-103705,2024-11-18,Central,Illinois,CE-05,CUST-00406,Corporate,Books,Children's,2,24.78,0.0,0.0,Credit Card,In-Store,Completed
ORD-103749,2024-11-18,East,Massachusetts,EA-04,CUST-01059,Consumer,Beauty & Health,Makeup,2,29.3,0.2,0.0,Credit Card,In-Store,Completed
ORD-101044,2024-11-19,North,North Dakota,NO-01,CUST-00098,Corporate,Apparel,Accessories,4,39.86,0.1,0.0,Cash,In-Store,Completed
ORD-105176,2024-11-19,Central,Missouri,CE-01,CUST-00379,Corporate,Apparel,Kids' Wear,2,25.01,0.15,0.0,Cash,In-Store,Completed
ORD-103497,2024-11-20,North,North Dakota,NO-05,CUST-01116,Consumer,Apparel,Women's Wear,4,33.05,0.1,0.0,PayPal,In-Store,Completed
ORD-105308,2024-11-20,North,Wisconsin,NO-01,CUST-00494,Home Office,Sporting Goods,Footwear,3,88.03,0.0,0.0,Credit Card,In-Store,Completed
ORD-103392,2024-11-20,East,New Jersey,EA-04,CUST-00643,Home Office,Books,Fiction,2,17.23,0.25,12.99,Credit Card,Online,Completed
ORD-104675,2024-11-20,East,Massachusetts,EA-02,CUST-01023,Consumer,Apparel,Men's Wear,5,42.05,0.15,4.99,Credit Card,Online,Completed
ORD-101916,2024-11-20,West,Washington,WE-05,CUST-01650,Corporate,Home Goods,Furniture,1,374.38,0.0,4.99,Credit Card,Online,Completed
ORD-100088,2024-11-20,East,Massachusetts,EA-03,CUST-00539,Consumer,Electronics,Smart Home,2,424.6,0.15,0.0,Credit Card,In-Store,Completed
ORD-104818,2024-11-20,South,Georgia,SO-05,CUST-01607,Corporate,Apparel,Footwear,5,33.1,0.2,0.0,Credit Card,In-Store,Completed
ORD-102429,2024-11-20,North,Minnesota,NO-04,CUST-00872,Consumer,Apparel,Kids' Wear,3,148.55,0.1,4.99,Credit Card,Online,Completed
ORD-101848,2024-11-20,East,New Jersey,EA-02,CUST-01670,Consumer,Sporting Goods,Outdoor Gear,3,287.88,0.0,0.0,Credit Card,In-Store,Completed
ORD-103884,2024-11-20,Central,Missouri,CE-05,CUST-00631,Corporate,Books,Fiction,3,14.13,0.15,12.99,Credit Card,Online,Completed
ORD-104016,2024-11-20,West,California,WE-04,CUST-00983,Consumer,Electronics,Smartphones,2,360.7,0.0,0.0,Credit Card,In-Store,Completed
ORD-100427,2024-11-20,West,Washington,WE-02,CUST-00423,Consumer,Home Goods,Kitchenware,2,89.66,0.0,7.99,Credit Card,Online,Completed
ORD-104553,2024-11-20,North,North Dakota,NO-05,CUST-01684,Corporate,Home Goods,Storage,3,186.59,0.05,0.0,Cash,Online,Completed
ORD-100198,2024-11-20,West,California,WE-05,CUST-01463,Consumer,Apparel,Women's Wear,3,49.09,0.05,0.0,Cash,In-Store,Completed
ORD-101735,2024-11-20,Central,Ohio,CE-05,CUST-01460,Corporate,Apparel,Women's Wear,3,43.03,0.0,4.99,Debit Card,Online,Cancelled
ORD-105836,2024-11-20,East,New York,EA-05,CUST-00241,Corporate,Books,Comics,2,16.0,0.2,0.0,PayPal,Online,Completed
ORD-104859,2024-11-20,Central,Ohio,CE-03,CUST-00527,Home Office,Sporting Goods,Outdoor Gear,5,250.57,0.25,0.0,Credit Card,In-Store,Completed
ORD-102581,2024-11-21,Central,Illinois,CE-04,CUST-00901,Corporate,Electronics,Cameras,3,861.57,0.0,0.0,Gift Card,In-Store,Completed
ORD-105607,2024-11-21,Central,Ohio,CE-02,CUST-01682,Corporate,Books,Comics,3,10.07,0.0,7.99,Credit Card,Online,Completed
ORD-100280,2024-11-21,Central,Illinois,CE-01,CUST-01785,Consumer,Home Goods,Decor,2,262.4,0.0,4.99,Credit Card,Online,Completed
ORD-104108,2024-11-21,North,North Dakota,NO-04,CUST-01470,Consumer,Sporting Goods,Cycling,4,349.84,0.05,0.0,Gift Card,Online,Completed
ORD-103574,2024-11-21,North,Wisconsin,NO-01,CUST-00640,Consumer,Electronics,Smartphones,3,855.0,0.0,0.0,Credit Card,In-Store,Completed
ORD-102674,2024-11-21,North,Wisconsin,NO-02,CUST-01446,Home Office,Home Goods,Bedding,3,315.61,0.0,12.99,Credit Card,Online,Completed
ORD-103334,2024-11-21,East,New York,EA-05,CUST-00536,Consumer,Apparel,Men's Wear,4,47.53,0.2,0.0,Credit Card,Online,Completed
ORD-102135,2024-11-21,West,Oregon,WE-02,CUST-01704,Consumer,Home Goods,Bedding,2,323.49,0.0,0.0,PayPal,In-Store,Completed
ORD-103225,2024-11-21,South,Georgia,SO-03,CUST-00782,Consumer,Electronics,Cameras,3,440.14,0.0,0.0,Credit Card,Online,Completed
ORD-103340,2024-11-21,East,Massachusetts,EA-04,CUST-00924,Consumer,Electronics,Headphones,5,725.27,0.0,0.0,Credit Card,Online,Completed
ORD-105497,2024-11-21,North,Minnesota,NO-02,CUST-01350,Consumer,Electronics,Laptops,4,281.38,0.05,7.99,Cash,Online,Completed
ORD-101120,2024-11-21,East,New Jersey,EA-05,CUST-00022,Consumer,Home Goods,Decor,4,374.84,0.1,0.0,Credit Card,In-Store,Completed
ORD-100645,2024-11-21,Central,Ohio,CE-02,CUST-01113,Consumer,Sporting Goods,Footwear,4,129.54,0.0,0.0,Credit Card,Online,Returned
ORD-104058,2024-11-21,North,Wisconsin,NO-02,CUST-00097,Consumer,Books,Educational,5,15.4,0.05,0.0,Credit Card,In-Store,Completed
ORD-102757,2024-11-21,North,North Dakota,NO-03,CUST-01362,Consumer,Books,Fiction,1,18.7,0.0,7.99,Credit Card,Online,Cancelled
ORD-104522,2024-11-21,East,New Jersey,EA-04,CUST-00920,Consumer,Apparel,Men's Wear,4,38.71,0.25,4.99,Credit Card,Online,Completed
ORD-102394,2024-11-21,North,Minnesota,NO-02,CUST-00791,Consumer,Apparel,Men's Wear,3,44.66,0.0,0.0,Cash,In-Store,Completed
ORD-100489,2024-11-21,West,Oregon,WE-03,CUST-01290,Consumer,Apparel,Footwear,1,31.57,0.0,4.99,Credit Card,Online,Completed
ORD-105740,2024-11-22,South,Texas,SO-05,CUST-00686,Home Office,Home Goods,Storage,1,447.81,0.0,4.99,PayPal,Online,Completed
ORD-105929,2024-11-22,East,New York,EA-05,CUST-01475,Consumer,Apparel,Kids' Wear,2,44.67,0.0,0.0,Cash,In-Store,Completed
ORD-102509,2024-11-22,East,New York,EA-03,CUST-00836,Consumer,Electronics,Laptops,1,307.22,0.0,4.99,Credit Card,Online,Completed
ORD-101772,2024-11-22,West,California,WE-04,CUST-00815,Consumer,Books,Comics,2,15.6,0.0,4.99,Gift Card,Online,Completed
ORD-100118,2024-11-22,West,Washington,WE-02,CUST-00288,Consumer,Apparel,Accessories,3,60.27,0.0,0.0,Gift Card,In-Store,Cancelled
ORD-100473,2024-11-22,Central,Ohio,CE-01,CUST-01161,Consumer,Books,Non-Fiction,4,11.97,0.0,0.0,Credit Card,Online,Completed
ORD-102236,2024-11-22,North,North Dakota,NO-05,CUST-00217,Consumer,Beauty & Health,Personal Care,4,45.09,0.0,0.0,PayPal,Online,Completed
ORD-100228,2024-11-22,South,Florida,SO-03,CUST-01517,Consumer,Electronics,Cameras,4,386.51,0.0,7.99,Credit Card,Online,Completed
ORD-105303,2024-11-22,South,Texas,SO-01,CUST-01228,Home Office,Electronics,Laptops,5,733.56,0.0,4.99,Credit Card,Online,Completed
ORD-102872,2024-11-22,East,New Jersey,EA-04,CUST-01194,Consumer,Electronics,Smartphones,3,554.02,0.15,7.99,Cash,Online,Returned
ORD-100905,2024-11-22,South,Texas,SO-02,CUST-01676,Home Office,Home Goods,Furniture,3,418.48,0.15,4.99,Debit Card,Online,Completed
ORD-105283,2024-11-22,West,Washington,WE-03,CUST-00616,Consumer,Home Goods,Bedding,4,287.4,0.0,0.0,Gift Card,In-Store,Completed
ORD-102621,2024-11-22,South,Texas,SO-05,CUST-00296,Consumer,Home Goods,Bedding,1,287.86,0.25,0.0,PayPal,In-Store,Completed
ORD-102262,2024-11-22,Central,Missouri,CE-03,CUST-00020,Corporate,Apparel,Women's Wear,3,61.23,0.0,0.0,PayPal,Online,Completed
ORD-100758,2024-11-23,North,Wisconsin,NO-01,CUST-00776,Consumer,Apparel,Women's Wear,4,34.41,0.0,0.0,Debit Card,Online,Completed
ORD-103146,2024-11-23,North,Wisconsin,NO-05,CUST-01086,Consumer,Sporting Goods,Outdoor Gear,3,106.43,0.0,0.0,Debit Card,In-Store,Completed
ORD-102870,2024-11-23,South,Texas,SO-04,CUST-00371,Home Office,Home Goods,Storage,3,60.46,0.0,12.99,Credit Card,Online,Completed
ORD-102113,2024-11-23,West,Washington,WE-04,CUST-00669,Home Office,Books,Educational,6,6.0,0.0,7.99,PayPal,Online,Completed
ORD-105405,2024-11-23,North,Minnesota,NO-01,CUST-01463,Consumer,Apparel,Footwear,1,61.53,0.2,0.0,Cash,In-Store,Returned
ORD-100631,2024-11-23,South,Texas,SO-05,CUST-01231,Consumer,Apparel,Footwear,6,27.69,0.1,0.0,Credit Card,In-Store,Completed
ORD-103750,2024-11-23,East,New York,EA-04,CUST-01470,Consumer,Apparel,Accessories,6,123.64,0.0,0.0,PayPal,In-Store,Completed
ORD-104017,2024-11-23,Central,Missouri,CE-02,CUST-00926,Consumer,Apparel,Kids' Wear,1,41.03,0.05,0.0,Cash,In-Store,Returned
ORD-103259,2024-11-23,North,Minnesota,NO-05,CUST-00248,Consumer,Electronics,Laptops,3,1200.0,0.0,0.0,Credit Card,In-Store,Completed
ORD-104517,2024-11-23,East,New Jersey,EA-02,CUST-01651,Consumer,Electronics,Smart Home,4,614.9,0.0,12.99,Credit Card,Online,Completed
ORD-105309,2024-11-23,North,North Dakota,NO-05,CUST-00339,Consumer,Home Goods,Bedding,5,366.04,0.0,12.99,Debit Card,Online,Completed
ORD-101311,2024-11-23,North,North Dakota,NO-01,CUST-00734,Consumer,Apparel,Women's Wear,3,35.88,0.25,0.0,PayPal,Online,Completed
ORD-101230,2024-11-23,East,Massachusetts,EA-02,CUST-01580,Consumer,Sporting Goods,Cycling,7,247.63,0.0,0.0,Cash,Online,Completed
ORD-100922,2024-11-23,North,North Dakota,NO-02,CUST-00693,Consumer,Home Goods,Decor,2,135.74,0.05,4.99,Credit Card,Online,Completed
ORD-100405,2024-11-23,West,Oregon,WE-03,CUST-00901,Home Office,Electronics,Smart Home,4,494.2,0.25,7.99,Credit Card,Online,Completed
ORD-101785,2024-11-23,South,Texas,SO-05,CUST-00134,Home Office,Sporting Goods,Cycling,7,194.09,0.0,0.0,Credit Card,In-Store,Completed
ORD-101599,2024-11-23,South,Florida,SO-02,CUST-00838,Consumer,Apparel,Accessories,5,25.17,0.0,0.0,PayPal,Online,Completed
ORD-105706,2024-11-23,North,Wisconsin,NO-05,CUST-00063,Home Office,Electronics,Smart Home,1,486.18,0.0,0.0,Debit Card,Online,Completed
ORD-100121,2024-11-23,North,North Dakota,NO-03,CUST-01426,Consumer,Electronics,Headphones,3,737.66,0.25,4.99,Gift Card,Online,Completed
ORD-100053,2024-11-23,West,Washington,WE-01,CUST-01393,Corporate,Sporting Goods,Outdoor Gear,3,128.9,0.0,0.0,Credit Card,Online,Cancelled
ORD-100897,2024-11-23,North,Minnesota,NO-05,CUST-00113,Consumer,Books,Comics,2,11.83,0.0,0.0,Debit Card,Online,Completed
ORD-104565,2024-11-24,North,Wisconsin,NO-05,CUST-00223,Consumer,Home Goods,Kitchenware,3,141.29,0.0,0.0,Debit Card,In-Store,Completed
ORD-104995,2024-11-24,West,Oregon,WE-01,CUST-01193,Consumer,Apparel,Kids' Wear,4,35.44,0.0,12.99,Credit Card,Online,Completed
ORD-102720,2024-11-24,West,California,WE-04,CUST-01620,Consumer,Beauty & Health,Personal Care,6,21.64,0.05,4.99,Credit Card,Online,Completed
ORD-104222,2024-11-24,North,North Dakota,NO-04,CUST-00057,Consumer,Beauty & Health,Wellness,3,43.96,0.0,0.0,Credit Card,In-Store,Completed
ORD-100853,2024-11-24,Central,Missouri,CE-05,CUST-01046,Corporate,Electronics,Cameras,1,458.49,0.0,0.0,Credit Card,In-Store,Completed
ORD-101517,2024-11-24,West,Washington,WE-04,CUST-00180,Consumer,Home Goods,Decor,2,365.66,0.0,0.0,Credit Card,In-Store,Completed
ORD-100197,2024-11-24,North,Minnesota,NO-04,CUST-00491,Corporate,Beauty & Health,Makeup,4,37.07,0.05,0.0,Debit Card,Online,Completed
ORD-105965,2024-11-24,Central,Illinois,CE-03,CUST-00526,Home Office,Sporting Goods,Cycling,6,206.59,0.1,4.99,PayPal,Online,Completed
ORD-100671,2024-11-24,South,Georgia,SO-02,CUST-00068,Consumer,Home Goods,Decor,2,260.57,0.0,0.0,Credit Card,Online,Returned
ORD-104605,2024-11-24,East,Massachusetts,EA-04,CUST-00832,Consumer,Electronics,Cameras,1,109.88,0.0,0.0,Credit Card,Online,Completed
ORD-103504,2024-11-24,South,Texas,SO-04,CUST-00282,Corporate,Home Goods,Bedding,3,131.62,0.15,12.99,Credit Card,Online,Completed
ORD-100203,2024-11-24,North,Minnesota,NO-01,CUST-00269,Corporate,Sporting Goods,Fitness Equipment,3,435.68,0.0,0.0,Debit Card,In-Store,Completed
ORD-103941,2024-11-24,South,Texas,SO-01,CUST-01624,Consumer,Home Goods,Storage,4,800.0,0.0,0.0,Credit Card,In-Store,Completed
ORD-103779,2024-11-24,North,North Dakota,NO-02,CUST-01593,Corporate,Electronics,Smartphones,4,788.48,0.0,0.0,PayPal,Online,Completed
ORD-104971,2024-11-24,North,Minnesota,NO-01,CUST-01122,Corporate,Books,Non-Fiction,2,20.3,0.05,7.99,Debit Card,Online,Completed
ORD-103391,2024-11-24,East,New York,EA-02,CUST-00563,Consumer,Beauty & Health,Haircare,5,26.03,0.0,0.0,PayPal,Online,Returned
ORD-100594,2024-11-24,West,Washington,WE-02,CUST-00883,Consumer,Apparel,Men's Wear,4,81.28,0.0,0.0,Debit Card,In-Store,Completed
ORD-105147,2024-11-24,West,Oregon,WE-03,CUST-01164,Corporate,Apparel,Men's Wear,2,48.54,0.0,12.99,Cash,Online,Completed
ORD-100191,2024-11-24,East,New York,EA-05,CUST-00373,Consumer,Home Goods,Furniture,2,141.74,0.05,0.0,PayPal,In-Store,Completed
ORD-100745,2024-11-24,West,Washington,WE-04,CUST-01009,Consumer,Home Goods,Decor,1,123.49,0.0,0.0,Cash,Online,Completed
ORD-102017,2024-11-25,North,Wisconsin,NO-04,CUST-00038,Consumer,Beauty & Health,Skincare,3,61.71,0.0,4.99,Gift Card,Online,Completed
ORD-102425,2024-11-25,North,Wisconsin,NO-04,CUST-00012,Consumer,Home Goods,Kitchenware,2,266.5,0.05,7.99,Credit Card,Online,Completed
ORD-101559,2024-11-25,West,Washington,WE-05,CUST-00581,Home Office,Electronics,Smartphones,3,402.29,0.0,0.0,Debit Card,In-Store,Completed
ORD-100192,2024-11-25,Central,Illinois,CE-05,CUST-01713,Home Office,Apparel,Accessories,2,43.02,0.1,0.0,Debit Card,In-Store,Completed
ORD-104123,2024-11-25,Central,Missouri,CE-04,CUST-00824,Consumer,Apparel,Kids' Wear,2,37.55,0.0,0.0,Debit Card,Online,Cancelled
ORD-100485,2024-11-25,East,Massachusetts,EA-01,CUST-01328,Consumer,Electronics,Smart Home,6,287.16,0.15,0.0,PayPal,In-Store,Completed
ORD-103394,2024-11-25,East,New Jersey,EA-02,CUST-01512,Consumer,Books,Comics,4,24.47,0.0,0.0,Debit Card,In-Store,Completed
ORD-103288,2024-11-25,West,Oregon,WE-02,CUST-01589,Home Office,Electronics,Smart Home,3,353.3,0.0,0.0,Credit Card,Online,Completed
ORD-101781,2024-11-25,South,Texas,SO-04,CUST-01061,Consumer,Apparel,Kids' Wear,3,58.69,0.15,0.0,Debit Card,Online,Completed
ORD-101356,2024-11-25,East,Massachusetts,EA-05,CUST-00487,Consumer,Apparel,Men's Wear,3,59.87,0.0,0.0,Credit Card,In-Store,Completed
ORD-102925,2024-11-25,South,Texas,SO-01,CUST-00931,Home Office,Electronics,Headphones,2,234.26,0.0,0.0,Credit Card,In-Store,Completed
ORD-100947,2024-11-25,East,New Jersey,EA-02,CUST-00869,Consumer,Home Goods,Kitchenware,4,256.69,0.05,0.0,PayPal,Online,Completed
ORD-103740,2024-11-26,South,Georgia,SO-02,CUST-01245,Corporate,Apparel,Women's Wear,4,36.35,0.15,0.0,Credit Card,In-Store,Returned
ORD-100401,2024-11-26,North,Minnesota,NO-01,CUST-00637,Consumer,Books,Comics,2,12.63,0.1,0.0,Debit Card,Online,Completed
ORD-103771,2024-11-26,Central,Illinois,CE-05,CUST-00537,Home Office,Home Goods,Bedding,2,265.81,0.0,7.99,PayPal,Online,Returned
ORD-103975,2024-11-26,East,Massachusetts,EA-02,CUST-00771,Consumer,Apparel,Footwear,2,61.92,0.0,7.99,Credit Card,Online,Completed
ORD-104337,2024-11-26,West,California,WE-04,CUST-00291,Consumer,Electronics,Smartphones,2,530.38,0.2,0.0,PayPal,Online,Completed
ORD-100568,2024-11-26,North,Wisconsin,NO-05,CUST-00592,Corporate,Electronics,Cameras,1,321.18,0.05,4.99,Debit Card,Online,Completed
ORD-102356,2024-11-26,West,Washington,WE-05,CUST-00929,Consumer,Apparel,Accessories,5,119.08,0.0,0.0,PayPal,Online,Completed
ORD-102232,2024-11-26,East,Massachusetts,EA-01,CUST-01621,Consumer,Apparel,Footwear,1,50.56,0.1,0.0,Credit Card,In-Store,Completed
ORD-104470,2024-11-27,West,Washington,WE-02,CUST-01405,Consumer,Home Goods,Storage,3,214.27,0.05,0.0,Cash,Online,Completed
ORD-104787,2024-11-27,North,Minnesota,NO-04,CUST-00696,Consumer,Electronics,Laptops,2,364.88,0.05,4.99,Debit Card,Online,Completed
ORD-100453,2024-11-27,Central,Ohio,CE-01,CUST-01465,Corporate,Sporting Goods,Team Sports,1,97.0,0.1,12.99,Debit Card,Online,Completed
ORD-105709,2024-11-27,East,Massachusetts,EA-05,CUST-01766,Consumer,Apparel,Women's Wear,4,30.85,0.0,0.0,PayPal,In-Store,Completed
ORD-103006,2024-11-27,East,New Jersey,EA-04,CUST-00790,Corporate,Electronics,Headphones,2,697.51,0.05,0.0,Debit Card,Online,Returned
ORD-100367,2024-11-27,East,Massachusetts,EA-02,CUST-01649,Consumer,Books,Fiction,5,16.76,0.05,12.99,Credit Card,Online,Completed
ORD-102107,2024-11-27,East,Massachusetts,EA-01,CUST-01017,Consumer,Electronics,Smart Home,2,550.26,0.2,4.99,PayPal,Online,Returned
ORD-100408,2024-11-27,Central,Missouri,CE-03,CUST-00249,Corporate,Electronics,Laptops,3,546.76,0.0,0.0,PayPal,Online,Completed
ORD-102571,2024-11-27,East,New York,EA-02,CUST-00026,Corporate,Apparel,Footwear,2,76.98,0.0,4.99,Gift Card,Online,Completed
ORD-102002,2024-11-27,West,Washington,WE-05,CUST-00234,Corporate,Books,Educational,2,6.5,0.25,7.99,Credit Card,Online,Completed
ORD-102012,2024-11-27,West,Oregon,WE-03,CUST-01655,Corporate,Electronics,Smartphones,3,212.11,0.0,0.0,PayPal,In-Store,Cancelled
ORD-100748,2024-11-27,North,North Dakota,NO-04,CUST-00862,Corporate,Apparel,Men's Wear,1,37.35,0.15,0.0,Credit Card,In-Store,Completed
ORD-102320,2024-11-28,West,Washington,WE-05,CUST-00859,Consumer,Electronics,Headphones,4,166.7,0.0,7.99,Credit Card,Online,Completed
ORD-103352,2024-11-28,South,Georgia,SO-04,CUST-01066,Consumer,Home Goods,Decor,2,393.83,0.15,12.99,Credit Card,Online,Cancelled
ORD-105152,2024-11-28,West,Oregon,WE-01,CUST-01678,Consumer,Beauty & Health,Skincare,6,66.71,0.0,0.0,Debit Card,Online,Completed
ORD-103751,2024-11-28,Central,Missouri,CE-01,CUST-01677,Consumer,Electronics,Smartphones,3,456.49,0.0,12.99,Credit Card,Online,Returned
ORD-103336,2024-11-28,West,Oregon,WE-05,CUST-00714,Consumer,Electronics,Smartphones,4,340.82,0.2,0.0,Credit Card,Online,Completed
ORD-105966,2024-11-28,South,Texas,SO-02,CUST-01111,Consumer,Apparel,Men's Wear,4,52.94,0.1,0.0,Debit Card,Online,Completed
ORD-103641,2024-11-28,West,Oregon,WE-04,CUST-01387,Consumer,Electronics,Smartphones,5,376.88,0.15,0.0,Credit Card,In-Store,Returned
ORD-101367,2024-11-28,West,Oregon,WE-05,CUST-01129,Consumer,Apparel,Women's Wear,2,88.84,0.15,0.0,Debit Card,Online,Completed
ORD-104936,2024-11-28,West,Washington,WE-02,CUST-01395,Consumer,Beauty & Health,Haircare,4,20.09,0.1,0.0,Cash,In-Store,Completed
ORD-102083,2024-11-28,Central,Ohio,CE-02,CUST-00249,Consumer,Home Goods,Furniture,3,260.42,0.15,0.0,Credit Card,Online,Completed
ORD-100043,2024-11-28,South,Georgia,SO-02,CUST-00594,Home Office,Apparel,Kids' Wear,4,48.66,0.15,0.0,Gift Card,In-Store,Completed
ORD-102472,2024-11-28,North,Wisconsin,NO-02,CUST-00357,Home Office,Apparel,Women's Wear,3,36.87,0.25,7.99,Credit Card,Online,Completed
ORD-104293,2024-11-28,West,California,WE-04,CUST-01287,Consumer,Electronics,Smartphones,1,1153.83,0.0,0.0,PayPal,Online,Completed
ORD-100785,2024-11-28,North,Minnesota,NO-01,CUST-01460,Consumer,Electronics,Headphones,2,631.8,0.0,7.99,Credit Card,Online,Completed
ORD-102801,2024-11-28,East,New York,EA-05,CUST-00830,Corporate,Sporting Goods,Fitness Equipment,3,178.8,0.2,0.0,Gift Card,In-Store,Completed
ORD-102191,2024-11-28,West,California,WE-01,CUST-01157,Corporate,Books,Fiction,6,31.59,0.0,4.99,Credit Card,Online,Completed
ORD-104602,2024-11-28,East,New York,EA-02,CUST-00026,Corporate,Apparel,Men's Wear,4,59.18,0.0,0.0,Credit Card,In-Store,Cancelled
ORD-104802,2024-11-28,West,Washington,WE-03,CUST-00556,Consumer,Apparel,Kids' Wear,4,75.85,0.05,0.0,Gift Card,Online,Completed
ORD-105785,2024-11-28,East,Massachusetts,EA-01,CUST-01361,Consumer,Books,Non-Fiction,5,35.04,0.0,4.99,Debit Card,Online,Completed
ORD-100150,2024-11-28,West,California,WE-03,CUST-00390,Home Office,Apparel,Women's Wear,4,21.36,0.0,0.0,Debit Card,Online,Completed
ORD-104816,2024-11-28,Central,Missouri,CE-01,CUST-01393,Consumer,Sporting Goods,Fitness Equipment,2,303.19,0.0,0.0,Gift Card,In-Store,Completed
ORD-100104,2024-11-28,North,Minnesota,NO-01,CUST-00735,Consumer,Electronics,Smartphones,4,328.51,0.2,7.99,Debit Card,Online,Completed
ORD-103659,2024-11-29,Central,Illinois,CE-01,CUST-00366,Home Office,Apparel,Men's Wear,2,28.42,0.0,0.0,Debit Card,In-Store,Completed
ORD-105754,2024-11-29,North,North Dakota,NO-04,CUST-00400,Consumer,Electronics,Headphones,3,248.88,0.25,0.0,Credit Card,Online,Completed
ORD-104899,2024-11-29,North,Wisconsin,NO-03,CUST-00624,Corporate,Electronics,Headphones,4,158.83,0.0,12.99,Credit Card,Online,Completed
ORD-100506,2024-11-29,East,New York,EA-01,CUST-00324,Corporate,Sporting Goods,Footwear,2,322.15,0.0,0.0,Cash,In-Store,Completed
ORD-102623,2024-11-29,South,Georgia,SO-05,CUST-00464,Consumer,Apparel,Men's Wear,6,40.31,0.15,0.0,Debit Card,In-Store,Returned
ORD-105338,2024-11-29,South,Texas,SO-04,CUST-01420,Consumer,Apparel,Kids' Wear,2,41.14,0.05,0.0,Gift Card,In-Store,Completed
ORD-102209,2024-11-29,West,California,WE-05,CUST-00081,Consumer,Home Goods,Storage,4,220.48,0.0,0.0,Debit Card,In-Store,Completed
ORD-105578,2024-11-29,East,New York,EA-01,CUST-00681,Consumer,Apparel,Men's Wear,3,36.59,0.0,0.0,Credit Card,In-Store,Completed
ORD-105621,2024-11-29,West,Washington,WE-03,CUST-00202,Home Office,Sporting Goods,Fitness Equipment,3,264.88,0.05,0.0,Debit Card,In-Store,Completed
ORD-102251,2024-11-29,West,Washington,WE-03,CUST-00531,Corporate,Electronics,Smart Home,3,259.15,0.0,4.99,Credit Card,Online,Completed
ORD-105243,2024-11-29,North,Wisconsin,NO-01,CUST-00140,Home Office,Home Goods,Decor,5,461.35,0.25,0.0,Debit Card,In-Store,Completed
ORD-104233,2024-11-29,South,Texas,SO-02,CUST-00655,Home Office,Books,Fiction,3,14.2,0.0,0.0,Cash,In-Store,Completed
ORD-105687,2024-11-29,West,California,WE-04,CUST-00515,Consumer,Home Goods,Storage,10,250.16,0.2,7.99,Credit Card,Online,Completed
ORD-105489,2024-11-30,Central,Ohio,CE-03,CUST-01218,Consumer,Books,Children's,1,9.2,0.25,7.99,Credit Card,Online,Completed
ORD-100836,2024-11-30,East,New York,EA-03,CUST-00960,Corporate,Apparel,Footwear,3,33.08,0.1,4.99,Credit Card,Online,Completed
ORD-105682,2024-11-30,East,New Jersey,EA-05,CUST-01486,Consumer,Home Goods,Bedding,4,285.9,0.0,4.99,Credit Card,Online,Completed
ORD-105769,2024-11-30,Central,Illinois,CE-05,CUST-01482,Corporate,Apparel,Men's Wear,6,25.35,0.15,0.0,Debit Card,In-Store,Completed
ORD-103902,2024-11-30,East,New York,EA-02,CUST-00929,Home Office,Apparel,Men's Wear,6,68.58,0.15,0.0,Credit Card,In-Store,Completed
ORD-103102,2024-11-30,North,Minnesota,NO-03,CUST-00401,Consumer,Beauty & Health,Haircare,2,47.68,0.0,7.99,PayPal,Online,Completed
ORD-104726,2024-11-30,East,New York,EA-05,CUST-00965,Corporate,Electronics,Smartphones,3,542.77,0.05,0.0,Credit Card,In-Store,Completed
ORD-105896,2024-11-30,East,Massachusetts,EA-05,CUST-00003,Consumer,Electronics,Cameras,3,435.75,0.1,0.0,Credit Card,In-Store,Completed
ORD-102100,2024-11-30,South,Florida,SO-04,CUST-01617,Consumer,Home Goods,Decor,2,302.35,0.05,0.0,Debit Card,Online,Completed
ORD-100953,2024-11-30,South,Florida,SO-04,CUST-00465,Corporate,Apparel,Women's Wear,4,84.48,0.15,0.0,Debit Card,In-Store,Completed
ORD-103191,2024-11-30,East,New York,EA-05,CUST-00376,Consumer,Home Goods,Decor,4,566.81,0.2,0.0,Debit Card,In-Store,Completed
ORD-105124,2024-11-30,East,New Jersey,EA-03,CUST-01767,Corporate,Sporting Goods,Cycling,1,207.61,0.1,0.0,Cash,Online,Completed
ORD-100937,2024-11-30,Central,Ohio,CE-01,CUST-01338,Home Office,Apparel,Women's Wear,3,65.91,0.0,0.0,Credit Card,In-Store,Completed
ORD-101360,2024-11-30,East,New Jersey,EA-01,CUST-01763,Consumer,Apparel,Women's Wear,3,100.05,0.05,7.99,Credit Card,Online,Completed
ORD-104527,2024-11-30,East,New Jersey,EA-02,CUST-01474,Consumer,Sporting Goods,Outdoor Gear,5,91.15,0.05,4.99,PayPal,Online,Completed
ORD-105179,2024-11-30,Central,Missouri,CE-04,CUST-01662,Corporate,Home Goods,Furniture,2,203.72,0.0,7.99,Debit Card,Online,Completed
ORD-100242,2024-11-30,West,Washington,WE-04,CUST-00790,Consumer,Apparel,Women's Wear,3,41.93,0.0,4.99,Debit Card,Online,Completed
ORD-100273,2024-11-30,Central,Illinois,CE-03,CUST-01063,Consumer,Books,Comics,3,7.5,0.0,0.0,Debit Card,In-Store,Completed
ORD-102351,2024-11-30,Central,Ohio,CE-01,CUST-01659,Consumer,Apparel,Women's Wear,5,30.74,0.05,0.0,Credit Card,Online,Completed
ORD-105793,2024-12-01,East,New York,EA-04,CUST-00111,Corporate,Apparel,Footwear,5,150.0,0.0,0.0,Credit Card,In-Store,Completed
ORD-102205,2024-12-01,East,New Jersey,EA-03,CUST-01726,Consumer,Home Goods,Kitchenware,3,212.15,0.05,0.0,Credit Card,In-Store,Completed
ORD-100996,2024-12-01,West,Oregon,WE-02,CUST-01335,Home Office,Apparel,Men's Wear,5,48.0,0.0,0.0,PayPal,Online,Completed
ORD-104116,2024-12-01,South,Georgia,SO-04,CUST-01709,Consumer,Beauty & Health,Wellness,3,65.23,0.25,12.99,Credit Card,Online,Completed
ORD-102853,2024-12-01,South,Georgia,SO-03,CUST-01091,Consumer,Apparel,Kids' Wear,3,51.54,0.05,0.0,Credit Card,In-Store,Completed
ORD-102842,2024-12-01,South,Texas,SO-04,CUST-00439,Consumer,Sporting Goods,Footwear,1,133.71,0.0,0.0,Debit Card,In-Store,Completed
ORD-103886,2024-12-01,East,New York,EA-04,CUST-00030,Corporate,Sporting Goods,Footwear,3,100.31,0.0,4.99,PayPal,Online,Completed
ORD-101018,2024-12-01,Central,Illinois,CE-01,CUST-01587,Consumer,Books,Comics,4,13.12,0.0,0.0,Debit Card,In-Store,Completed
ORD-102754,2024-12-01,West,California,WE-01,CUST-00073,Corporate,Sporting Goods,Team Sports,3,330.09,0.25,0.0,Credit Card,Online,Completed
ORD-102382,2024-12-01,East,New York,EA-03,CUST-00800,Home Office,Books,Non-Fiction,2,33.54,0.0,0.0,Credit Card,Online,Completed
ORD-101854,2024-12-01,South,Georgia,SO-05,CUST-00428,Consumer,Electronics,Smartphones,2,454.15,0.15,0.0,Credit Card,In-Store,Completed
ORD-104915,2024-12-01,East,New York,EA-02,CUST-01143,Home Office,Beauty & Health,Makeup,1,42.82,0.15,0.0,Credit Card,Online,Returned
ORD-104858,2024-12-01,South,Texas,SO-02,CUST-01369,Consumer,Home Goods,Furniture,3,659.09,0.0,4.99,Debit Card,Online,Completed
ORD-104144,2024-12-01,Central,Illinois,CE-05,CUST-01698,Consumer,Apparel,Accessories,6,63.51,0.15,0.0,Credit Card,In-Store,Completed
ORD-105704,2024-12-01,West,California,WE-05,CUST-01136,Consumer,Apparel,Men's Wear,2,40.16,0.05,7.99,Gift Card,Online,Completed
ORD-105887,2024-12-01,North,North Dakota,NO-05,CUST-01699,Corporate,Beauty & Health,Skincare,3,32.04,0.0,7.99,PayPal,Online,Completed
ORD-105068,2024-12-02,South,Georgia,SO-05,CUST-01558,Consumer,Beauty & Health,Wellness,3,60.12,0.05,0.0,Credit Card,In-Store,Completed
ORD-103483,2024-12-02,North,Wisconsin,NO-04,CUST-01108,Corporate,Sporting Goods,Footwear,4,129.68,0.0,7.99,Cash,Online,Completed
ORD-102835,2024-12-02,North,Minnesota,NO-01,CUST-01244,Consumer,Electronics,Laptops,4,399.21,0.0,4.99,Credit Card,Online,Cancelled
ORD-103141,2024-12-02,South,Florida,SO-04,CUST-01562,Consumer,Apparel,Accessories,2,34.11,0.2,4.99,Cash,Online,Completed
ORD-104719,2024-12-02,West,Oregon,WE-02,CUST-01298,Consumer,Home Goods,Bedding,4,393.26,0.1,0.0,Debit Card,In-Store,Completed
ORD-101662,2024-12-02,South,Florida,SO-01,CUST-00252,Consumer,Books,Children's,4,13.54,0.15,7.99,Credit Card,Online,Cancelled
ORD-100825,2024-12-02,Central,Missouri,CE-05,CUST-00430,Corporate,Apparel,Accessories,3,36.42,0.0,0.0,PayPal,Online,Returned
ORD-101248,2024-12-02,Central,Missouri,CE-04,CUST-01047,Home Office,Sporting Goods,Footwear,6,97.64,0.0,0.0,Credit Card,Online,Completed
ORD-102954,2024-12-02,West,Oregon,WE-04,CUST-01778,Consumer,Sporting Goods,Footwear,3,212.89,0.25,4.99,Cash,Online,Completed
ORD-100615,2024-12-02,South,Georgia,SO-02,CUST-00392,Consumer,Electronics,Smartphones,3,621.79,0.05,0.0,Credit Card,In-Store,Completed
ORD-103636,2024-12-02,West,Oregon,WE-02,CUST-01119,Consumer,Apparel,Women's Wear,3,36.21,0.0,0.0,Credit Card,In-Store,Completed
ORD-104929,2024-12-02,Central,Ohio,CE-05,CUST-01113,Consumer,Home Goods,Bedding,4,166.71,0.05,0.0,Credit Card,In-Store,Completed
ORD-100813,2024-12-02,East,New York,EA-04,CUST-00463,Consumer,Apparel,Accessories,8,108.71,0.0,7.99,Debit Card,Online,Completed
ORD-105729,2024-12-03,South,Texas,SO-04,CUST-01122,Corporate,Electronics,Laptops,2,914.11,0.0,7.99,Credit Card,Online,Returned
ORD-101022,2024-12-03,South,Florida,SO-04,CUST-01149,Home Office,Apparel,Women's Wear,5,27.63,0.0,0.0,PayPal,Online,Completed
ORD-105061,2024-12-03,Central,Illinois,CE-03,CUST-00956,Consumer,Books,Educational,4,10.21,0.0,0.0,Credit Card,In-Store,Completed
ORD-101686,2024-12-03,South,Georgia,SO-01,CUST-00215,Corporate,Beauty & Health,Wellness,5,17.91,0.05,0.0,PayPal,In-Store,Completed
ORD-105039,2024-12-03,North,Minnesota,NO-05,CUST-00140,Consumer,Electronics,Cameras,2,111.6,0.0,0.0,Debit Card,Online,Completed
ORD-104433,2024-12-03,North,Minnesota,NO-03,CUST-00511,Consumer,Electronics,Smart Home,3,252.49,0.0,0.0,Debit Card,In-Store,Completed
ORD-100799,2024-12-03,West,Washington,WE-03,CUST-00250,Corporate,Electronics,Smartphones,2,322.82,0.0,0.0,PayPal,In-Store,Returned
ORD-105121,2024-12-03,Central,Missouri,CE-05,CUST-00863,Corporate,Electronics,Headphones,2,114.82,0.0,0.0,Cash,In-Store,Returned
ORD-100055,2024-12-03,West,Washington,WE-05,CUST-01551,Consumer,Beauty & Health,Wellness,6,19.71,0.15,12.99,PayPal,Online,Completed
ORD-105312,2024-12-04,West,Oregon,WE-03,CUST-00843,Consumer,Electronics,Laptops,1,244.14,0.05,4.99,Debit Card,Online,Completed
ORD-104904,2024-12-04,North,Wisconsin,NO-03,CUST-01492,Consumer,Books,Fiction,3,23.03,0.2,12.99,Credit Card,Online,Completed
ORD-105911,2024-12-04,North,North Dakota,NO-03,CUST-01133,Consumer,Home Goods,Storage,4,103.22,0.0,4.99,Cash,Online,Completed
ORD-100807,2024-12-04,East,New Jersey,EA-01,CUST-00330,Corporate,Books,Comics,7,11.86,0.0,0.0,Credit Card,In-Store,Completed
ORD-101634,2024-12-04,North,Minnesota,NO-03,CUST-00777,Home Office,Apparel,Accessories,4,52.66,0.2,0.0,Credit Card,In-Store,Completed
ORD-100182,2024-12-04,Central,Missouri,CE-02,CUST-01366,Consumer,Electronics,Headphones,2,649.45,0.0,0.0,Debit Card,Online,Completed
ORD-100577,2024-12-04,Central,Illinois,CE-03,CUST-01028,Corporate,Home Goods,Storage,5,129.59,0.0,7.99,Debit Card,Online,Completed
ORD-103166,2024-12-04,Central,Ohio,CE-04,CUST-00576,Consumer,Books,Educational,3,12.27,0.0,0.0,Credit Card,In-Store,Completed
ORD-101519,2024-12-04,West,California,WE-04,CUST-00765,Consumer,Beauty & Health,Makeup,1,40.21,0.15,0.0,PayPal,Online,Completed
ORD-102515,2024-12-04,South,Texas,SO-02,CUST-00054,Home Office,Apparel,Kids' Wear,4,44.14,0.05,0.0,PayPal,Online,Returned
ORD-103608,2024-12-04,East,Massachusetts,EA-05,CUST-01416,Consumer,Beauty & Health,Skincare,3,114.91,0.0,7.99,Debit Card,Online,Completed
ORD-103956,2024-12-04,South,Georgia,SO-03,CUST-01032,Consumer,Beauty & Health,Makeup,4,17.31,0.0,12.99,Debit Card,Online,Completed
ORD-101015,2024-12-04,South,Georgia,SO-05,CUST-00066,Consumer,Books,Fiction,1,33.71,0.0,0.0,Credit Card,In-Store,Completed
ORD-102820,2024-12-04,South,Texas,SO-02,CUST-00797,Home Office,Electronics,Smart Home,6,1112.04,0.0,4.99,PayPal,Online,Completed
ORD-101639,2024-12-04,North,North Dakota,NO-05,CUST-01460,Corporate,Electronics,Cameras,5,1062.97,0.0,7.99,Credit Card,Online,Completed
ORD-103725,2024-12-05,South,Georgia,SO-02,CUST-00011,Home Office,Apparel,Men's Wear,2,82.53,0.1,0.0,Gift Card,In-Store,Completed
ORD-102569,2024-12-05,East,New York,EA-04,CUST-00846,Home Office,Home Goods,Furniture,2,252.17,0.1,0.0,Credit Card,In-Store,Completed
ORD-104733,2024-12-05,West,California,WE-03,CUST-00423,Corporate,Electronics,Smartphones,2,375.66,0.05,0.0,PayPal,Online,Completed
ORD-105588,2024-12-05,Central,Ohio,CE-04,CUST-00976,Corporate,Electronics,Laptops,1,689.21,0.0,7.99,Credit Card,Online,Completed
ORD-103686,2024-12-05,West,California,WE-03,CUST-00035,Consumer,Sporting Goods,Fitness Equipment,5,161.3,0.05,0.0,Credit Card,Online,Completed
ORD-105818,2024-12-05,West,California,WE-03,CUST-01594,Consumer,Home Goods,Decor,5,471.33,0.15,0.0,Debit Card,In-Store,Completed
ORD-105193,2024-12-05,Central,Illinois,CE-04,CUST-00157,Consumer,Apparel,Women's Wear,2,39.0,0.0,7.99,Credit Card,Online,Completed
ORD-100715,2024-12-05,South,Florida,SO-05,CUST-00988,Consumer,Home Goods,Storage,2,127.77,0.15,0.0,Debit Card,Online,Completed
ORD-100112,2024-12-05,North,Wisconsin,NO-03,CUST-00579,Consumer,Apparel,Accessories,5,77.63,0.0,0.0,Cash,In-Store,Completed
ORD-103438,2024-12-05,South,Georgia,SO-03,CUST-01267,Corporate,Electronics,Cameras,3,368.35,0.0,0.0,Debit Card,In-Store,Completed
ORD-103439,2024-12-05,South,Georgia,SO-04,CUST-01679,Consumer,Apparel,Women's Wear,3,28.04,0.1,0.0,Debit Card,In-Store,Completed
ORD-101838,2024-12-05,West,Oregon,WE-02,CUST-00266,Corporate,Sporting Goods,Cycling,4,202.76,0.05,0.0,Credit Card,In-Store,Returned
ORD-105511,2024-12-05,South,Georgia,SO-01,CUST-01746,Consumer,Books,Comics,3,16.26,0.1,0.0,Debit Card,In-Store,Completed
ORD-100684,2024-12-05,South,Texas,SO-02,CUST-01641,Corporate,Electronics,Smart Home,2,168.92,0.0,0.0,Credit Card,In-Store,Completed
ORD-100245,2024-12-05,East,New York,EA-05,CUST-01623,Home Office,Books,Children's,4,13.54,0.25,0.0,PayPal,In-Store,Completed
ORD-105024,2024-12-05,North,Wisconsin,NO-03,CUST-01547,Consumer,Home Goods,Decor,4,354.08,0.15,7.99,Credit Card,Online,Completed
ORD-101103,2024-12-05,West,Washington,WE-03,CUST-01500,Consumer,Apparel,Women's Wear,4,44.37,0.0,0.0,Debit Card,Online,Completed
ORD-104093,2024-12-05,North,Wisconsin,NO-02,CUST-01002,Corporate,Sporting Goods,Fitness Equipment,5,313.6,0.0,4.99,Credit Card,Online,Completed
ORD-103985,2024-12-06,Central,Illinois,CE-03,CUST-00538,Consumer,Home Goods,Bedding,4,222.29,0.2,0.0,Credit Card,In-Store,Returned
ORD-101667,2024-12-06,Central,Illinois,CE-05,CUST-01681,Consumer,Books,Fiction,3,14.74,0.05,0.0,Gift Card,Online,Completed
ORD-101455,2024-12-06,West,Oregon,WE-02,CUST-00994,Consumer,Electronics,Headphones,4,656.6,0.0,4.99,Cash,Online,Completed
ORD-101183,2024-12-06,North,North Dakota,NO-05,CUST-00007,Consumer,Sporting Goods,Footwear,4,130.29,0.0,0.0,Credit Card,In-Store,Completed
ORD-100395,2024-12-06,South,Georgia,SO-01,CUST-00688,Corporate,Books,Non-Fiction,2,35.36,0.05,4.99,Credit Card,Online,Completed
ORD-103132,2024-12-06,South,Georgia,SO-05,CUST-01527,Consumer,Home Goods,Bedding,3,548.17,0.0,0.0,PayPal,Online,Completed
ORD-102304,2024-12-06,South,Georgia,SO-01,CUST-01131,Corporate,Home Goods,Furniture,2,800.0,0.0,0.0,PayPal,Online,Completed
ORD-104558,2024-12-06,East,New York,EA-05,CUST-01272,Consumer,Apparel,Men's Wear,2,66.06,0.1,0.0,Gift Card,Online,Returned
ORD-100512,2024-12-06,East,Massachusetts,EA-01,CUST-00681,Consumer,Beauty & Health,Makeup,2,57.35,0.2,4.99,Credit Card,Online,Completed
ORD-103698,2024-12-06,South,Georgia,SO-04,CUST-01042,Corporate,Apparel,Men's Wear,4,73.55,0.0,0.0,Cash,In-Store,Completed
ORD-105987,2024-12-06,East,New Jersey,EA-04,CUST-00100,Corporate,Apparel,Accessories,4,103.96,0.25,0.0,PayPal,In-Store,Completed
ORD-100796,2024-12-06,South,Texas,SO-02,CUST-01283,Consumer,Apparel,Kids' Wear,3,42.26,0.05,4.99,Debit Card,Online,Completed
ORD-105139,2024-12-06,North,Minnesota,NO-02,CUST-01411,Home Office,Apparel,Kids' Wear,2,49.33,0.25,7.99,Cash,Online,Completed
ORD-104550,2024-12-06,East,New York,EA-04,CUST-01679,Consumer,Electronics,Cameras,4,275.52,0.0,7.99,Credit Card,Online,Completed
ORD-103836,2024-12-06,South,Texas,SO-05,CUST-00774,Consumer,Electronics,Laptops,4,553.77,0.0,0.0,Credit Card,In-Store,Completed
ORD-103775,2024-12-06,West,Oregon,WE-03,CUST-01616,Consumer,Beauty & Health,Wellness,3,23.83,0.15,0.0,Debit Card,In-Store,Completed
ORD-102949,2024-12-06,Central,Illinois,CE-03,CUST-00019,Consumer,Sporting Goods,Outdoor Gear,2,78.34,0.05,0.0,PayPal,In-Store,Completed
ORD-105564,2024-12-06,West,Washington,WE-04,CUST-00346,Consumer,Home Goods,Bedding,4,199.79,0.15,12.99,Credit Card,Online,Completed
ORD-101955,2024-12-06,East,Massachusetts,EA-02,CUST-01585,Consumer,Electronics,Headphones,4,386.72,0.05,0.0,PayPal,Online,Completed
ORD-105060,2024-12-06,South,Georgia,SO-02,CUST-01004,Consumer,Apparel,Kids' Wear,5,80.92,0.15,0.0,Credit Card,In-Store,Completed
ORD-100178,2024-12-07,East,Massachusetts,EA-03,CUST-00111,Consumer,Home Goods,Decor,5,126.79,0.0,4.99,PayPal,Online,Completed
ORD-101521,2024-12-07,South,Georgia,SO-02,CUST-01648,Corporate,Sporting Goods,Fitness Equipment,3,135.01,0.0,0.0,Cash,Online,Completed
ORD-105761,2024-12-07,North,Wisconsin,NO-05,CUST-01340,Corporate,Sporting Goods,Outdoor Gear,6,138.25,0.0,0.0,Gift Card,In-Store,Completed
ORD-105968,2024-12-07,East,New Jersey,EA-02,CUST-01372,Consumer,Books,Non-Fiction,3,18.96,0.1,0.0,Debit Card,In-Store,Completed
ORD-101655,2024-12-07,East,New Jersey,EA-05,CUST-00968,Consumer,Books,Non-Fiction,3,15.54,0.0,0.0,Credit Card,In-Store,Completed
ORD-102022,2024-12-07,South,Georgia,SO-01,CUST-00033,Corporate,Electronics,Smart Home,2,723.66,0.0,0.0,Credit Card,In-Store,Completed
ORD-103156,2024-12-07,North,Minnesota,NO-01,CUST-00522,Consumer,Sporting Goods,Fitness Equipment,3,70.07,0.0,0.0,Gift Card,Online,Completed
ORD-100256,2024-12-07,West,California,WE-01,CUST-01226,Corporate,Home Goods,Storage,4,684.36,0.0,0.0,Debit Card,In-Store,Completed
ORD-103722,2024-12-07,West,Oregon,WE-05,CUST-01066,Consumer,Apparel,Kids' Wear,6,47.67,0.1,7.99,Credit Card,Online,Completed
ORD-101415,2024-12-07,North,Minnesota,NO-01,CUST-01023,Consumer,Apparel,Women's Wear,3,45.88,0.0,4.99,Gift Card,Online,Completed
ORD-105183,2024-12-07,West,Washington,WE-02,CUST-01787,Consumer,Electronics,Smart Home,7,521.38,0.2,4.99,PayPal,Online,Completed
ORD-100971,2024-12-07,West,California,WE-04,CUST-00841,Corporate,Beauty & Health,Makeup,2,66.33,0.1,12.99,PayPal,Online,Completed
ORD-104580,2024-12-07,West,Oregon,WE-05,CUST-00816,Consumer,Home Goods,Furniture,2,216.91,0.0,0.0,Credit Card,In-Store,Completed
ORD-101419,2024-12-07,Central,Ohio,CE-05,CUST-00699,Corporate,Beauty & Health,Personal Care,3,61.58,0.2,0.0,Gift Card,In-Store,Completed
ORD-104245,2024-12-07,South,Texas,SO-03,CUST-00443,Consumer,Electronics,Smart Home,2,401.22,0.1,4.99,PayPal,Online,Completed
ORD-100806,2024-12-07,East,New York,EA-03,CUST-01547,Corporate,Electronics,Smartphones,3,513.73,0.0,0.0,Credit Card,In-Store,Completed
ORD-103838,2024-12-07,East,New York,EA-05,CUST-01054,Corporate,Electronics,Smartphones,5,430.03,0.1,4.99,Credit Card,Online,Completed
ORD-104815,2024-12-07,West,Oregon,WE-04,CUST-00795,Consumer,Apparel,Men's Wear,2,75.58,0.0,0.0,Debit Card,Online,Completed
ORD-101301,2024-12-07,North,North Dakota,NO-03,CUST-01159,Consumer,Apparel,Accessories,2,75.35,0.0,7.99,PayPal,Online,Completed
ORD-103885,2024-12-07,North,Minnesota,NO-05,CUST-01316,Consumer,Apparel,Women's Wear,2,73.31,0.0,0.0,Cash,Online,Completed
ORD-104050,2024-12-07,East,New Jersey,EA-03,CUST-00662,Home Office,Beauty & Health,Haircare,5,20.9,0.1,0.0,Debit Card,Online,Completed
ORD-104321,2024-12-07,North,Minnesota,NO-01,CUST-00192,Consumer,Apparel,Accessories,2,66.19,0.0,0.0,Credit Card,Online,Completed
ORD-105278,2024-12-08,South,Georgia,SO-04,CUST-01256,Home Office,Books,Fiction,4,34.58,0.15,0.0,Debit Card,In-Store,Returned
ORD-103801,2024-12-08,East,New York,EA-02,CUST-01696,Home Office,Sporting Goods,Footwear,4,181.26,0.0,0.0,Credit Card,Online,Completed
ORD-100751,2024-12-08,Central,Illinois,CE-03,CUST-01311,Consumer,Sporting Goods,Team Sports,2,92.65,0.2,0.0,Credit Card,Online,Completed
ORD-100358,2024-12-08,Central,Missouri,CE-04,CUST-00601,Consumer,Sporting Goods,Footwear,2,168.67,0.0,0.0,Debit Card,Online,Completed
ORD-102185,2024-12-08,South,Florida,SO-02,CUST-01476,Corporate,Electronics,Laptops,4,193.52,0.0,0.0,PayPal,Online,Returned
ORD-103515,2024-12-08,East,New York,EA-03,CUST-01088,Corporate,Apparel,Accessories,3,41.72,0.05,4.99,Credit Card,Online,Completed
ORD-101185,2024-12-08,East,New Jersey,EA-01,CUST-01305,Consumer,Books,Non-Fiction,3,20.58,0.05,0.0,Credit Card,In-Store,Completed
ORD-101975,2024-12-08,South,Georgia,SO-04,CUST-00262,Corporate,Beauty & Health,Wellness,4,35.0,0.1,0.0,Debit Card,In-Store,Completed
ORD-105188,2024-12-08,West,Washington,WE-05,CUST-00834,Consumer,Apparel,Kids' Wear,3,60.68,0.0,0.0,Cash,In-Store,Completed
ORD-100240,2024-12-08,South,Florida,SO-05,CUST-01458,Corporate,Apparel,Women's Wear,3,72.35,0.05,0.0,Credit Card,In-Store,Completed
ORD-100720,2024-12-08,South,Georgia,SO-02,CUST-00796,Consumer,Sporting Goods,Cycling,3,119.34,0.0,0.0,Debit Card,Online,Completed
ORD-104301,2024-12-08,North,North Dakota,NO-03,CUST-01243,Consumer,Electronics,Cameras,3,410.92,0.0,4.99,Debit Card,Online,Completed
ORD-103853,2024-12-08,Central,Missouri,CE-04,CUST-00292,Corporate,Electronics,Cameras,2,844.34,0.0,0.0,Cash,Online,Completed
ORD-101865,2024-12-08,East,Massachusetts,EA-04,CUST-00009,Home Office,Electronics,Smart Home,4,931.97,0.0,4.99,Cash,Online,Completed
ORD-104269,2024-12-08,East,Massachusetts,EA-04,CUST-00073,Consumer,Apparel,Men's Wear,7,38.5,0.0,0.0,Credit Card,In-Store,Completed
ORD-104857,2024-12-08,South,Georgia,SO-01,CUST-00657,Consumer,Apparel,Footwear,2,46.78,0.0,0.0,Credit Card,In-Store,Completed
ORD-103930,2024-12-08,Central,Missouri,CE-02,CUST-00359,Consumer,Books,Children's,3,21.31,0.0,0.0,Credit Card,In-Store,Completed
ORD-101052,2024-12-08,North,Minnesota,NO-02,CUST-01629,Corporate,Home Goods,Furniture,3,211.64,0.0,0.0,Credit Card,Online,Completed
ORD-100052,2024-12-08,Central,Ohio,CE-01,CUST-00546,Consumer,Electronics,Cameras,4,174.36,0.0,7.99,Credit Card,Online,Completed
ORD-103364,2024-12-08,East,New Jersey,EA-04,CUST-01627,Corporate,Apparel,Accessories,1,39.71,0.15,0.0,Credit Card,Online,Completed
ORD-104682,2024-12-09,West,Washington,WE-02,CUST-00834,Corporate,Apparel,Accessories,3,107.39,0.0,0.0,Cash,Online,Returned
ORD-105185,2024-12-09,Central,Illinois,CE-01,CUST-00484,Corporate,Sporting Goods,Cycling,6,253.05,0.0,0.0,Debit Card,In-Store,Completed
ORD-102885,2024-12-09,East,New Jersey,EA-04,CUST-00367,Consumer,Books,Children's,3,22.86,0.0,0.0,PayPal,In-Store,Completed
ORD-102344,2024-12-09,South,Georgia,SO-03,CUST-01263,Home Office,Home Goods,Bedding,3,346.26,0.05,0.0,Credit Card,Online,Completed
ORD-103454,2024-12-09,North,North Dakota,NO-05,CUST-00340,Corporate,Home Goods,Kitchenware,2,176.7,0.0,4.99,Credit Card,Online,Completed
ORD-104945,2024-12-09,Central,Ohio,CE-03,CUST-00222,Consumer,Electronics,Smartphones,1,857.15,0.0,0.0,Debit Card,Online,Completed
ORD-104509,2024-12-09,Central,Illinois,CE-05,CUST-01673,Corporate,Apparel,Kids' Wear,6,96.36,0.0,7.99,Debit Card,Online,Completed
ORD-102734,2024-12-09,South,Florida,SO-04,CUST-00054,Corporate,Electronics,Smartphones,1,1200.0,0.05,0.0,Credit Card,Online,Completed
ORD-105762,2024-12-09,West,Washington,WE-05,CUST-00765,Consumer,Electronics,Laptops,3,593.07,0.0,4.99,Cash,Online,Completed
ORD-104311,2024-12-09,South,Georgia,SO-02,CUST-01336,Consumer,Apparel,Women's Wear,3,32.22,0.0,0.0,Credit Card,In-Store,Completed
ORD-100364,2024-12-09,West,Washington,WE-02,CUST-00915,Consumer,Electronics,Smartphones,1,251.07,0.1,12.99,Debit Card,Online,Completed
ORD-101844,2024-12-09,Central,Ohio,CE-05,CUST-00374,Consumer,Home Goods,Furniture,4,286.58,0.1,0.0,Credit Card,Online,Returned
ORD-103196,2024-12-09,South,Florida,SO-04,CUST-01673,Corporate,Home Goods,Storage,3,226.98,0.0,0.0,PayPal,In-Store,Completed
ORD-101090,2024-12-09,Central,Missouri,CE-01,CUST-01193,Consumer,Home Goods,Furniture,3,750.33,0.2,0.0,Cash,In-Store,Returned
ORD-100134,2024-12-09,Central,Missouri,CE-02,CUST-01675,Consumer,Home Goods,Storage,2,170.72,0.0,0.0,Credit Card,In-Store,Completed
ORD-105552,2024-12-09,East,Massachusetts,EA-02,CUST-00629,Home Office,Electronics,Cameras,4,319.91,0.0,4.99,Credit Card,Online,Completed
ORD-103026,2024-12-10,West,Washington,WE-02,CUST-01392,Consumer,Home Goods,Furniture,4,154.06,0.0,0.0,Debit Card,Online,Completed
ORD-103079,2024-12-10,South,Georgia,SO-03,CUST-00322,Consumer,Books,Educational,3,19.41,0.0,0.0,Credit Card,Online,Completed
ORD-104127,2024-12-10,South,Georgia,SO-02,CUST-00485,Consumer,Apparel,Men's Wear,3,57.22,0.0,0.0,Credit Card,In-Store,Returned
ORD-101024,2024-12-10,Central,Illinois,CE-03,CUST-01016,Consumer,Apparel,Women's Wear,4,73.91,0.0,4.99,Credit Card,Online,Completed
ORD-101223,2024-12-10,West,Oregon,WE-02,CUST-00726,Consumer,Home Goods,Decor,6,172.12,0.0,4.99,Credit Card,Online,Returned
ORD-101012,2024-12-10,North,Wisconsin,NO-04,CUST-00266,Corporate,Home Goods,Furniture,2,204.01,0.0,0.0,Credit Card,In-Store,Completed
ORD-104394,2024-12-10,Central,Ohio,CE-05,CUST-01153,Consumer,Home Goods,Furniture,3,494.42,0.0,7.99,Credit Card,Online,Completed
ORD-105335,2024-12-10,South,Florida,SO-04,CUST-01387,Consumer,Home Goods,Bedding,4,192.55,0.1,0.0,Debit Card,Online,Completed
ORD-102482,2024-12-10,North,Wisconsin,NO-02,CUST-00876,Consumer,Electronics,Smartphones,4,390.05,0.0,7.99,Credit Card,Online,Completed
ORD-105713,2024-12-10,Central,Ohio,CE-05,CUST-01105,Consumer,Books,Fiction,3,15.48,0.15,0.0,Credit Card,Online,Completed
ORD-101084,2024-12-10,Central,Missouri,CE-05,CUST-01322,Corporate,Books,Non-Fiction,4,14.03,0.0,0.0,Credit Card,In-Store,Completed
ORD-104640,2024-12-10,Central,Missouri,CE-05,CUST-01470,Consumer,Beauty & Health,Haircare,3,40.99,0.15,7.99,Debit Card,Online,Completed
ORD-102053,2024-12-10,West,Oregon,WE-04,CUST-00790,Consumer,Electronics,Smartphones,1,544.91,0.25,0.0,Debit Card,Online,Completed
ORD-100535,2024-12-10,East,New Jersey,EA-01,CUST-01127,Consumer,Apparel,Women's Wear,5,69.77,0.1,0.0,Credit Card,In-Store,Completed
ORD-104624,2024-12-10,North,Wisconsin,NO-04,CUST-01325,Consumer,Electronics,Smartphones,2,375.05,0.2,0.0,Credit Card,Online,Completed
ORD-101448,2024-12-10,North,Wisconsin,NO-02,CUST-01641,Consumer,Electronics,Laptops,4,175.44,0.25,0.0,Debit Card,In-Store,Completed
ORD-100869,2024-12-10,West,Washington,WE-03,CUST-00758,Consumer,Electronics,Smartphones,4,519.96,0.0,4.99,Cash,Online,Completed
ORD-102802,2024-12-10,South,Texas,SO-03,CUST-01269,Home Office,Electronics,Headphones,2,318.29,0.0,0.0,Credit Card,In-Store,Completed
ORD-104406,2024-12-11,Central,Illinois,CE-04,CUST-01103,Consumer,Apparel,Footwear,4,79.41,0.0,0.0,Credit Card,Online,Completed
ORD-103076,2024-12-11,North,North Dakota,NO-04,CUST-00593,Corporate,Books,Fiction,3,35.75,0.0,7.99,Debit Card,Online,Returned
ORD-105961,2024-12-11,Central,Ohio,CE-04,CUST-01634,Consumer,Electronics,Headphones,4,389.51,0.0,7.99,Gift Card,Online,Completed
ORD-100445,2024-12-11,East,New York,EA-03,CUST-01510,Corporate,Books,Children's,4,16.26,0.0,0.0,Debit Card,Online,Completed
ORD-104468,2024-12-11,Central,Ohio,CE-01,CUST-00525,Consumer,Electronics,Smart Home,5,156.25,0.25,0.0,Credit Card,In-Store,Completed
ORD-102871,2024-12-11,North,North Dakota,NO-02,CUST-01114,Corporate,Home Goods,Kitchenware,3,241.0,0.0,7.99,Cash,Online,Completed
ORD-102968,2024-12-11,Central,Missouri,CE-01,CUST-00624,Consumer,Sporting Goods,Cycling,4,134.34,0.1,7.99,PayPal,Online,Completed
ORD-104846,2024-12-11,West,Oregon,WE-03,CUST-01761,Consumer,Sporting Goods,Footwear,3,103.8,0.2,0.0,Debit Card,In-Store,Cancelled
ORD-100789,2024-12-11,Central,Ohio,CE-04,CUST-00694,Consumer,Electronics,Smart Home,2,758.94,0.0,0.0,Credit Card,In-Store,Completed
ORD-103920,2024-12-11,East,New York,EA-03,CUST-00850,Consumer,Home Goods,Kitchenware,4,481.65,0.0,12.99,PayPal,Online,Completed
ORD-103704,2024-12-11,East,Massachusetts,EA-03,CUST-01629,Corporate,Apparel,Footwear,2,25.73,0.05,0.0,Cash,In-Store,Completed
ORD-105341,2024-12-11,East,New Jersey,EA-03,CUST-00352,Home Office,Electronics,Smartphones,4,247.73,0.05,0.0,Credit Card,In-Store,Completed
ORD-105210,2024-12-11,Central,Ohio,CE-05,CUST-00551,Consumer,Apparel,Accessories,5,29.67,0.0,0.0,Debit Card,In-Store,Returned
ORD-100917,2024-12-11,South,Texas,SO-01,CUST-00965,Corporate,Electronics,Headphones,5,197.15,0.0,0.0,Cash,In-Store,Returned
ORD-102553,2024-12-11,South,Florida,SO-04,CUST-00301,Home Office,Apparel,Footwear,3,35.4,0.15,0.0,PayPal,In-Store,Completed
ORD-100033,2024-12-11,Central,Ohio,CE-03,CUST-01353,Consumer,Books,Fiction,4,10.34,0.0,0.0,Debit Card,In-Store,Cancelled
ORD-101550,2024-12-12,South,Texas,SO-02,CUST-01373,Consumer,Books,Educational,5,10.98,0.0,4.99,PayPal,Online,Completed
ORD-101079,2024-12-12,Central,Ohio,CE-02,CUST-01248,Corporate,Apparel,Footwear,4,27.14,0.0,0.0,Debit Card,In-Store,Completed
ORD-102788,2024-12-12,Central,Ohio,CE-01,CUST-00315,Consumer,Apparel,Women's Wear,4,88.32,0.1,0.0,Debit Card,Online,Completed
ORD-101427,2024-12-12,East,New York,EA-05,CUST-00812,Consumer,Electronics,Smartphones,1,275.85,0.1,4.99,Credit Card,Online,Completed
ORD-103128,2024-12-12,West,California,WE-04,CUST-01773,Corporate,Books,Children's,2,7.89,0.05,12.99,Credit Card,Online,Completed
ORD-104325,2024-12-12,West,California,WE-02,CUST-00767,Consumer,Apparel,Accessories,3,25.78,0.0,0.0,Credit Card,Online,Completed
ORD-103590,2024-12-12,South,Texas,SO-02,CUST-00236,Corporate,Sporting Goods,Fitness Equipment,1,103.29,0.05,4.99,Cash,Online,Completed
ORD-102638,2024-12-12,South,Florida,SO-02,CUST-00607,Home Office,Electronics,Cameras,4,621.05,0.0,0.0,Debit Card,Online,Returned
ORD-104920,2024-12-12,East,Massachusetts,EA-01,CUST-00924,Corporate,Home Goods,Bedding,2,212.82,0.1,0.0,Cash,In-Store,Completed
ORD-100001,2024-12-12,West,Oregon,WE-04,CUST-00649,Consumer,Electronics,Headphones,2,212.14,0.0,0.0,Gift Card,Online,Completed
ORD-100575,2024-12-12,North,Wisconsin,NO-05,CUST-01536,Consumer,Beauty & Health,Wellness,4,34.69,0.0,0.0,Credit Card,In-Store,Completed
ORD-100411,2024-12-12,South,Texas,SO-02,CUST-01399,Consumer,Home Goods,Kitchenware,3,411.23,0.0,7.99,PayPal,Online,Completed
ORD-100488,2024-12-12,East,New Jersey,EA-04,CUST-01551,Consumer,Electronics,Headphones,3,177.71,0.0,7.99,Cash,Online,Completed
ORD-103059,2024-12-12,South,Texas,SO-04,CUST-01626,Consumer,Apparel,Accessories,1,150.0,0.25,4.99,PayPal,Online,Completed
ORD-100508,2024-12-12,West,Oregon,WE-02,CUST-00107,Consumer,Beauty & Health,Haircare,4,72.32,0.2,0.0,Credit Card,Online,Completed
ORD-100412,2024-12-12,East,New Jersey,EA-05,CUST-00810,Corporate,Sporting Goods,Footwear,4,186.33,0.25,0.0,Gift Card,Online,Completed
ORD-102862,2024-12-12,North,Minnesota,NO-01,CUST-00433,Consumer,Apparel,Women's Wear,6,93.4,0.0,0.0,Credit Card,Online,Completed
ORD-102274,2024-12-12,North,North Dakota,NO-05,CUST-01215,Consumer,Books,Educational,2,18.63,0.1,0.0,Credit Card,In-Store,Completed
ORD-102843,2024-12-12,South,Texas,SO-04,CUST-00521,Consumer,Electronics,Smartphones,3,436.58,0.2,4.99,Cash,Online,Completed
ORD-101220,2024-12-12,North,Minnesota,NO-01,CUST-01785,Corporate,Apparel,Women's Wear,1,54.27,0.15,0.0,Debit Card,In-Store,Completed
ORD-100998,2024-12-12,South,Texas,SO-05,CUST-01113,Corporate,Electronics,Laptops,4,728.38,0.0,7.99,Credit Card,Online,Completed
ORD-105443,2024-12-13,West,Oregon,WE-02,CUST-01320,Consumer,Books,Children's,3,17.41,0.0,0.0,PayPal,In-Store,Completed
ORD-104791,2024-12-13,West,California,WE-04,CUST-00813,Consumer,Beauty & Health,Wellness,4,24.52,0.0,12.99,PayPal,Online,Completed
ORD-100540,2024-12-13,Central,Missouri,CE-02,CUST-01431,Consumer,Electronics,Laptops,2,353.19,0.05,0.0,Gift Card,Online,Completed
ORD-102938,2024-12-13,East,New Jersey,EA-02,CUST-00960,Home Office,Books,Educational,6,9.24,0.05,0.0,Credit Card,Online,Completed
ORD-104271,2024-12-13,Central,Ohio,CE-04,CUST-01007,Corporate,Beauty & Health,Makeup,3,27.2,0.0,0.0,Debit Card,In-Store,Completed
ORD-103192,2024-12-13,South,Georgia,SO-03,CUST-00112,Consumer,Apparel,Accessories,3,36.83,0.0,4.99,PayPal,Online,Completed
ORD-100324,2024-12-13,Central,Missouri,CE-03,CUST-01665,Consumer,Apparel,Kids' Wear,2,42.97,0.1,0.0,Credit Card,In-Store,Completed
ORD-105022,2024-12-13,North,Wisconsin,NO-02,CUST-00557,Consumer,Apparel,Kids' Wear,3,60.52,0.15,4.99,Credit Card,Online,Completed
ORD-105459,2024-12-13,North,Minnesota,NO-03,CUST-00502,Home Office,Apparel,Women's Wear,4,35.99,0.0,0.0,Credit Card,Online,Completed
ORD-105975,2024-12-13,East,New Jersey,EA-04,CUST-00184,Consumer,Electronics,Smart Home,4,258.38,0.0,12.99,PayPal,Online,Completed
ORD-100241,2024-12-13,Central,Ohio,CE-02,CUST-00065,Home Office,Sporting Goods,Fitness Equipment,4,167.29,0.05,0.0,PayPal,Online,Completed
ORD-104635,2024-12-13,East,Massachusetts,EA-01,CUST-01299,Home Office,Home Goods,Bedding,3,693.38,0.0,4.99,Credit Card,Online,Cancelled
ORD-105898,2024-12-13,South,Georgia,SO-02,CUST-01759,Home Office,Books,Educational,2,13.55,0.1,0.0,Credit Card,In-Store,Completed
ORD-104841,2024-12-13,North,Wisconsin,NO-02,CUST-01043,Corporate,Apparel,Women's Wear,4,18.47,0.15,0.0,Credit Card,In-Store,Completed
ORD-101800,2024-12-14,North,Minnesota,NO-01,CUST-00892,Corporate,Apparel,Footwear,5,20.24,0.1,12.99,Credit Card,Online,Completed
ORD-104840,2024-12-14,North,Minnesota,NO-02,CUST-01469,Consumer,Electronics,Smartphones,3,964.25,0.05,0.0,Gift Card,Online,Completed
ORD-101773,2024-12-14,South,Texas,SO-02,CUST-00320,Corporate,Apparel,Men's Wear,3,45.92,0.0,12.99,PayPal,Online,Completed
ORD-101512,2024-12-14,South,Texas,SO-05,CUST-00749,Corporate,Sporting Goods,Cycling,2,125.49,0.0,0.0,Debit Card,In-Store,Completed
ORD-102733,2024-12-14,North,Minnesota,NO-01,CUST-01391,Consumer,Beauty & Health,Personal Care,4,48.97,0.0,4.99,Gift Card,Online,Completed
ORD-103091,2024-12-14,South,Florida,SO-01,CUST-01493,Corporate,Sporting Goods,Cycling,4,84.84,0.15,4.99,Credit Card,Online,Completed
ORD-104353,2024-12-14,North,North Dakota,NO-03,CUST-00936,Corporate,Home Goods,Decor,4,133.09,0.1,4.99,PayPal,Online,Completed
ORD-104608,2024-12-14,East,Massachusetts,EA-01,CUST-01005,Consumer,Beauty & Health,Makeup,4,9.11,0.0,0.0,PayPal,In-Store,Completed
ORD-105402,2024-12-14,South,Florida,SO-02,CUST-01159,Corporate,Home Goods,Decor,5,496.11,0.0,0.0,Credit Card,In-Store,Completed
ORD-102503,2024-12-14,North,North Dakota,NO-03,CUST-00522,Consumer,Apparel,Kids' Wear,5,59.45,0.1,0.0,Credit Card,Online,Completed
ORD-101996,2024-12-14,East,Massachusetts,EA-01,CUST-01002,Consumer,Apparel,Kids' Wear,4,59.02,0.0,0.0,Credit Card,In-Store,Completed
ORD-101623,2024-12-14,East,New York,EA-05,CUST-00383,Consumer,Home Goods,Decor,2,180.27,0.2,0.0,Credit Card,In-Store,Returned
ORD-105674,2024-12-14,East,Massachusetts,EA-05,CUST-00192,Consumer,Sporting Goods,Cycling,4,216.27,0.2,0.0,PayPal,In-Store,Completed
ORD-104968,2024-12-14,Central,Missouri,CE-05,CUST-00517,Consumer,Beauty & Health,Personal Care,2,51.8,0.0,0.0,Credit Card,In-Store,Completed
ORD-102646,2024-12-14,West,Oregon,WE-04,CUST-01493,Corporate,Apparel,Footwear,2,25.98,0.1,7.99,Credit Card,Online,Completed
ORD-102325,2024-12-14,South,Florida,SO-04,CUST-01061,Consumer,Apparel,Men's Wear,2,78.44,0.0,12.99,Credit Card,Online,Returned
ORD-101906,2024-12-14,East,Massachusetts,EA-03,CUST-01744,Home Office,Electronics,Smart Home,3,215.58,0.0,0.0,Credit Card,In-Store,Completed
ORD-102555,2024-12-14,Central,Illinois,CE-04,CUST-01565,Consumer,Beauty & Health,Skincare,3,22.76,0.05,0.0,Debit Card,In-Store,Completed
ORD-102527,2024-12-14,North,Wisconsin,NO-01,CUST-01310,Consumer,Books,Educational,3,15.7,0.0,0.0,Credit Card,Online,Completed
ORD-104158,2024-12-14,South,Florida,SO-04,CUST-01310,Home Office,Apparel,Men's Wear,4,17.95,0.1,0.0,Credit Card,Online,Cancelled
ORD-103882,2024-12-14,West,Oregon,WE-01,CUST-00661,Consumer,Electronics,Smart Home,6,201.11,0.0,0.0,Debit Card,Online,Completed
ORD-104421,2024-12-14,North,Wisconsin,NO-04,CUST-00897,Consumer,Apparel,Women's Wear,6,52.81,0.25,0.0,Debit Card,In-Store,Completed
ORD-104807,2024-12-14,East,New York,EA-03,CUST-01320,Corporate,Beauty & Health,Wellness,2,43.75,0.1,0.0,Debit Card,In-Store,Completed
ORD-102765,2024-12-14,West,Washington,WE-02,CUST-00316,Corporate,Home Goods,Kitchenware,3,800.0,0.0,7.99,Credit Card,Online,Completed
ORD-101121,2024-12-14,East,New York,EA-05,CUST-00125,Consumer,Apparel,Women's Wear,2,39.43,0.0,0.0,Credit Card,Online,Completed
ORD-102427,2024-12-14,North,Minnesota,NO-03,CUST-01335,Corporate,Electronics,Smartphones,2,422.32,0.0,0.0,Cash,Online,Completed
ORD-105313,2024-12-15,South,Florida,SO-04,CUST-00739,Corporate,Books,Comics,1,14.42,0.0,0.0,Cash,Online,Completed
ORD-100464,2024-12-15,North,Wisconsin,NO-02,CUST-01545,Corporate,Beauty & Health,Wellness,3,113.25,0.1,0.0,Debit Card,Online,Completed
ORD-102803,2024-12-15,East,Massachusetts,EA-03,CUST-00653,Consumer,Sporting Goods,Fitness Equipment,3,169.9,0.0,7.99,Credit Card,Online,Completed
ORD-105982,2024-12-15,West,California,WE-04,CUST-01596,Consumer,Apparel,Men's Wear,2,81.79,0.25,4.99,Debit Card,Online,Completed
ORD-102434,2024-12-15,West,California,WE-04,CUST-00253,Consumer,Books,Comics,2,45.0,0.0,4.99,Debit Card,Online,Completed
ORD-105344,2024-12-15,West,California,WE-05,CUST-01538,Corporate,Home Goods,Bedding,5,327.34,0.0,0.0,Credit Card,In-Store,Completed
ORD-104932,2024-12-15,South,Texas,SO-03,CUST-00154,Consumer,Beauty & Health,Wellness,2,45.89,0.0,4.99,Debit Card,Online,Completed
ORD-103476,2024-12-15,South,Georgia,SO-01,CUST-01540,Corporate,Beauty & Health,Wellness,5,32.51,0.0,4.99,PayPal,Online,Completed
ORD-103696,2024-12-15,South,Georgia,SO-05,CUST-01256,Consumer,Home Goods,Kitchenware,3,330.48,0.1,0.0,Debit Card,In-Store,Completed
ORD-104677,2024-12-15,Central,Ohio,CE-01,CUST-01339,Consumer,Books,Non-Fiction,3,44.75,0.1,0.0,PayPal,In-Store,Completed
ORD-100366,2024-12-15,East,Massachusetts,EA-04,CUST-01365,Corporate,Home Goods,Storage,4,446.97,0.15,4.99,PayPal,Online,Completed
ORD-105317,2024-12-15,North,Minnesota,NO-02,CUST-01420,Corporate,Electronics,Cameras,4,156.97,0.0,0.0,PayPal,In-Store,Completed
ORD-101756,2024-12-15,East,New Jersey,EA-04,CUST-01117,Consumer,Apparel,Men's Wear,3,31.01,0.05,0.0,Debit Card,Online,Completed
ORD-105851,2024-12-15,Central,Missouri,CE-04,CUST-01261,Corporate,Books,Non-Fiction,3,20.33,0.0,4.99,Credit Card,Online,Completed
ORD-102786,2024-12-15,South,Florida,SO-04,CUST-01543,Consumer,Books,Children's,1,11.63,0.0,0.0,Gift Card,In-Store,Completed
ORD-103237,2024-12-15,North,North Dakota,NO-05,CUST-01209,Consumer,Books,Educational,4,20.54,0.15,0.0,PayPal,In-Store,Completed
ORD-100843,2024-12-15,North,North Dakota,NO-02,CUST-00823,Consumer,Home Goods,Furniture,3,207.07,0.2,0.0,PayPal,In-Store,Cancelled
ORD-104386,2024-12-15,North,North Dakota,NO-04,CUST-00346,Home Office,Home Goods,Kitchenware,4,274.13,0.05,0.0,PayPal,In-Store,Completed
ORD-102738,2024-12-16,East,New York,EA-04,CUST-00780,Consumer,Beauty & Health,Haircare,1,10.65,0.0,0.0,Cash,In-Store,Completed
ORD-100140,2024-12-16,North,Wisconsin,NO-04,CUST-00969,Consumer,Apparel,Kids' Wear,4,117.14,0.05,0.0,Credit Card,Online,Completed
ORD-102020,2024-12-16,North,Wisconsin,NO-05,CUST-00441,Home Office,Apparel,Women's Wear,3,77.99,0.2,0.0,Credit Card,Online,Completed
ORD-100469,2024-12-16,West,Washington,WE-05,CUST-01170,Corporate,Sporting Goods,Footwear,3,104.22,0.0,12.99,Debit Card,Online,Completed
ORD-102625,2024-12-16,Central,Ohio,CE-01,CUST-01209,Home Office,Apparel,Men's Wear,4,50.9,0.1,12.99,PayPal,Online,Completed
ORD-102091,2024-12-16,West,Oregon,WE-03,CUST-00779,Home Office,Electronics,Headphones,4,147.73,0.0,0.0,Credit Card,Online,Completed
ORD-105798,2024-12-16,North,North Dakota,NO-02,CUST-01266,Home Office,Electronics,Smartphones,2,539.33,0.0,4.99,Credit Card,Online,Completed
ORD-102694,2024-12-16,North,Wisconsin,NO-02,CUST-00139,Home Office,Apparel,Kids' Wear,5,63.33,0.2,7.99,Credit Card,Online,Returned
ORD-105134,2024-12-16,West,Oregon,WE-03,CUST-00729,Consumer,Electronics,Smart Home,4,317.5,0.0,7.99,Credit Card,Online,Completed
ORD-101698,2024-12-16,Central,Missouri,CE-02,CUST-00250,Consumer,Apparel,Women's Wear,2,35.53,0.15,4.99,Credit Card,Online,Completed
ORD-100248,2024-12-16,North,Wisconsin,NO-04,CUST-00892,Consumer,Books,Children's,4,45.0,0.0,0.0,Credit Card,Online,Completed
ORD-101180,2024-12-16,East,Massachusetts,EA-05,CUST-01766,Consumer,Apparel,Men's Wear,3,61.3,0.0,7.99,Debit Card,Online,Returned
ORD-103709,2024-12-16,North,Minnesota,NO-01,CUST-01118,Home Office,Apparel,Men's Wear,4,31.92,0.0,0.0,Credit Card,In-Store,Completed
ORD-101544,2024-12-16,West,Washington,WE-03,CUST-00209,Consumer,Home Goods,Furniture,2,141.5,0.05,0.0,Debit Card,In-Store,Completed
ORD-102471,2024-12-16,West,California,WE-04,CUST-01119,Corporate,Books,Educational,2,24.52,0.0,0.0,Credit Card,Online,Completed
ORD-102415,2024-12-16,North,North Dakota,NO-03,CUST-00190,Consumer,Home Goods,Kitchenware,5,232.75,0.2,0.0,Debit Card,Online,Completed
ORD-105658,2024-12-16,North,Minnesota,NO-02,CUST-00705,Corporate,Apparel,Footwear,4,69.92,0.1,12.99,Credit Card,Online,Cancelled
ORD-101425,2024-12-16,South,Georgia,SO-05,CUST-01525,Consumer,Beauty & Health,Makeup,2,84.08,0.0,7.99,Credit Card,Online,Completed
ORD-103067,2024-12-16,South,Florida,SO-03,CUST-00069,Corporate,Electronics,Cameras,1,980.97,0.1,0.0,Credit Card,In-Store,Completed
ORD-100313,2024-12-16,West,California,WE-04,CUST-00722,Consumer,Beauty & Health,Makeup,4,37.22,0.0,7.99,Credit Card,Online,Completed
ORD-102213,2024-12-16,South,Florida,SO-04,CUST-01763,Consumer,Books,Comics,7,30.9,0.0,0.0,Credit Card,In-Store,Completed
ORD-100717,2024-12-16,West,Washington,WE-05,CUST-00893,Corporate,Sporting Goods,Outdoor Gear,5,201.04,0.0,0.0,Gift Card,In-Store,Completed
ORD-104203,2024-12-16,North,Minnesota,NO-04,CUST-00861,Corporate,Apparel,Accessories,4,65.18,0.25,12.99,Debit Card,Online,Completed
ORD-105334,2024-12-17,East,New Jersey,EA-05,CUST-00237,Consumer,Electronics,Headphones,4,329.41,0.1,0.0,Credit Card,In-Store,Returned
ORD-105251,2024-12-17,East,New York,EA-04,CUST-01118,Corporate,Electronics,Laptops,3,794.48,0.0,0.0,Debit Card,Online,Completed
ORD-103914,2024-12-17,West,Oregon,WE-01,CUST-00173,Home Office,Beauty & Health,Makeup,6,27.9,0.05,0.0,PayPal,In-Store,Completed
ORD-104906,2024-12-17,East,New York,EA-02,CUST-00841,Home Office,Home Goods,Kitchenware,2,280.32,0.0,4.99,Credit Card,Online,Completed
ORD-102913,2024-12-17,North,Wisconsin,NO-03,CUST-00965,Home Office,Apparel,Women's Wear,4,48.3,0.1,0.0,Credit Card,In-Store,Completed
ORD-102636,2024-12-17,South,Texas,SO-03,CUST-01647,Consumer,Books,Non-Fiction,3,9.61,0.0,0.0,PayPal,In-Store,Completed
ORD-102122,2024-12-17,North,North Dakota,NO-04,CUST-01499,Consumer,Books,Non-Fiction,3,18.42,0.15,0.0,Credit Card,Online,Completed
ORD-104106,2024-12-17,North,Wisconsin,NO-03,CUST-00476,Corporate,Apparel,Women's Wear,5,43.14,0.05,0.0,Credit Card,Online,Completed
ORD-101700,2024-12-17,West,Oregon,WE-01,CUST-00327,Consumer,Sporting Goods,Footwear,2,152.3,0.1,4.99,PayPal,Online,Completed
ORD-105792,2024-12-17,Central,Illinois,CE-03,CUST-00232,Consumer,Beauty & Health,Personal Care,3,43.24,0.0,0.0,PayPal,In-Store,Completed
ORD-103294,2024-12-17,Central,Missouri,CE-05,CUST-00532,Consumer,Electronics,Smart Home,2,1200.0,0.2,0.0,Credit Card,In-Store,Completed
ORD-105109,2024-12-17,South,Florida,SO-05,CUST-00317,Consumer,Sporting Goods,Team Sports,5,82.32,0.2,7.99,Credit Card,Online,Completed
ORD-105401,2024-12-17,Central,Missouri,CE-05,CUST-00547,Corporate,Home Goods,Decor,3,322.75,0.0,0.0,Credit Card,In-Store,Completed
ORD-102985,2024-12-17,West,Washington,WE-04,CUST-01252,Corporate,Home Goods,Decor,4,305.04,0.0,0.0,PayPal,In-Store,Completed
ORD-104966,2024-12-17,South,Florida,SO-01,CUST-00325,Corporate,Electronics,Cameras,4,150.72,0.0,12.99,Credit Card,Online,Completed
ORD-103528,2024-12-17,East,New York,EA-02,CUST-00451,Consumer,Apparel,Footwear,3,62.75,0.15,0.0,Credit Card,In-Store,Completed
ORD-104585,2024-12-17,North,Minnesota,NO-01,CUST-01312,Corporate,Apparel,Women's Wear,2,34.1,0.1,4.99,Credit Card,Online,Returned
ORD-105406,2024-12-17,North,Minnesota,NO-03,CUST-01527,Corporate,Electronics,Smart Home,2,284.86,0.0,0.0,Credit Card,In-Store,Completed
ORD-103731,2024-12-17,Central,Illinois,CE-05,CUST-00797,Corporate,Electronics,Headphones,2,504.72,0.1,0.0,PayPal,Online,Completed
ORD-102451,2024-12-17,West,California,WE-01,CUST-01025,Consumer,Electronics,Smart Home,5,421.72,0.2,0.0,PayPal,Online,Completed
ORD-105921,2024-12-17,East,Massachusetts,EA-04,CUST-01558,Corporate,Electronics,Smart Home,5,809.0,0.0,7.99,Credit Card,Online,Completed
ORD-101815,2024-12-17,North,Wisconsin,NO-01,CUST-01715,Consumer,Apparel,Kids' Wear,2,119.94,0.05,12.99,Debit Card,Online,Completed
ORD-105944,2024-12-17,North,North Dakota,NO-05,CUST-00072,Home Office,Home Goods,Storage,3,106.39,0.05,0.0,Credit Card,In-Store,Completed
ORD-100034,2024-12-17,West,Oregon,WE-01,CUST-00075,Consumer,Books,Educational,3,7.24,0.15,7.99,Gift Card,Online,Completed
ORD-100247,2024-12-17,North,Wisconsin,NO-04,CUST-01115,Home Office,Apparel,Accessories,6,66.12,0.0,0.0,Debit Card,Online,Completed
ORD-105387,2024-12-17,East,New Jersey,EA-03,CUST-00885,Consumer,Books,Non-Fiction,1,14.67,0.0,7.99,PayPal,Online,Completed
ORD-101440,2024-12-18,Central,Illinois,CE-03,CUST-01114,Home Office,Sporting Goods,Outdoor Gear,4,106.2,0.0,0.0,Credit Card,Online,Completed
ORD-103609,2024-12-18,East,New York,EA-02,CUST-00675,Consumer,Books,Comics,5,16.06,0.05,0.0,Debit Card,Online,Completed
ORD-101388,2024-12-18,Central,Ohio,CE-01,CUST-00089,Consumer,Apparel,Women's Wear,1,43.15,0.2,7.99,Debit Card,Online,Completed
ORD-100011,2024-12-18,East,New Jersey,EA-02,CUST-01682,Consumer,Apparel,Footwear,2,67.78,0.0,0.0,Credit Card,Online,Cancelled
ORD-100522,2024-12-18,North,Minnesota,NO-05,CUST-01505,Consumer,Home Goods,Bedding,2,222.21,0.0,0.0,PayPal,In-Store,Completed
ORD-103805,2024-12-18,North,Minnesota,NO-05,CUST-01506,Consumer,Home Goods,Decor,3,233.1,0.05,0.0,Credit Card,Online,Completed
ORD-101382,2024-12-18,West,Washington,WE-03,CUST-01556,Corporate,Apparel,Men's Wear,5,93.99,0.2,0.0,Credit Card,In-Store,Completed
ORD-105110,2024-12-18,West,Oregon,WE-02,CUST-00941,Consumer,Electronics,Cameras,2,765.87,0.05,0.0,PayPal,Online,Completed
ORD-105037,2024-12-18,West,Oregon,WE-03,CUST-00504,Corporate,Electronics,Headphones,5,565.0,0.0,0.0,PayPal,In-Store,Completed
ORD-103041,2024-12-18,South,Texas,SO-05,CUST-00247,Consumer,Electronics,Smartphones,5,287.28,0.1,0.0,Debit Card,Online,Completed
ORD-100478,2024-12-18,East,Massachusetts,EA-03,CUST-00819,Corporate,Sporting Goods,Outdoor Gear,2,136.23,0.0,0.0,Debit Card,In-Store,Completed
ORD-103055,2024-12-18,East,Massachusetts,EA-01,CUST-01067,Corporate,Apparel,Women's Wear,3,28.96,0.25,0.0,Cash,In-Store,Returned
ORD-104314,2024-12-18,North,North Dakota,NO-01,CUST-00184,Corporate,Electronics,Cameras,4,328.59,0.05,4.99,PayPal,Online,Completed
ORD-100050,2024-12-18,North,Wisconsin,NO-02,CUST-01215,Consumer,Electronics,Cameras,7,664.91,0.0,0.0,Cash,Online,Completed
ORD-104249,2024-12-18,Central,Ohio,CE-02,CUST-01269,Consumer,Apparel,Accessories,5,77.68,0.0,0.0,Credit Card,In-Store,Completed
ORD-102979,2024-12-18,South,Florida,SO-05,CUST-00927,Consumer,Apparel,Footwear,2,80.12,0.1,0.0,PayPal,In-Store,Completed
ORD-101101,2024-12-18,North,North Dakota,NO-03,CUST-01706,Consumer,Home Goods,Storage,3,743.7,0.25,0.0,PayPal,In-Store,Completed
ORD-100678,2024-12-18,East,Massachusetts,EA-01,CUST-00712,Consumer,Electronics,Cameras,2,303.82,0.1,7.99,Cash,Online,Completed
ORD-101827,2024-12-18,North,Minnesota,NO-02,CUST-00567,Corporate,Beauty & Health,Haircare,4,46.35,0.0,0.0,Credit Card,Online,Completed
ORD-105711,2024-12-18,South,Georgia,SO-04,CUST-00952,Consumer,Electronics,Smart Home,1,326.08,0.1,0.0,Debit Card,In-Store,Completed
ORD-101238,2024-12-18,South,Florida,SO-03,CUST-00200,Consumer,Electronics,Headphones,2,251.11,0.0,4.99,Debit Card,Online,Completed
ORD-100471,2024-12-18,North,Minnesota,NO-01,CUST-00359,Home Office,Apparel,Footwear,4,81.31,0.2,4.99,Credit Card,Online,Cancelled
ORD-101197,2024-12-18,South,Florida,SO-03,CUST-00019,Consumer,Home Goods,Decor,3,403.54,0.15,0.0,Credit Card,In-Store,Completed
ORD-105264,2024-12-19,Central,Missouri,CE-03,CUST-01684,Corporate,Home Goods,Kitchenware,5,371.69,0.05,0.0,PayPal,In-Store,Completed
ORD-105593,2024-12-19,North,North Dakota,NO-05,CUST-01047,Consumer,Electronics,Laptops,4,219.82,0.0,12.99,Credit Card,Online,Completed
ORD-102286,2024-12-19,North,North Dakota,NO-04,CUST-01304,Corporate,Apparel,Kids' Wear,3,33.17,0.0,4.99,Credit Card,Online,Completed
ORD-102033,2024-12-19,East,New Jersey,EA-02,CUST-00623,Consumer,Home Goods,Storage,2,473.08,0.0,4.99,Debit Card,Online,Returned
ORD-100139,2024-12-19,North,North Dakota,NO-01,CUST-00528,Consumer,Apparel,Footwear,4,50.39,0.0,0.0,Credit Card,In-Store,Completed
ORD-103526,2024-12-19,West,California,WE-01,CUST-01717,Consumer,Sporting Goods,Team Sports,3,43.32,0.1,7.99,Debit Card,Online,Completed
ORD-101023,2024-12-19,East,New Jersey,EA-05,CUST-00277,Home Office,Home Goods,Bedding,3,252.47,0.1,4.99,Debit Card,Online,Completed
ORD-102906,2024-12-19,Central,Missouri,CE-05,CUST-00168,Corporate,Sporting Goods,Cycling,6,150.46,0.2,4.99,PayPal,Online,Completed
ORD-103506,2024-12-19,West,Washington,WE-01,CUST-00276,Consumer,Sporting Goods,Team Sports,2,68.18,0.15,7.99,PayPal,Online,Completed
ORD-101370,2024-12-19,West,Washington,WE-04,CUST-01262,Home Office,Apparel,Women's Wear,4,79.89,0.0,4.99,Debit Card,Online,Completed
ORD-103970,2024-12-19,Central,Ohio,CE-04,CUST-01305,Consumer,Apparel,Men's Wear,4,42.48,0.0,7.99,PayPal,Online,Completed
ORD-101196,2024-12-19,South,Georgia,SO-03,CUST-00749,Corporate,Books,Fiction,2,26.47,0.0,7.99,Credit Card,Online,Completed
ORD-100226,2024-12-19,East,New Jersey,EA-04,CUST-01686,Home Office,Apparel,Kids' Wear,3,71.01,0.0,7.99,Credit Card,Online,Completed
ORD-105074,2024-12-19,Central,Ohio,CE-05,CUST-00441,Consumer,Apparel,Footwear,5,41.59,0.1,0.0,Gift Card,Online,Completed
ORD-103846,2024-12-19,Central,Ohio,CE-05,CUST-00723,Corporate,Beauty & Health,Makeup,3,41.45,0.05,0.0,Credit Card,In-Store,Completed
ORD-105458,2024-12-20,North,Minnesota,NO-01,CUST-01412,Corporate,Apparel,Accessories,2,44.15,0.15,0.0,Debit Card,Online,Completed
ORD-103952,2024-12-20,North,Wisconsin,NO-01,CUST-00426,Consumer,Home Goods,Storage,5,255.72,0.05,0.0,Credit Card,Online,Completed
ORD-100305,2024-12-20,South,Texas,SO-05,CUST-00720,Consumer,Apparel,Kids' Wear,3,65.81,0.0,0.0,PayPal,In-Store,Returned
ORD-104689,2024-12-20,East,New York,EA-05,CUST-00060,Consumer,Sporting Goods,Fitness Equipment,6,81.39,0.2,0.0,Debit Card,In-Store,Completed
ORD-102717,2024-12-20,South,Florida,SO-03,CUST-00420,Home Office,Electronics,Laptops,3,660.9,0.15,0.0,Credit Card,In-Store,Completed
ORD-101324,2024-12-20,Central,Illinois,CE-05,CUST-00678,Corporate,Home Goods,Furniture,3,110.93,0.05,0.0,Credit Card,In-Store,Completed
ORD-105204,2024-12-20,South,Florida,SO-01,CUST-00927,Home Office,Home Goods,Kitchenware,4,344.55,0.05,0.0,Credit Card,In-Store,Completed
ORD-105570,2024-12-20,West,Oregon,WE-03,CUST-00870,Consumer,Home Goods,Storage,2,384.06,0.15,0.0,Credit Card,Online,Completed
ORD-104990,2024-12-20,North,Minnesota,NO-01,CUST-01646,Home Office,Home Goods,Decor,3,232.6,0.15,0.0,Credit Card,Online,Completed
ORD-105569,2024-12-20,West,Washington,WE-01,CUST-00382,Corporate,Beauty & Health,Makeup,5,42.24,0.0,0.0,Debit Card,Online,Completed
ORD-102701,2024-12-20,East,New Jersey,EA-02,CUST-01380,Consumer,Apparel,Accessories,1,49.23,0.15,0.0,Credit Card,Online,Completed
ORD-101334,2024-12-20,East,New York,EA-02,CUST-00658,Corporate,Home Goods,Furniture,3,405.74,0.05,12.99,Cash,Online,Completed
ORD-101754,2024-12-20,South,Texas,SO-01,CUST-01457,Consumer,Home Goods,Furniture,6,615.17,0.0,4.99,Debit Card,Online,Completed
ORD-103512,2024-12-20,East,New York,EA-04,CUST-00026,Consumer,Books,Children's,2,41.08,0.0,0.0,Credit Card,In-Store,Completed
ORD-100498,2024-12-20,East,New York,EA-02,CUST-00401,Consumer,Home Goods,Kitchenware,1,155.72,0.0,0.0,Credit Card,In-Store,Completed
ORD-104578,2024-12-20,West,California,WE-05,CUST-01696,Consumer,Apparel,Men's Wear,4,44.98,0.0,0.0,Credit Card,In-Store,Returned
ORD-101681,2024-12-20,Central,Ohio,CE-03,CUST-00746,Consumer,Books,Comics,3,7.05,0.0,4.99,Debit Card,Online,Completed
ORD-105422,2024-12-20,Central,Missouri,CE-04,CUST-00595,Home Office,Electronics,Smartphones,3,458.77,0.0,0.0,Credit Card,Online,Completed
ORD-102576,2024-12-21,East,Massachusetts,EA-02,CUST-00687,Consumer,Sporting Goods,Fitness Equipment,2,225.07,0.0,7.99,Credit Card,Online,Completed
ORD-104980,2024-12-21,North,Wisconsin,NO-05,CUST-01109,Consumer,Home Goods,Furniture,4,256.86,0.0,7.99,Gift Card,Online,Completed
ORD-100581,2024-12-21,East,Massachusetts,EA-04,CUST-01779,Corporate,Sporting Goods,Outdoor Gear,6,297.08,0.0,0.0,Gift Card,Online,Completed
ORD-102200,2024-12-21,West,Washington,WE-05,CUST-00517,Corporate,Beauty & Health,Makeup,2,106.48,0.0,0.0,Debit Card,Online,Completed
ORD-102165,2024-12-21,East,New York,EA-02,CUST-00513,Home Office,Electronics,Smart Home,4,315.22,0.05,0.0,Credit Card,In-Store,Returned
ORD-105240,2024-12-21,North,North Dakota,NO-01,CUST-00442,Consumer,Home Goods,Decor,5,360.81,0.0,0.0,PayPal,In-Store,Completed
ORD-101466,2024-12-21,East,New York,EA-02,CUST-00834,Corporate,Beauty & Health,Makeup,4,41.24,0.05,0.0,Debit Card,In-Store,Completed
ORD-105797,2024-12-21,South,Texas,SO-01,CUST-00423,Consumer,Electronics,Cameras,2,384.08,0.0,4.99,Debit Card,Online,Completed
ORD-102963,2024-12-21,South,Florida,SO-03,CUST-01093,Consumer,Electronics,Smart Home,1,344.63,0.1,0.0,Credit Card,In-Store,Completed
ORD-101830,2024-12-21,North,Minnesota,NO-04,CUST-00649,Corporate,Beauty & Health,Skincare,2,48.84,0.0,0.0,PayPal,In-Store,Returned
ORD-103037,2024-12-21,North,Wisconsin,NO-03,CUST-00547,Consumer,Sporting Goods,Cycling,6,353.39,0.0,7.99,PayPal,Online,Completed
ORD-104445,2024-12-21,Central,Ohio,CE-02,CUST-01464,Consumer,Books,Non-Fiction,4,21.19,0.05,0.0,Credit Card,In-Store,Completed
ORD-104067,2024-12-21,South,Florida,SO-01,CUST-01730,Consumer,Beauty & Health,Makeup,4,20.99,0.0,12.99,Debit Card,Online,Completed
ORD-105747,2024-12-21,West,Washington,WE-01,CUST-01299,Corporate,Books,Comics,4,24.67,0.0,0.0,PayPal,In-Store,Completed
ORD-104036,2024-12-21,East,New York,EA-02,CUST-00799,Corporate,Electronics,Cameras,5,815.69,0.15,0.0,Credit Card,In-Store,Completed
ORD-103913,2024-12-21,East,New York,EA-02,CUST-01212,Consumer,Home Goods,Storage,1,273.02,0.2,0.0,PayPal,In-Store,Returned
ORD-103096,2024-12-21,North,Minnesota,NO-04,CUST-01037,Consumer,Apparel,Men's Wear,2,30.81,0.0,7.99,PayPal,Online,Completed
ORD-102805,2024-12-21,North,North Dakota,NO-04,CUST-00960,Consumer,Books,Non-Fiction,2,6.0,0.0,0.0,PayPal,In-Store,Completed
ORD-105357,2024-12-21,North,North Dakota,NO-02,CUST-01521,Home Office,Home Goods,Decor,2,251.4,0.0,0.0,Cash,In-Store,Returned
ORD-105201,2024-12-22,South,Georgia,SO-05,CUST-00861,Consumer,Apparel,Women's Wear,7,26.0,0.15,0.0,Cash,In-Store,Completed
ORD-101061,2024-12-22,North,Minnesota,NO-04,CUST-00851,Corporate,Apparel,Footwear,3,126.1,0.25,0.0,PayPal,In-Store,Completed
ORD-102027,2024-12-22,South,Texas,SO-01,CUST-01353,Corporate,Home Goods,Kitchenware,1,201.06,0.0,0.0,Credit Card,Online,Returned
ORD-102109,2024-12-22,East,New Jersey,EA-01,CUST-00341,Consumer,Books,Comics,4,43.49,0.05,0.0,Credit Card,Online,Completed
ORD-105807,2024-12-22,Central,Ohio,CE-02,CUST-01187,Consumer,Electronics,Headphones,5,377.57,0.0,4.99,Credit Card,Online,Completed
ORD-102485,2024-12-22,South,Texas,SO-05,CUST-01404,Home Office,Electronics,Headphones,5,249.43,0.0,0.0,Credit Card,In-Store,Completed
ORD-102124,2024-12-22,West,Oregon,WE-05,CUST-01292,Consumer,Apparel,Kids' Wear,5,25.56,0.15,0.0,Credit Card,In-Store,Completed
ORD-102498,2024-12-22,East,Massachusetts,EA-02,CUST-01634,Home Office,Sporting Goods,Fitness Equipment,4,301.99,0.2,0.0,Credit Card,Online,Completed
ORD-104327,2024-12-22,West,Oregon,WE-01,CUST-00071,Corporate,Home Goods,Storage,4,200.92,0.05,0.0,Cash,In-Store,Completed
ORD-105426,2024-12-22,North,North Dakota,NO-02,CUST-01604,Consumer,Apparel,Accessories,7,26.31,0.25,12.99,Credit Card,Online,Completed
ORD-101718,2024-12-22,East,New York,EA-02,CUST-01262,Consumer,Electronics,Cameras,4,467.19,0.0,7.99,Credit Card,Online,Completed
ORD-104850,2024-12-22,Central,Ohio,CE-04,CUST-00898,Corporate,Sporting Goods,Fitness Equipment,5,160.49,0.0,0.0,Credit Card,In-Store,Completed
ORD-102791,2024-12-22,East,New Jersey,EA-01,CUST-00691,Home Office,Electronics,Laptops,6,367.35,0.1,7.99,Credit Card,Online,Completed
ORD-105286,2024-12-22,East,Massachusetts,EA-01,CUST-00739,Consumer,Electronics,Headphones,4,392.28,0.0,0.0,PayPal,Online,Completed
ORD-105577,2024-12-22,Central,Ohio,CE-02,CUST-01459,Consumer,Apparel,Men's Wear,5,30.68,0.0,0.0,Credit Card,In-Store,Completed
ORD-103789,2024-12-22,East,New York,EA-01,CUST-01038,Consumer,Beauty & Health,Personal Care,3,48.03,0.0,0.0,Credit Card,In-Store,Returned
ORD-103803,2024-12-22,South,Florida,SO-03,CUST-01154,Home Office,Electronics,Smart Home,1,458.84,0.05,0.0,Credit Card,In-Store,Completed
ORD-102782,2024-12-22,South,Georgia,SO-05,CUST-01762,Consumer,Apparel,Men's Wear,2,100.6,0.0,0.0,Debit Card,Online,Completed
ORD-103444,2024-12-22,Central,Illinois,CE-01,CUST-01369,Home Office,Electronics,Smartphones,5,757.89,0.15,0.0,Debit Card,In-Store,Completed
ORD-102432,2024-12-22,Central,Missouri,CE-02,CUST-01668,Corporate,Beauty & Health,Makeup,5,82.78,0.0,0.0,Debit Card,In-Store,Completed
ORD-102798,2024-12-22,East,New York,EA-03,CUST-01421,Consumer,Sporting Goods,Outdoor Gear,4,153.27,0.0,0.0,Gift Card,In-Store,Completed
ORD-100675,2024-12-22,South,Georgia,SO-05,CUST-01270,Consumer,Home Goods,Storage,2,258.78,0.1,0.0,Debit Card,In-Store,Completed
ORD-101228,2024-12-22,West,Oregon,WE-05,CUST-01590,Consumer,Apparel,Women's Wear,3,22.11,0.1,0.0,Debit Card,In-Store,Completed
ORD-104699,2024-12-22,Central,Missouri,CE-04,CUST-00543,Consumer,Books,Non-Fiction,4,9.65,0.05,0.0,Debit Card,In-Store,Completed
ORD-105698,2024-12-22,East,New York,EA-01,CUST-01500,Consumer,Home Goods,Storage,4,748.48,0.0,0.0,Gift Card,Online,Completed
ORD-101171,2024-12-22,South,Texas,SO-01,CUST-00322,Consumer,Beauty & Health,Wellness,5,41.25,0.0,0.0,Credit Card,In-Store,Cancelled
ORD-101277,2024-12-23,North,Wisconsin,NO-02,CUST-01576,Consumer,Apparel,Men's Wear,3,44.92,0.05,0.0,Debit Card,In-Store,Completed
ORD-105748,2024-12-23,Central,Ohio,CE-01,CUST-00902,Consumer,Books,Non-Fiction,4,19.61,0.0,0.0,Debit Card,In-Store,Completed
ORD-100154,2024-12-23,North,North Dakota,NO-02,CUST-01523,Consumer,Electronics,Smartphones,4,548.44,0.0,0.0,Gift Card,In-Store,Completed
ORD-100661,2024-12-23,West,Oregon,WE-01,CUST-00418,Corporate,Electronics,Laptops,5,370.66,0.1,0.0,Gift Card,Online,Completed
ORD-100499,2024-12-23,South,Florida,SO-05,CUST-01306,Corporate,Books,Educational,5,21.11,0.0,0.0,Credit Card,In-Store,Completed
ORD-101424,2024-12-23,North,Wisconsin,NO-05,CUST-00988,Corporate,Home Goods,Decor,5,108.37,0.0,12.99,Credit Card,Online,Completed
ORD-105165,2024-12-23,North,Wisconsin,NO-03,CUST-01346,Consumer,Apparel,Kids' Wear,3,24.79,0.05,0.0,Credit Card,In-Store,Completed
ORD-101864,2024-12-23,West,Washington,WE-01,CUST-01308,Home Office,Electronics,Cameras,4,224.27,0.1,0.0,Credit Card,In-Store,Completed
ORD-100446,2024-12-23,West,Washington,WE-04,CUST-00021,Consumer,Apparel,Kids' Wear,4,82.31,0.0,0.0,Debit Card,In-Store,Completed
ORD-100810,2024-12-23,South,Georgia,SO-04,CUST-00744,Consumer,Apparel,Accessories,3,67.08,0.2,0.0,PayPal,In-Store,Completed
ORD-105916,2024-12-23,West,Oregon,WE-05,CUST-01362,Consumer,Beauty & Health,Wellness,2,46.28,0.25,0.0,Gift Card,In-Store,Completed
ORD-100069,2024-12-23,West,Oregon,WE-01,CUST-01038,Consumer,Sporting Goods,Outdoor Gear,4,189.61,0.05,4.99,Cash,Online,Completed
ORD-100441,2024-12-23,North,Minnesota,NO-03,CUST-01157,Consumer,Home Goods,Kitchenware,3,78.09,0.0,0.0,Credit Card,In-Store,Returned
ORD-102927,2024-12-23,West,Washington,WE-01,CUST-00929,Consumer,Sporting Goods,Cycling,3,331.45,0.0,7.99,PayPal,Online,Completed
ORD-102078,2024-12-23,West,Washington,WE-03,CUST-00485,Consumer,Books,Children's,3,10.6,0.25,0.0,Credit Card,In-Store,Completed
ORD-105811,2024-12-23,Central,Ohio,CE-04,CUST-00465,Corporate,Apparel,Kids' Wear,4,67.0,0.0,0.0,PayPal,Online,Completed
ORD-100932,2024-12-23,North,North Dakota,NO-04,CUST-00083,Corporate,Apparel,Accessories,3,22.01,0.1,0.0,Credit Card,In-Store,Completed
ORD-104761,2024-12-23,Central,Missouri,CE-01,CUST-00515,Home Office,Home Goods,Kitchenware,3,362.97,0.0,0.0,Credit Card,In-Store,Returned
ORD-104171,2024-12-24,South,Georgia,SO-01,CUST-01096,Corporate,Home Goods,Furniture,3,135.0,0.2,4.99,Credit Card,Online,Completed
ORD-102408,2024-12-24,West,Oregon,WE-03,CUST-01424,Consumer,Electronics,Laptops,1,139.2,0.0,0.0,Debit Card,Online,Completed
ORD-104035,2024-12-24,North,Wisconsin,NO-04,CUST-00604,Corporate,Home Goods,Furniture,3,425.72,0.1,0.0,Credit Card,In-Store,Completed
ORD-105485,2024-12-24,West,California,WE-01,CUST-01509,Consumer,Electronics,Smartphones,4,468.37,0.2,12.99,Credit Card,Online,Completed
ORD-100518,2024-12-24,West,Washington,WE-05,CUST-01586,Home Office,Apparel,Men's Wear,5,46.86,0.0,0.0,Gift Card,In-Store,Completed
ORD-101348,2024-12-24,South,Georgia,SO-02,CUST-00069,Consumer,Electronics,Headphones,3,887.99,0.0,0.0,Debit Card,Online,Completed
ORD-105280,2024-12-24,North,North Dakota,NO-02,CUST-01350,Corporate,Apparel,Men's Wear,2,60.47,0.1,0.0,Debit Card,In-Store,Completed
ORD-103573,2024-12-24,Central,Missouri,CE-03,CUST-01460,Consumer,Apparel,Kids' Wear,3,63.22,0.15,0.0,Gift Card,In-Store,Completed
ORD-101584,2024-12-24,East,New York,EA-05,CUST-00425,Corporate,Books,Comics,5,21.52,0.1,0.0,Credit Card,In-Store,Completed
ORD-101074,2024-12-24,East,New York,EA-01,CUST-01068,Corporate,Home Goods,Furniture,2,298.47,0.05,0.0,PayPal,In-Store,Completed
ORD-101011,2024-12-24,East,New York,EA-04,CUST-01212,Home Office,Electronics,Laptops,4,211.39,0.0,4.99,Debit Card,Online,Returned
ORD-104759,2024-12-24,East,New Jersey,EA-02,CUST-00972,Consumer,Beauty & Health,Wellness,2,31.61,0.1,0.0,Debit Card,In-Store,Completed
ORD-105933,2024-12-24,West,Washington,WE-05,CUST-00961,Corporate,Home Goods,Storage,2,366.21,0.25,0.0,Credit Card,In-Store,Completed
ORD-104404,2024-12-24,North,North Dakota,NO-03,CUST-00286,Consumer,Home Goods,Kitchenware,5,175.3,0.0,0.0,PayPal,Online,Returned
ORD-103924,2024-12-25,North,North Dakota,NO-03,CUST-00858,Consumer,Books,Non-Fiction,2,8.75,0.15,0.0,Credit Card,Online,Completed
ORD-105365,2024-12-25,Central,Ohio,CE-01,CUST-00219,Corporate,Apparel,Footwear,3,104.11,0.2,4.99,Debit Card,Online,Completed
ORD-101088,2024-12-25,Central,Missouri,CE-03,CUST-00269,Consumer,Electronics,Cameras,4,549.58,0.05,0.0,PayPal,In-Store,Completed
ORD-100705,2024-12-25,West,California,WE-03,CUST-00869,Corporate,Electronics,Smartphones,4,298.78,0.0,0.0,Credit Card,In-Store,Completed
ORD-103431,2024-12-25,East,New York,EA-05,CUST-00840,Consumer,Books,Children's,1,8.84,0.0,0.0,Debit Card,In-Store,Completed
ORD-103714,2024-12-25,West,Washington,WE-02,CUST-00784,Corporate,Electronics,Smartphones,2,173.41,0.05,7.99,Credit Card,Online,Completed
ORD-100390,2024-12-25,North,Minnesota,NO-04,CUST-00363,Consumer,Apparel,Accessories,7,42.07,0.05,0.0,Debit Card,Online,Completed
ORD-100261,2024-12-25,Central,Missouri,CE-02,CUST-00158,Consumer,Sporting Goods,Team Sports,3,114.78,0.0,7.99,Credit Card,Online,Completed
ORD-101889,2024-12-26,West,Washington,WE-03,CUST-00747,Consumer,Apparel,Accessories,3,56.78,0.0,7.99,Gift Card,Online,Completed
ORD-101638,2024-12-26,East,New Jersey,EA-05,CUST-00970,Consumer,Apparel,Men's Wear,4,150.0,0.05,0.0,Credit Card,In-Store,Completed
ORD-101591,2024-12-26,South,Florida,SO-04,CUST-01233,Consumer,Home Goods,Kitchenware,2,503.67,0.0,0.0,Credit Card,In-Store,Completed
ORD-104765,2024-12-26,Central,Missouri,CE-02,CUST-01470,Consumer,Apparel,Men's Wear,5,39.98,0.1,0.0,Gift Card,In-Store,Completed
ORD-102736,2024-12-26,East,New York,EA-04,CUST-01716,Consumer,Apparel,Women's Wear,4,80.05,0.0,0.0,Gift Card,In-Store,Completed
ORD-105743,2024-12-26,East,New Jersey,EA-04,CUST-01402,Consumer,Books,Children's,4,26.84,0.0,0.0,Credit Card,In-Store,Completed
ORD-104059,2024-12-26,Central,Illinois,CE-02,CUST-00411,Home Office,Apparel,Footwear,5,114.03,0.05,0.0,Credit Card,In-Store,Completed
ORD-101664,2024-12-26,South,Florida,SO-02,CUST-01144,Corporate,Beauty & Health,Haircare,2,57.26,0.0,0.0,PayPal,In-Store,Completed
ORD-104471,2024-12-26,Central,Illinois,CE-01,CUST-00325,Consumer,Apparel,Kids' Wear,4,32.78,0.0,4.99,Credit Card,Online,Completed
ORD-104438,2024-12-26,South,Georgia,SO-03,CUST-00668,Consumer,Apparel,Women's Wear,1,105.18,0.0,0.0,Credit Card,In-Store,Completed
ORD-102314,2024-12-27,South,Texas,SO-04,CUST-00617,Home Office,Sporting Goods,Cycling,5,322.92,0.0,0.0,Credit Card,In-Store,Completed
ORD-102836,2024-12-27,West,Oregon,WE-04,CUST-01321,Corporate,Home Goods,Decor,3,202.56,0.0,0.0,Debit Card,Online,Completed
ORD-104033,2024-12-27,South,Georgia,SO-03,CUST-01142,Consumer,Electronics,Smartphones,6,309.53,0.0,0.0,Debit Card,In-Store,Completed
ORD-102460,2024-12-27,Central,Ohio,CE-04,CUST-00743,Consumer,Sporting Goods,Team Sports,4,166.97,0.15,0.0,PayPal,In-Store,Completed
ORD-100475,2024-12-27,Central,Missouri,CE-05,CUST-00664,Consumer,Home Goods,Bedding,2,644.35,0.05,7.99,PayPal,Online,Completed
ORD-105351,2024-12-28,North,Minnesota,NO-02,CUST-00636,Corporate,Sporting Goods,Team Sports,6,92.56,0.0,0.0,Debit Card,In-Store,Completed
ORD-102789,2024-12-28,Central,Illinois,CE-04,CUST-01482,Corporate,Electronics,Laptops,3,251.86,0.0,7.99,Debit Card,Online,Completed
ORD-101715,2024-12-28,South,Georgia,SO-05,CUST-01169,Consumer,Electronics,Headphones,3,278.93,0.15,4.99,Debit Card,Online,Completed
ORD-102243,2024-12-28,South,Florida,SO-04,CUST-00207,Consumer,Apparel,Men's Wear,4,30.39,0.0,0.0,Gift Card,In-Store,Completed
ORD-104743,2024-12-28,South,Texas,SO-05,CUST-00657,Consumer,Electronics,Smart Home,2,238.25,0.0,4.99,Credit Card,Online,Completed
ORD-104175,2024-12-28,Central,Missouri,CE-02,CUST-00459,Consumer,Sporting Goods,Cycling,3,148.01,0.05,0.0,Cash,In-Store,Returned
ORD-101104,2024-12-28,West,Washington,WE-05,CUST-00550,Consumer,Electronics,Smartphones,6,755.46,0.0,0.0,Credit Card,In-Store,Completed
ORD-101616,2024-12-28,South,Texas,SO-03,CUST-01726,Consumer,Electronics,Headphones,4,157.2,0.1,12.99,Debit Card,Online,Completed
ORD-105830,2024-12-29,West,Oregon,WE-05,CUST-00194,Corporate,Home Goods,Storage,2,296.53,0.0,0.0,Credit Card,Online,Completed
ORD-101333,2024-12-29,Central,Ohio,CE-03,CUST-01316,Consumer,Home Goods,Furniture,1,303.96,0.05,0.0,PayPal,Online,Completed
ORD-101912,2024-12-29,East,New Jersey,EA-01,CUST-01108,Consumer,Sporting Goods,Team Sports,4,193.0,0.1,0.0,PayPal,Online,Completed
ORD-101727,2024-12-29,South,Florida,SO-04,CUST-01346,Consumer,Beauty & Health,Makeup,3,50.75,0.1,4.99,Credit Card,Online,Completed
ORD-103443,2024-12-29,Central,Ohio,CE-03,CUST-01460,Corporate,Home Goods,Furniture,2,250.4,0.2,0.0,Credit Card,Online,Completed
ORD-104559,2024-12-29,North,Minnesota,NO-02,CUST-01599,Consumer,Apparel,Women's Wear,2,47.7,0.15,7.99,PayPal,Online,Completed
ORD-105883,2024-12-29,Central,Ohio,CE-01,CUST-01188,Home Office,Beauty & Health,Skincare,2,20.56,0.0,0.0,Gift Card,In-Store,Completed
ORD-100847,2024-12-29,East,New Jersey,EA-01,CUST-01725,Home Office,Apparel,Kids' Wear,2,55.58,0.0,0.0,PayPal,Online,Completed
ORD-103301,2024-12-29,East,New York,EA-02,CUST-01643,Consumer,Electronics,Smartphones,6,318.12,0.2,4.99,Credit Card,Online,Returned
ORD-100532,2024-12-29,Central,Illinois,CE-02,CUST-01245,Home Office,Sporting Goods,Team Sports,4,203.27,0.0,0.0,Credit Card,In-Store,Completed
ORD-104462,2024-12-29,Central,Missouri,CE-04,CUST-01759,Consumer,Electronics,Smart Home,7,539.44,0.0,0.0,Cash,In-Store,Completed
ORD-101209,2024-12-29,South,Texas,SO-05,CUST-00259,Consumer,Home Goods,Kitchenware,4,139.27,0.0,0.0,Credit Card,In-Store,Completed
ORD-104717,2024-12-29,West,California,WE-01,CUST-01372,Consumer,Home Goods,Decor,5,195.54,0.0,0.0,Credit Card,In-Store,Completed
ORD-103395,2024-12-29,Central,Ohio,CE-03,CUST-01640,Consumer,Apparel,Footwear,3,58.72,0.05,0.0,PayPal,In-Store,Completed
ORD-103502,2024-12-29,South,Florida,SO-01,CUST-00317,Consumer,Home Goods,Furniture,3,289.85,0.25,7.99,Debit Card,Online,Completed
ORD-105561,2024-12-30,North,Wisconsin,NO-02,CUST-01292,Corporate,Books,Comics,3,21.47,0.0,7.99,Gift Card,Online,Completed
ORD-104256,2024-12-30,North,Wisconsin,NO-03,CUST-01696,Consumer,Apparel,Kids' Wear,4,71.21,0.0,4.99,Credit Card,Online,Completed
ORD-103407,2024-12-30,West,Oregon,WE-05,CUST-01738,Home Office,Electronics,Cameras,1,744.46,0.0,0.0,Debit Card,In-Store,Completed
ORD-101954,2024-12-30,East,New Jersey,EA-04,CUST-01550,Consumer,Apparel,Accessories,2,30.1,0.0,0.0,Debit Card,In-Store,Completed
ORD-101054,2024-12-30,Central,Missouri,CE-03,CUST-01741,Corporate,Beauty & Health,Makeup,3,15.45,0.0,0.0,PayPal,In-Store,Completed
ORD-102529,2024-12-30,West,Oregon,WE-01,CUST-00780,Corporate,Apparel,Kids' Wear,2,53.26,0.0,0.0,Cash,In-Store,Completed
ORD-103402,2024-12-31,West,California,WE-05,CUST-01277,Consumer,Beauty & Health,Wellness,6,43.76,0.0,4.99,Credit Card,Online,Completed
ORD-101464,2024-12-31,Central,Ohio,CE-05,CUST-00174,Corporate,Electronics,Smart Home,2,234.64,0.1,0.0,Credit Card,Online,Completed
ORD-105788,2024-12-31,East,New York,EA-01,CUST-01776,Home Office,Home Goods,Storage,4,292.02,0.0,4.99,PayPal,Online,Cancelled
ORD-105323,2024-12-31,East,Massachusetts,EA-01,CUST-01138,Consumer,Home Goods,Bedding,3,255.47,0.0,0.0,PayPal,In-Store,Completed
ORD-103649,2024-12-31,West,Washington,WE-04,CUST-01532,Consumer,Home Goods,Furniture,5,232.38,0.1,0.0,Credit Card,In-Store,Completed
ORD-100531,2024-12-31,South,Florida,SO-03,CUST-01645,Consumer,Books,Comics,2,22.87,0.2,4.99,Debit Card,Online,Completed
